17 Postenkm09;Schrankenposten
Betonbruecke 44m;Straßenbrücke
Driburg-16-8;Einfamilienhaus,DachRot,FassadeWeiss
DriburgAthen;Stadthaus,FassadeZiegel
DriburgDreizehnlindenKlinik;Hochhaus
DriburgEG;Empfangsgebäude
DriburgEmmerich-Haus;Industrie
DriburgEmmerich-Schuppen;Industrie,Tanklager
DriburgGueterschuppen;Güterschuppen
DriburgHaus09a;Stadthaus,Mehrfamilienhaus,DachRot,FassadeBeige
DriburgHaus09b;Mehrfamilienhaus,DachRot,FassadeWeiss
DriburgHaus09c;Einfamilienhaus,DachRot,FassadeWeiss
DriburgHaus16a;Mehrfamilienhaus,DachBraun,FassadeWeiss
DriburgHaus16b;Zweifamilienhaus,DachBraun,FassadeWeiss,Doppelhaus
DriburgHaus16c;Mehrfamilienhaus,DachSchwarz,FassadeWeiss
DriburgHausnebenAthen;Mehrfamilienhaus,DachGrau,FassadeWeiss
DriburgHinterTeutohof;Hochhaus,Büro
DriburgHoeltring;Industrie
DriburgLagerhaus;Industrie
DriburgNebenEG;Empfangsgebäude
DriburgPrott;Industrie
DriburgSaabel;Industrie
DriburgStellwerkDo;Stellwerk
DriburgStellwerkDwf;Stellwerk
DriburgTeutoburgerHof;Hotel
DriburgVerkehrsamt;Pavillon
DriburgVerwaltung;Büro
DriburgWerkstatt;Industrie,Bahnmeisterei,Bahnbude,Werkstatt
Driburg Haus1;Einfamilienhaus,DachRot,FassadeWeiss
Driburg Haus2;Mehrfamilienhaus,DachRot,FassadeWeiss
Driburg Haus3;Einfamilienhaus,DachGrau,FassadeWeiss
Driburg Haus4;Einfamilienhaus,DachRot,FassadeBeige
Driburg Haus5;Mehrfamilienhaus,DachSchwarz,FassadeGelb
Driburg Haus6;Mehrfamilienhaus,FassadeZiegel,MitBalkon,DachSchwarz,FassadeRot
Driburg Haus7;Mehrfamilienhaus,DachSchwarz,FassadeWeiss
FAamGs;Zugfunk
Luecking;Industrie
Menke;Industrie
Schalt-Bahnfunk;Schalthaus
03-Schuppen;Schuppen,Stall,DachRot,FassadeHolz
07-Schuppen;Stall,Schuppen,FassadeHolz
08-Schuppen;Stall,Schuppen,DachRot,FassadeHolz
09-Schuppen;Schuppen,Scheune,FassadeHolz
10-Schuppen;Schuppen,Scheune,FassadeHolz
BK Erpentrup;Stellwerk
Bruchbude;Industrie,FassadeZiegel
BrueckeLo;Brücke
Durchlass06;Durchlass
FA-Langeland;Zugfunk
Haus 2448;Einfamilienhaus,Garten,DachSchwarz,FassadeWeiss
Haus 2462;Mehrfamilienhaus,Gewerbe,Stadthaus,DachRot,FassadeGrau
Haus 2478;Einfamilienhaus,FassadeGrau,DachBraun
LangelandStwLo;Stellwerk
LangelandStwLwf;Stellwerk
Nische 5m;Tunnel,Tunnelnische
ReelsenDurchlass;Durchlass
ReelsenEG;Empfangsgebäude,Schuppen
ReelsenHaus10;Garage,DachRot,FassadeWeiss
ReelsenHausSommer;Zweifamilienhaus,FassadeGelb
ReelsenKirche;Kirche
ReelsenTunnelNord;Tunnel
ReelsenTunnelSued;Tunnel
RehbergtunnelOst;Tunnel
17 durchlass;Durchlass
Alt-Bek-GHZ-2020;Mehrfamilienhaus,Gewerbe,Stadthaus,Reihenhaus,FassadeGrau,DachRot
Alt-Bek-GHZ-2021;Mehrfamilienhaus,Gewerbe,Stadthaus,Reihenhaus,DachRot,FassadeGrau
Alt-Bek-GHZ-202120;Mehrfamilienhaus,Gewerbe,Stadthaus,Reihenhaus,DachRot,FassadeGrau
Alt-Bek-GHZ-2120;Gewerbe,Mehrfamilienhaus,DachRot,FassadeGrau
Alt-Bek-Haus1-1;Zweifamilienhaus,Büro,DachRot,FassadeGrau
Alt-Bek-Haus10-6;Mehrfamilienhaus,DachRot,FassadeRot
Alt-Bek-Haus2-1;Zweifamilienhaus,DachRot,FassadeGrau
Alt-Bek-Haus2-2;Zweifamilienhaus,DachRot
Alt-Bek-Haus20-1;Gewerbe,Mehrfamilienhaus,DachRot
Alt-Bek-Haus21-1;Gewerbe,Mehrfamilienhaus,Reihenhaus,Stadthaus
Alt-Bek-Haus26-6;Einfamilienhaus,MitGarage,DachBraun,FassadeRot
Alt-Bek-Haus3-1;Einfamilienhaus,DachRot,FassadeGrau,FassadeWeiss
Alt-Bek-Haus4-1;Einfamilienhaus,DachRot,FassadeGrau,FassadeWeiss
Alt-Bek-Haus5-1;Mehrfamilienhaus,Gewerbe,Stadthaus,DachRot,FassadeGrau
Alt-Bek-Haus6-1;Einfamilienhaus,DachRot,FassadeGrau,FassadeWeiss
Alt-Bek-Haus7-1;Zweifamilienhaus,Gewerbe,DachRot,FassadeGrau,Stadthaus
Alt-Bek-Haus8-1;DachRot,FassadeGrau,Zweifamilienhaus
Altbek-EckSchu;Lokschuppen
Altbek-Muehle;Industrie,Mühle
Altbek-Sand;Betriebswerk,Industrie
Altbk-Abgang22-23;Bahnsteig,Treppe
AltenbekenBudeAbzwNord;Bahnbude
Altenbekenuebernacht;Fachwerk,Gewerbe,DachGrau
BW-Baracke;Bahnbude,Schuppen,FassadeGelb
Bruecke 1;Brücke
Bruecke 2;Brücke
Bruecke 3;Straßenbrücke
BudeAmAbzwSued;Bahnbude,Schuppen,Fernsprecher,FassadeZiegel
BwGebaeude;Bahnbude,Schuppen,FassadeGrün
DS-Altbek;Drehscheibe
Eg-Altbk;Empfangsgebäude
FA-Altbek;Zugfunk
Gl-Drei-H62+H63;Einfamilienhaus,MitGarage,Garten
Gl-Drei-Haus01;Zweifamilienhaus,Garten,MitGarage
Gl-Drei-Haus03;Einfamilienhaus,Garten,MitGarage,DachRot,FassadeGrau
Gl-Drei-Haus04;Einfamilienhaus,Garten,MitGarage,DachSchwarz,FassadeGrau
Gl-Drei-Haus06;Einfamilienhaus,Garten,MitGarage,DachRot,FassadeGrau
Gl-Drei-Haus08;Einfamilienhaus,DachRot,FassadeGrau
Gl-Drei-Haus09;Einfamilienhaus,Garten,MitGarage,DachRot,FassadeWeiss,MitBalkon
Gl-Drei-Haus2;Einfamilienhaus,Garten,FassadeGrau,DachGrau,MitBalkon
Gl-Drei-Haus21;Einfamilienhaus,MitGarage,FassadeGelb,DachBraun
Gl-Drei-Haus22;Zweifamilienhaus,Doppelhaus,DachRot,FassadeGrau
Gl-Drei-Haus23;Einfamilienhaus,DachRot,FassadeGrau
Gl-Drei-Haus24;Einfamilienhaus,Doppelhaus,MitGarage,DachRot,DachBraun,FassadeGrau
Gl-Drei-Haus41;Zweifamilienhaus,Garten,DachBraun,FassadeGrau
Gl-Drei-Haus42;Zweifamilienhaus,MitBalkon,Garten,DachGrau,FassadeGrau
Gl-Drei-Haus43;Einfamilienhaus,DachRot,FassadeZiegel
Gl-Drei-Haus61;Doppelhaus,FassadeGelb,DachBraun,DachRot,Gewerbe
Gl-Drei-Haus62;Einfamilienhaus,Doppelhaus,Garten,DachBraun,FassadeGrau
Gl-Drei-Haus63;Einfamilienhaus,MitGarage,DachBraun,FassadeBeige
Gl-Drei-Haus64;Einfamilienhaus,DachSchwarz,FassadeGrau
Gueterschuppen;Güterschuppen
HausBollerborn;Hochhaus,Stadthaus,MitGarage
HausBollerborn02;Einfamilienhaus,MitGarage,DachRot,FassadeBeige
HausBollerborn03;Einfamilienhaus,MitGarage,DachRot,FassadeBeige
HausBollerborn04;Einfamilienhaus,FassadeWeiss,DachRot
HausBollerborn05;Einfamilienhaus,MitGarage,DachRot,FassadeBeige,Walmdach
HausBollerborn06;Einfamilienhaus,DachRot,FassadeWeiss,MitGarage
Haus 102;Einfamilienhaus,DachGrau,Garten,FassadeGrau
Haus 103 Muehle;Zweifamilienhaus,DachSchwarz,FassadeGelb,Garten
Haus 104;Einfamilienhaus,FassadeVerziert,DachGrau,FassadeWeiss
Haus 105 amHotel;Einfamilienhaus,DachSchwarz,MitGarage,FassadeGelb
Haus 106 Muehle;Einfamilienhaus,Bungalow,Garten,FassadeWeiss,DachGrau,Walmdach
Haus 107 Muehle;Einfamilienhaus,Garten,FassadeWeiss,DachGrau
Haus neben EG;FassadeZiegel,FassadeBeige,DachGrau,Büro
Hotel 108 amEG;Hotel,FassadeZiegel,DachRot,Fachwerk,FassadeVerziert
Kirche 108;Kirche
Personalraeume;FassadeZiegel,Gewerbe,DachSchwarz,Betriebswerk
R-Lok-Schu;Lokschuppen
RehbergtunnelWest;Tunnel
Schalthaus Gleis21;Schalthaus,Bahnbude,Industrie
Stellwerk Af;Stellwerk
durchlass2;Durchlass
durchlass3;Durchlass
durchlass4;Durchlass
durchlass5;Durchlass
durchlass6;Durchlass
durchlass7;Durchlass
durchlass8;Durchlass
durchlass9;Durchlass
durchlass bwzufahrt a;Durchlass
durchlass bwzufahrt b;Durchlass
gleis1;Schild,Gleis1,Bahnsteig
gleis2;Schild,Bahnsteig,Gleis2
gleis21;Schild,Bahnsteig,Gleis21
gleis22;Schild,Bahnsteig,Gleis22
gleis23;Schild,Bahnsteig,Gleis23
gleis31;Schild,Bahnsteig,Gleis31
gleis32;Schild,Bahnsteig,Gleis32
gleis33;Schild,Bahnsteig,Gleis33
gleis34;Schild,Bahnsteig,Gleis34
prellb31;Schild,Gleis31
prellb32;Schild,Gleis32
prellb33;Schild,Gleis33
prellb34;Schild,Gleis34
rangiererbude af;Bahnbude,Schuppen,Industrie
schild gaststaette;Schild,Gaststätte
viadukt;Viadukt
B Hof km 115 936;Bauernhof,FassadeZiegel,DachSchwarz
Benhausen 01;Kirche
Fussballplatz;Sport,Fußball
Haus km 122 220;Mehrfamilienhaus,Büro,FassadeGrau,DachGrau
Kulissen Haus 1;Kulisse,Einfamilienhaus,DachRot,FassadeWeiss
Kulissen Haus 11;Kulisse,Einfamilienhaus,DachBraun,FassadeBeige
Kulissen Haus 12;Kulisse,Einfamilienhaus,DachBraun,FassadeBeige
Kulissen Haus 13;Kulisse,Einfamilienhaus,DachBraun,FassadeGrau
Kulissen Haus 14;Kulisse,Einfamilienhaus,DachBraun,FassadeRot
Kulissen Haus 2;Kulisse,Einfamilienhaus,DachRot,FassadeGrau
Kulissen Haus 3;Kulisse,Einfamilienhaus,DachRot,FassadeGrau
Kulissen Haus 4;Kulisse,DachRot,FassadeZiegel,Einfamilienhaus
01 01 Guterabfert a;Gewerbe,Büro,FassadeZiegel,DachRot,Industrie,DachBraun
01 01a LSchuppen;Industrie,Spedition
01 02 NG Gueter;Industrie,Spedition,Büro
01 03 Wh G Haus;Stadthaus,Reihenhaus,Gewerbe,DachRot,DachSchwarz,FassadeGrau
01 04 rosa Gebaeude;Büro,Bahnmeisterei,FassadeZiegel,Industrie
01 05 Stw Pf;Stellwerk
01 06 Benteler;Büro,Industrie
01 07 WHaus;DachRot,MitGarage,Zweifamilienhaus
01 08 Europcar;Industrie,MitParkplatz
01 09 Antik;Industrie
01 10 WHaus;Mehrfamilienhaus,Stadthaus,FassadeRot,DachBraun
02 01 Mat Lager;Industrie,Lagerplatz
02 02 WaAufbereit;Industrie,Kran
02 03 Back Fabrik;Industrie,FassadeZiegel
02 04 Tanklager;Industrie,Tanklager
02 05 F Hallen;Industrie,FassadeZiegel
02 06 Prod Halle;Industrie
02 07 Benteler NG 1;Industrie,Büro,FassadeZiegel
02 08 Benteler NG 2;Industrie,Werkstatt
02 08 Benteler NG 2b;Industrie,Werkstatt
03 01 HBF EG;Empfangsgebäude
03 03 Bstg 2 3 Dach 1;Bahnsteig,Bahnsteigdach
03 03 Bstg 2 3 Nieder;Bahnsteig
03 03 Bstg 2 3 Stuetze 1;Bahnsteig,Bahnsteigdach
03 03 Bstg 2 3 Stuetze 2;Bahnsteig,Bahnsteigdach
03 03 Bstg 2 3 Teil 1;Bahnsteig,Bahnsteigdach
03 03 Bstg 2 3 Teil 2;Bahnsteig,Bahnsteigdach
03 03 Bstg 4 5 Dach 1;Bahnsteig,Bahnsteigdach
03 03 Bstg 4 5 Stuetze 1;Bahnsteig,Bahnsteigdach
03 03 Bstg 4 5 Teil 1;Bahnsteig,Bahnsteigdach
03 03 Bstg 4 5 Teil 2;Bahnsteig,Bahnsteigdach
03 05 Geraetehaus;Trafostation,FassadeWaschbeton
03 06 Unterstand;Bahnsteig,Bushaltestelle
03 07 Funksender;Amateurfunk
03 08 Gebaeude Kruse;Industrie,Büro
03 09 Geschaeftshaus;Büro,Mehrfamilienhaus,FassadeWeiss,DachRot
03 10 Finanzamt;Büro,Hochhaus
03 11 Kreisverwaltung;Büro,Hochhaus
03 12 Arbeitsamt;Büro,Hochhaus,Arbeitsagentur
03 13 GHaus;Büro,Stadthaus
03 14 Medien;Büro,Stadthaus,Mehrfamilienhaus
03 16 Trafohaus;Aufzug
03 17 WHaus;Mehrfamilienhaus,FassadeZiegel,DachBraun,MitParkplatz
03 18 AutoKleine;Industrie,Autohaus
03 20 WHaus;Mehrfamilienhaus,Stadthaus,DachBraun,FassadeBeige
04 02 Kirche;Kirche
04 03 DBank;Gewerbe,Büro,Stadthaus
04 04 WHaus;Gewerbe,Mehrfamilienhaus,Stadthaus,FassadeBeige
04 05 WHaus;Gewerbe,Reihenhaus,Eckhaus,Mehrfamilienhaus,FassadeBeige,DachBraun
04 08 GHaus;Gewerbe,Stadthaus,Mehrfamilienhaus,FassadeBeige,DachRot
04 09 WHaus;Stadthaus,Mehrfamilienhaus
04 10 WHaus;Industrie,Gewerbe,Mehrfamilienhaus,Stadthaus
04 11 WHaus;Stadthaus,Mehrfamilienhaus
04 11a WHaus;Mehrfamilienhaus,FassadeGrau,Stadthaus,DachRot,MitGarage
04 12 Garage 1tlg;Garage
04 12 Garage 4tlg;Garage
04 13 WGHaus;Gewerbe,Mehrfamilienhaus,Stadthaus,DachBraun,FassadeBeige
04 13 WGHaus b;Stadthaus,Mehrfamilienhaus,Reihenhaus,Gewerbe,DachBraun,FassadeBeige
04 14 GHaus b;Gewerbe,MitParkplatz
04 14 WHaus;Stadthaus,Mehrfamilienhaus,DachRot,Walmdach
04 15 WHaus Eckstr;Stadthaus,Mehrfamilienhaus,DachBraun,FassadeBeige
04 15 WHaus Leo;Stadthaus,Mehrfamilienhaus,FassadeZiegel,MitGarage
04 17 Wh Leo71 d;Reihenhaus,Zweifamilienhaus,DachRot,FassadeGrau
04 17 Wh Leo71 e;Stadthaus,Reihenhaus,DachRot,FassadeGrau
04 17 Wh Leo73 c;Reihenhaus,Stadthaus,Gewerbe,DachBraun,FassadeWeiss
04 17 Wh Leo75 b;Gewerbe,FassadeZiegel,DachBraun
04 17 Wh Leo77 a;Mehrfamilienhaus,Stadthaus,FassadeGelb,FassadeVerziert,DachBraun
04 18 Gara Hof;Garage
04 20 Capitol;Stadthaus,Hochhaus,Gewerbe
04 21 Bue Schalthaus;Schalthaus
04 22 Kiosk;Kiosk,Gewerbe
04 23 Trafohaus;Trafostation
04 24 WHaus a;Stadthaus,Reihenhaus,Mehrfamilienhaus,DachRot,FassadeGrau
04 24 WHaus b;Stadthaus,Mehrfamilienhaus,Reihenhaus,DachBraun,FassadeGrau
04 25 WHaus;Stadthaus,Mehrfamilienhaus,Hochhaus,FassadeBeige
04 26 WHaus;Mehrfamilienhaus,FassadeGrau,DachRot
04 27 WHaus;Mehrfamilienhaus,Stadthaus,Reihenhaus
04 28 WHaus;Stadthaus,Hochhaus,Reihenhaus,FassadeGrau
04 29 WHaus;Stadthaus,Reihenhaus,Mehrfamilienhaus
04 30 WHaus;Stadthaus,Mehrfamilienhaus,Gewerbe,DachBraun
04 31 WHaus 45;Gewerbe,Mehrfamilienhaus,Reihenhaus,DachBraun
04 31 WHaus 47;Mehrfamilienhaus,Reihenhaus,Eckhaus,DachRot,FassadeGrau
04 32 WHaus Leo 69;Reihenhaus,Stadthaus,Mehrfamilienhaus,DachSchwarz,FassadeSchwarz
04 32 WHaus Leo 71;Mehrfamilienhaus,Reihenhaus,Eckhaus,Stadthaus,DachSchwarz,FassadeGrau
04 33 WHaus Leo 65;Mehrfamilienhaus,Reihenhaus,Stadthaus,DachGrau,FassadeGrau
04 34 WHaus Leo 59;Zweifamilienhaus,Reihenhaus,FassadeBeige,DachBraun
04 34 WHaus Leo 61;Zweifamilienhaus,DachBraun,FassadeBeige
04 35 Whaus Leo 51;Mehrfamilienhaus,Stadthaus,DachRot
04 35 Whaus Leo 53;Mehrfamilienhaus,DachBraun,FassadeGrau,MitBalkon
04 35 Whaus Leo 55;Mehrfamilienhaus,DachBraun,FassadeBraun,MitBalkon
04 35 Whaus Leo 57;Mehrfamilienhaus,DachBraun,FassadeGrau
04 50 WH Franz 1 3;Mehrfamilienhaus,Stadthaus,Reihenhaus
04 51 WH Franz 4 6;Mehrfamilienhaus,Reihenhaus,Stadthaus
04 52 WH Franz 7 9;Mehrfamilienhaus,Stadthaus,Reihenhaus,DachRot,FassadeGrau
05 02 Wh Hp Kasseler Tor;Stadthaus,Eckhaus,FassadeBraun,DachBraun
05 03 WHaus;Mehrfamilienhaus,DachBraun,FassadeBeige
05 04 WHaus;Mehrfamilienhaus,DachBraun,FassadeWeiss
05 05 WHaus;Zweifamilienhaus,MitGarage,DachBraun,FassadeGrau
05 06 Mutterhaus;Schloss,Kloster
05 07 LWL Verwaltung;Schloss,Büro
05 08 LWL Schule;Schule,Büro,Hochhaus,Stadthaus
06 01 WGHaus;Gewerbe,Mehrfamilienhaus,Stadthaus,Hochhaus
06 02 WHaus;Stadthaus,Mehrfamilienhaus,Reihenhaus,DachBraun,FassadeBeige
06 03 WHaus;Mehrfamilienhaus,Stadthaus,Reihenhaus,FassadeBlau,DachSchwarz
06 04 Bus PP;Parkplatz
06 04 Kapelle;Kapelle
06 04 P Platz;Parkplatz
06 04 WHaus;Reihenhaus,Stadthaus,Mehrfamilienhaus,DachSchwarz
06 05 WHaus;Gewerbe,Mehrfamilienhaus,Hochhaus,Flachdach
06 06 WHaus;Reihenhaus,Stadthaus,Mehrfamilienhaus,DachBraun,FassadeGrau
06 07 WHaus;Reihenhaus,Eckhaus,Stadthaus,Mehrfamilienhaus,FassadeGrau,DachBraun
06 08 Konvikt;Kloster,Schule
06 09 FH beige;Stadthaus,Büro,Schule,Kloster
06 09 FH rot;Schule,Kloster
06 10 WHaus Leostr 11;Zweifamilienhaus,Reihenhaus,Stadthaus,DachRot,FassadeOrange
06 10 WHaus Leostr 13;Mehrfamilienhaus,Stadthaus,DachRot,FassadeBeige,Reihenhaus,DachBraun
06 10 WHaus Leostr 15;Mehrfamilienhaus,Stadthaus,DachBraun,FassadeBeige,Walmdach
06 10 WHaus Leostr 5;Mehrfamilienhaus,Stadthaus,DachBraun,FassadeBeige
06 10 WHaus Leostr 7;Mehrfamilienhaus,Stadthaus,Reihenhaus,DachBraun,FassadeBeige
06 10 WHaus Leostr 9;Mehrfamilienhaus,DachBraun,FassadeBraun,Reihenhaus,Stadthaus
06 17 WGHaus;Gewerbe,Mehrfamilienhaus,DachRot,FassadeGrau
06 21 18 WHaeuser;Mehrfamilienhaus,Stadthaus,DachSchwarz,Reihenhaus,FassadeWeiss
06 33 Gymnasium;Schule,Kloster
06 34 WHaus;Mehrfamilienhaus,Hochhaus,Stadthaus
06 35 WHaus;Mehrfamilienhaus,Hochhaus,Stadthaus
06 36 WHaus;Mehrfamilienhaus,DachBraun,FassadeGrau,Reihenhaus,Stadthaus
06 37 WHaus;Mehrfamilienhaus,Reihenhaus,Stadthaus,DachBraun,FassadeGrau
06 38 WHaus;Mehrfamilienhaus,Stadthaus,MitGarage,DachBraun,FassadeBraun
06 39 WHaus;Einfamilienhaus,MitGarage,Garten,DachBraun,FassadeOrange
06 40 WHaus;Mehrfamilienhaus,Stadthaus,DachSchwarz,FassadeBeige
06 WH 24 22;Mehrfamilienhaus,Stadthaus,Reihenhaus,Stadtmauer
06 WH 27 25;Mehrfamilienhaus,Stadthaus,Reihenhaus,FassadeBeige
06 WH 28 30;Mehrfamilienhaus,Stadthaus,Reihenhaus,FassadeBeige
07 01 Vetter Engel;Industrie
10 01 WHaus;Einfamilienhaus,FassadeGrau,DachBraun
10 02 Unterkunft;Kaserne,Schule,Kloster,Büro
10 02 Werkstatt;Kaserne,Garage
10 03 WHaus;Einfamilienhaus,FassadeGrau,DachBraun,MitGarage
10 05 WHaus 1;Reihenhaus,Stadthaus,FassadeBeige,DachRot,DachBraun,Mehrfamilienhaus,Doppelhaus
10 05 WHaus 3;Mehrfamilienhaus,Stadthaus,FassadeBeige,Flachdach
10 05 WHaus 5;Mehrfamilienhaus,DachBraun,FassadeBeige
Bstg Blende 700;Bahnsteig,Bahnsteigdach
Bstg Blende 730;Bahnsteig,Bahnsteigdach
B-Hof-Stallung-1;Bauernhof,DachBraun,FassadeStein
B-Hof-Stallung-2;Bauernhof,FassadeStein
B-Hof-Stallung-3;Bauernhof,FassadeZiegel
B-Hof-Stallung-4;Bauernhof,DachRot,FassadeZiegel
Bauernhof-1;Bauernhof,DachRot,FassadeZiegel
Bauernhof-2;Bauernhof,DachRot,FassadeZiegel
Bauernhof-3-2;Bauernhof,FassadeWeiss,DachRot
Bauernhof-3-3;Bauernhof,FassadeStein,DachRot
Bauernhof-3;Bauernhof,FassadeZiegel,DachRot
Bauernhof-4;FassadeFachwerk,FassadeBraun,DachGrau,Bauernhof
Bauernhof-4 2;Bauernhof,FassadeFachwerk,FassadeBraun,DachGrau
Bauernhof-4 3;Bauernhof,FassadeGelb,FassadeFachwerk,DachGrau
Bauernhof-4 4;Bauernhof,FassadeFachwerk,FassadeGelb,DachGrau
Bauernhof-5-2;Bauernhof,DachBraun,FassadeStein
Bauernhof-5;Bauernhof,DachRot
Bauernhof-6;Bauernhof,DachRot
Bauernhof-7;Bauernhof,DachRot
Bue-Haus;Schrankenposten,FassadeGrau,DachBraun
Buke 01;Industrie
Buke 02;Empfangsgebäude
Buke 03 Gueterschuppen;Güterschuppen
Buke 06;Industrie,Solar,Photovoltaik
Buke 07;Industrie
Buke 08;Industrie
Buke 09;Industrie
Buke 10;Bauernhof,Scheune
Buke 11;Schuppen,FassadeStein,DachRot
Laderampe-Kopf;Laderampe,Kopframpe,Ladestraße
Laderampe;Laderampe,Ladestraße
Wh-2Etg-1-1;Mehrfamilienhaus,Reihenhaus,Stadthaus,DachBraun,FassadeBeige
Wh-2Etg-1-2;Mehrfamilienhaus,Reihenhaus,Stadthaus,FassadeBlau,DachBraun
Wh-2Etg-1-3;Mehrfamilienhaus,Reihenhaus,Stadthaus,FassadeBeige,DachBraun
Wh-2Etg-1-4;Mehrfamilienhaus,Reihenhaus,Stadthaus,FassadeBlau,DachBraun
Wh-2Etg-1-5;Mehrfamilienhaus,Reihenhaus,Stadthaus,FassadeBlau,DachBraun
Wh-2Etg-1-6;Mehrfamilienhaus,Reihenhaus,Stadthaus,FassadeZiegel,DachBraun
Wh-2Etg-2-6;Mehrfamilienhaus,Reihenhaus,Stadthaus,FassadeZiegel,DachBraun,MitBalkon
Wh-2Etg-3-1;Mehrfamilienhaus,FassadeBeige,DachBraun
Wh-2Etg-3-2;Mehrfamilienhaus,FassadeBlau,DachBraun
Wh-2Etg-3-3;Mehrfamilienhaus,FassadeBlau,DachBraun
Wh-2Etg-3-6;Mehrfamilienhaus,FassadeRot,DachBraun
Wh-2Etg-4-1;Mehrfamilienhaus,FassadeBeige,DachBraun
Wh-2Etg-4-2;Mehrfamilienhaus,FassadeGrau,DachBraun
Wh-2Etg-4-3;Mehrfamilienhaus,FassadeBlau,DachBraun
Wh-2Etg-4-4;Mehrfamilienhaus,FassadeBlau,DachBraun
Wh-2Etg-4-5;Mehrfamilienhaus,FassadeBlau,DachBraun,Reihenhaus,Stadthaus
Wh-2Etg-4-6;Mehrfamilienhaus,FassadeRot,DachBraun,Stadthaus,Reihenhaus
Zucht Geb 1;Bauernhof
Zucht Geb 2;Bauernhof
Neuenheerse04;Stellwerk
Schalthaus;Schalthaus
Signalbrk P1 P2;Signalausleger,Signalbrücke
Schu-Boerling;Schuppen,FassadeHolz,DachGrau
T Club Haus;Bungalow,Sport,Tennis,FassadeGelb,DachSchwarz
Tennisplatz;Sport,Tennis
Willebad 15;Industrie,FassadeZiegel,DachBraun
Willebad Viadukt;Brücke,Viadukt
Willebadessen10;Mehrfamilienhaus,DachRot,MitGarage,Doppelhaus
Willebadessen 02;Empfangsgebäude
Willebadessen 03;Schuppen
Willebadessen 04;Stellwerk
Willebadessen 05;Industrie,Schuppen,Halle,FassadeGrau,DachGrau
Willebadessen 08;Industrie
Willebadessen 09;Schuppen
Willebadessen 13;Fernsehturm,Typenturm,FMT16,FMT15,FMT14
Betonrohre-liegend;Ladegut,Baustelle
Betonrohre-stehend;Ladegut,Baustelle
Bonenburg08;Einfamilienhaus,FassadeWeiss,DachGrau
Bonenburg09;Industrie
Bonenburg09mitProdukten;Industrie
Bonenburg 01;Mehrfamilienhaus,FassadeWeiss,DachRot
Bonenburg 02 a;Industrie,Halle,DachRot
Bonenburg 02 b;Industrie,Halle,Rundhalle
Bonenburg 03;Stellwerk
Bonenburg 06;Industrie,FassadeVerwittert
Bonenburg 07;Mehrfamilienhaus,DachRot,FassadeWeiss,MitBalkon
Garagenzeile-4f;Garage
Kabelkanalsteine;Ladegut,Baustelle
Wh-1Etg-1-1;Einfamilienhaus,DachRot,FassadeBeige,MitGarage
Wh-1Etg-2-1;Einfamilienhaus,FassadeGelb,DachBraun,MitGarage
Wh-1Etg-3-1;Einfamilienhaus,FassadeGelb,DachBraun
Wh-1Etg-4-1;Einfamilienhaus,DachBraun,FassadeGelb
Wh-1Etg-5-1;Einfamilienhaus,FassadeGelb,DachRot
Wh-1Etg-6-1;Einfamilienhaus,DachRot,FassadeGelb,MitGarage
Wh-1Etg-7-1;Einfamilienhaus,FassadeGelb,DachBraun,MitGarage
Wh-1Etg-8-1;Zweifamilienhaus,FassadeBeige,DachBraun
Wh-1Etg-9-1;Einfamilienhaus,FassadeBeige,DachBraun
Fabrik 1;Industrie,Halle
Fabrik 2;Industrie,FassadeZiegel
Fabrik 3;Industrie
Fabrik 4;Industrie
Fabrik 5;Industrie
Fabrik 6;Industrie
Gara km143-77;Garage,Schuppen
Haus 1 km143-77;Zweifamilienhaus,FassadeBeige,DachBraun
Haus 2 km143-77;Mehrfamilienhaus,FassadeZiegel,DachSchwarz
Haus 3 km143-77;Einfamilienhaus,FassadeWeiss,DachBraun
Noerde Fabrik 1;Industrie,FassadeRot,Halle
Noerde Fabrik 2;Industrie
Warburg01-Abgang;Bahnsteig,Gleis3,Gleis4
Warburg01-EG;Empfangsgebäude
Warburg15;Industrie,Bahnmeisterei,FassadeZiegel
Warburg 03;Stellwerk,Schrankenposten,FassadeVerbrettert
Warburg 04 a;Industrie,Zuckerfabrik,Silo
Warburg 04 b;Industrie
Warburg 04 c;Industrie
Warburg 04 e;Industrie,Silo
Warburg 07;Empfangsgebäude,FassadeZiegel,DachGrau
Warburg 08;Industrie,Bahnmeisterei,FassadeBeige,DachBraun
Warburg 09 W02;Schuppen,Garage
Warburg 09 W03;Schuppen,Industrie,FassadeZiegel,FassadeFachwerk
Warburg 09 W04;Industrie,Betriebswerk
Warburg 10;Güterschuppen,Industrie
Aufsicht;Bahnbude,Schuppen,FassadeBeige,dachGrau
Warburg 12;Industrie,Raiffeisen
Warburg 13;Brücke
Warburg 16;Lokschuppen,Betriebswerk
Warburg 17;Lokschuppen,Betriebswerk,Industrie,FassadeZiegel
Warburg 18;Büro,Verwaltung,FassadeWeiss,DachRot
Warburg 19;Stellwerk,Industrie,FassadeZiegel
Warburg 20 a;Industrie,Schornstein
Warburg 20 b;Industrie,FassadeZiegel
Warburg 20 c;Industrie,FassadeZiegel
Warburg 20 d;Industrie,FassadeZiegel
Warburg 21;Stellwerk
Werk-Sch-1;Industrie,FassadeZiegel
Wh-1Etg-1-2;Einfamilienhaus,FassadeGrau,DachRot,MitGarage
Wh-1Etg-1-3;Einfamilienhaus,FassadeGrau,DachRot,MitGarage
Wh-1Etg-1-6;Einfamilienhaus,FassadeRot,DachRot,MitGarage
Wh-1Etg-2-2;Einfamilienhaus,FassadeWeiss,DachBraun,MitGarage
Wh-1Etg-2-3;Einfamilienhaus,FassadeGrau,DachBraun,MitGarage
Wh-1Etg-2-6;Einfamilienhaus,FassadeRot,DachBraun,MitGarage
Wh-1Etg-3-2;Einfamilienhaus,FassadeWeiss,DachBraun,Garten
Wh-1Etg-3-3;Einfamilienhaus,FassadeGrau,DachBraun,Garten
Wh-1Etg-3-6;Einfamilienhaus,FassadeRot,DachBraun,Garten
Wh-1Etg-4-2;Einfamilienhaus,FassadeWeiss,DachBraun
Wh-1Etg-4-3;Einfamilienhaus,FassadeBlau,DachBraun
Wh-1Etg-4-6;Einfamilienhaus,FassadeRot,DachBraun
Wh-1Etg-5-2;Einfamilienhaus,FassadeWeiss,DachRot,MitGarage
Wh-1Etg-5-3;Einfamilienhaus,FassadeGrau,DachRot
Wh-1Etg-5-6;Einfamilienhaus,FassadeRot,DachRot
Wh-1Etg-6-2;Einfamilienhaus,DachRot,MitGarage,FassadeWeiss
Wh-1Etg-6-3;Einfamilienhaus,DachRot,MitGarage,FassadeGrau
Wh-1Etg-6-6;Einfamilienhaus,DachRot,MitGarage,FassadeRot
Wh-1Etg-7-2;Einfamilienhaus,FassadeWeiss,DachBraun,MitGarage
Wh-1Etg-7-3;Einfamilienhaus,DachBraun,FassadeGrau,MitGarage
Wh-1Etg-7-6;Einfamilienhaus,DachBraun,FassadeRot,MitGarage
Wh-1Etg-8-2;Zweifamilienhaus,Doppelhaus,FassadeGrau,DachBraun
Wh-1Etg-8-3;Zweifamilienhaus,Doppelhaus,FassadeGrau,DachBraun
Wh-1Etg-8-6;Zweifamilienhaus,Doppelhaus,FassadeRot,DachBraun
Wh-1Etg-9-2;Zweifamilienhaus,Doppelhaus,FassadeWeiss,DachBraun
Wh-1Etg-9-3;Zweifamilienhaus,Doppelhaus,FassadeBlau,DachBraun
Wh-1Etg-9-6;Zweifamilienhaus,Doppelhaus,FassadeRot,DachBraun
Diemel Viadukt;Brücke,Viadukt
Haueda 01 EG;Empfangsgebäude
Liebenau 01 EG;Empfangsgebäude,FassadeZiegel
Liebenau 02;Industrie,Raiffeisen
Liebenau 03;Mehrfamilienhaus,FassadeFachwerk,DachSchwarz
Liebenau 05;Stellwerk
Liebenau 08;Brücke
Liebenau 09;Industrie,Bauernhof,FassadeZiegel
Liebenau 10;Bahnsteig,Treppe
Liebenau 11;Industrie,Schuppen
Lamerden05;Mehrfamilienhaus,FassadeWeiss,DachBraun
Lamerden 01;Bauernhof,Scheune,Schuppen,FassadeFachwerk,DachBraun
Lamerden 02 Lf;Empfangsgebäude
Lamerden 03;Bahnsteig,Bushaltestelle
Lamerden 06;Industrie
Lamerden 07;Industrie,FassadeZiegel
Bst-Nieder-D-links;Bahnsteig
Bst-Nieder-D-rechts;Bahnsteig
Bst-Nieder;Bahnsteig
Fachwerk-2Etg-1;Mehrfamilienhaus,FassadeFachwerk,DachRot
Fachwerk-2Etg-2;Mehrfamilienhaus,FassadeFachwerk,DachRot
Fachwerk-3Etg-1;Mehrfamilienhaus,FassadeFachwerk,DachRot
Huemme-Kirche;Kirche,Kulisse
Huemme04 Anbauschuppen;Schuppen
Huemme05;Industrie,Feuerwehr
Huemme07;Einfamilienhaus,FassadeWeiss,DachRot
Huemme 01;Stellwerk
Huemme 02;Stellwerk
Huemme 03;Lokschuppen
Huemme 04;Empfangsgebäude
Huemme 06;Industrie
Huemme 09;Bahnsteig
Huemme 10-Wh-1;Mehrfamilienhaus,FassadeWeiss,DachBraun
Huemme 10-Wh-2;Mehrfamilienhaus,FassadeZiegel,DachBraun
Huemme 10-Wh-3;Bauernhof,Scheune,FassadeFachwerk,DachBraun
Huemme 12;Mehrfamilienhaus,FassadeGrau
Huemme 13-FW-1-1-3x;Mehrfamilienhaus,FassadeFachwerk,DachRot,Kulisse
Huemme 13-FW-1-1;Mehrfamilienhaus,FassadeFachwerk,DachRot,Kulisse
Huemme 13-Wh-1-1;Mehrfamilienhaus,FassadeBeige,DachBraun,Kulisse
Huemme 13-Wh-2-1;Mehrfamilienhaus,FassadeBeige,DachRot,Kulisse
Huemme 13-Wh-3-1;Mehrfamilienhaus,FassadeBeige,DachBraun,Kulisse
Huemme 13-Wh-4-1;Mehrfamilienhaus,FassadeBeige,DachRot,Kulisse
Huemme 14-Schuppen;Scheune,Schuppen,Stall,FassadeHolz,DachRot
Huemme 14;Gewerbe,Bauernhof,FassadeWeiss
huemme 08;Industrie,Bauernhof,FassadeZiegel
Bach-Unter-km-319-079;Durchlass
Bachkanal-Eingang;Durchlass
Fachwerk-1Etg-1;Einfamilienhaus,FassadeFachwerk,DachRot
Fachwerk-1Etg-2;Einfamilienhaus,FassadeFachwerk,DachRot
Fachwerk-1Etg-3;Einfamilienhaus,FassadeFachwerk,DachRot
Hofgeismar 01-Bstg-Nieder;Bahnsteig
Hofgeismar 01-Bstg;Bahnsteig,Bahnsteigdach
Hofgeismar 01;Empfangsgebäude,FassadeGrau,DachBraun
Hofgeismar 02;FassadeZiegel,DachGrau
Hofgeismar 03;Güterschuppen,FassadeZiegel
Hofgeismar 04;Stellwerk
Hofgeismar 06 Raiffeisen;Industrie,Raiffeisen
Hofgeismar 07;Industrie
Hofgeismar 13;Industrie,FassadeWeiss,DachRot
Hofgeismar 14-2;Mehrfamilienhaus,Verwaltung,FassadeBeige,DachRot,Walmdach
Hofgeismar 14-3;Mehrfamilienhaus,FassadeBeige,DachBraun
Hofgeismar 14-4;Scheune,Stall,Bauernhof,FassadeZiegel,DachBraun
Hofgeismar 14;Industrie
Hofgeismar 15;Mehrfamilienhaus,FassadeFachwerk,DachSchwarz
Hofgeismar 16-2;Industrie,Güterschuppen
Hofgeismar 16-3;Industrie,Güterschuppen,DachRot
Hofgeismar 16;Industrie,Güterschuppen
Hofgeismar 17;Einfamilienhaus,FassadeZiegel,DachBraun
Hofgeismar 18-Haus-2;Kulisse,FassadeFachwerk,DachRot,Mehrfamilienhaus,Reihenhaus
Hofgeismar 18-Haus-3;Kulisse,Mehrfamilienhaus,Reihenhaus,FassadeFachwerk,DachRot
Hofgeismar 18-Haus-4;Kulisse,Mehrfamilienhaus,Reihenhaus,FassadeFachwerk,DachRot
Sportheim;Sport,Sportplatz,Bungalow
Sportplatz;Sport,Sportplatz
hofgeismar 05;FassadeZiegel,DachBraun
B Hof km 321 454;Bauernhof,FassadeZiegel,DachRot,Solar,Stall,Photovoltaik
Gastank;Tank,Tankanlage,Industrie
Grebenstein08;Industrie
Grebenstein 01;Stellwerk
Grebenstein 02;Stellwerk
Grebenstein 03;Empfangsgebäude,FassadeZiegel,DachBraun
Grebenstein 04;Stützmauer
Grebenstein 05;Bahnsteig
Grebenstein 06;Industrie
Grebenstein 07;Industrie,Silo
Grebenstein 09;Bauernhof,Scheune,Schuppen,FassadeZiegel,FassadeFachwerk,DachGrau
Grebenstein 10-1;Bauernhof,DachRot
Grebenstein 10-2;Mehrfamilienhaus,FassadeWeiss,DachGrau
Grebenstein 10-3;Mehrfamilienhaus,Verwaltung,FassadeWeiss,DachRot,Walmdach
Grebenstein 11;Schrankenposten,FassadeGrau
Grebenstein 13;Industrie,Güterschuppen
Grebenstein 14 Bh 1;Bauernhof,FassadeZiegel,DachBraun
Grebenstein 14 Stall 1;Bauernhof,Scheune,Stall,FassadeZiegel,DachBraun
Grebenstein 14 Stall 2;Bauernhof,FassadeFachwerk,DachBraun,Stall,Scheune
Grebenstein 14 Stall 3;Bauernhof,FassadeFachwerk,DachBraun,Scheune,Stall
Grebenstein 14 Stall 4;Bauernhof,FassadeFachwerk,DachBraun,Scheune,Stall
Grebenstein 14 Wh 1;Bauernhof,Einfamilienhaus,Stadthaus,FassadeGelb,DachRot,MitBalkon
Guelletank;Bauernhof,Kläranlage
Pfeiler;Brücke,Stützmauer
Pfeiler mitAnschl;Brücke,Stützmauer
Silo;Industrie,Bauernhof,Silo
Weiher;Wasser,See
Immenhausen 01;Empfangsgebäude
Immenhausen 04;Industrie,Schornstein
Immenhausen 05;Mehrfamilienhaus,FassadeWeiss,DachBraun
Immenhausen 06;Industrie
Immenhausen 07 Lagerhaus;Bauernhof,Industrie,Scheune,Stall,Kulisse,DachRot
Immenhausen 07 Schuppen;Industrie,Bauernhof,Garage,Kulisse,FassadeZiegel,DachRot
Immenhausen 07 Wohnhaus;Einfamilienhaus,Bungalow,FassadeZiegel,DachRot
Immenhausen 08 Fabrik 100 60;Industrie
Immenhausen 08 Fabrik 1 70 20;Industrie,Halle
Immenhausen 08 Fabrik 2 70 20;Industrie,Halle,Doppelhalle
Immenhausen 08 Fabrik 40 20;Industrie
Immenhausen 08 Fabrik 70 20;Industrie
Immenhausen 09-Waerterhaus km 332 093;Zweifamilienhaus,FassadeWeiss,DachBraun
Klaerbecken 12m;Bauernhof,Industrie,Kläranlage
Klaerbecken 16m;Bauernhof,Industrie,Kläranlage
Klaerbecken 22m;Bauernhof,Kläranlage
Moenchehof 01;Empfangsgebäude,FassadeZiegel
Moenchehof 02;Industrie,Silo
Moenchehof 03;Stellwerk
Moenchehof 04;Stellwerk
Moenchehof 05 Halle 25 20;Industrie
Moenchehof 05 Halle 40 16;Industrie
Moenchehof 05 Halle 45 27;Industrie
Moenchehof 05 Halle 50 25;Industrie
Moenchehof 05 Halle 56 40;Industrie
Moenchehof 05 Halle 60 12;Industrie
Moenchehof 05 Haus 20 15;Industrie
Moenchehof 05 Lager 38 18;Industrie,FassadeZiegel,DachSchwarz
Moenchehof 06 Bh 20 10;Bauernhof,FassadeZiegel,DachRot
Moenchehof 06 Bh 20 16;Bauernhof,FassadeZiegel,DachRot
Moenchehof 06 Bh 30 12 RF;Bauernhof,FassadeZiegel,DachRot
Moenchehof 06 Bh 40 24;Bauernhof,FassadeZiegel,DachRot
Moenchehof 06 Bh 50 18;Bauernhof,FassadeZiegel,DachRot
Moenchehof 06 Buerstenfabrik;Industrie,FassadeZiegel,DachRot,Schornstein
Treppe 3m;Treppe
Bungalow 10 1;Einfamilienhaus,Bungalow,FassadeGrau,DachSchwarz
Bungalow 1 1;Einfamilienhaus,Bungalow,FassadeWeiss,Flachdach
Bungalow 2 1;Einfamilienhaus,Bungalow,FassadeGelb,Flachdach
Obervellmar 01;Empfangsgebäude
Obervellmar 01 Treppe;Treppe
Obervellmar 03;Mehrfamilienhaus,FassadeBraun,DachSchwarz
Obervellmar 04 Lagerhalle 40 20;Industrie,Halle
Obervellmar 04 Lagerhalle 4 teilig;Industrie,Halle,Doppelhalle
Obervellmar 04 Lagerhalle 72 20;Industrie
Obervellmar 05;Einfamilienhaus,Reihenhaus,FassadeGrau,DachSchwarz
Obervellmar 07;Mehrfamilienhaus,Gewerbe,FassadeGrau,DachBraun
Obervellmar 08 1;Einfamilienhaus,FassadeGrau,DachSchwarz
Obervellmar 09;Sport,Sportplatz,Fußball
Obervellmar 10;Durchlass
Sportanlagenhaus;Sport,Sportplatz
Blumenbeet;Garten,Terrain
Fk-Automat;Bahnsteig
Gelaender Ri Kassel;Geländer
Harles 11 Eckenstuecker 1;Mehrfamilienhaus,FassadeWeiss,DachRot
Harles 11 Eckenstuecker 2;Mehrfamilienhaus,FassadeGrau,DachBraun
Harles 11 Erfurter 1;Mehrfamilienhaus,FassadeGrau,DachBraun
Harles 11 Erfurter 2;Mehrfamilienhaus,Hochhaus,FassadeGrau
Harles 11 Garten 1;Schrebergarten
Harles 11 Garten 2;Schrebergarten
Harles 11 Garten 3;Schrebergarten
Harles 11 Garten 4;Schrebergarten
Harles 11 Garten 5;Schrebergarten
Harles 11 Garten 6;Schrebergarten
Harles 11 Gartenhaus 1;Schrebergarten,Schuppen,Gartenlaube
Harles 11 Gartenhaus 2;Schrebergarten,Schuppen,Gartenlaube
Harles 11 Gartenhaus 3;Schrebergarten,Schuppen,Gartenlaube
Harles 11 InderAue 1;Mehrfamilienhaus,Stadthaus,FassadeWeiss,DachBraun
Harles 11 Luebecker 1;Einfamilienhaus,Reihenhaus,FassadeGrau,DachGrau
Harles 11 Rommel 1;Einfamilienhaus,Reihenhaus,FassadeGrau,DachGrau
Harles 11 Rommel 2;Einfamilienhaus,Reihenhaus,FassadeGrau,DachGrau
Harles 11 Rommel 3;Einfamilienhaus,Reihenhaus,FassadeGrau,DachGrau
Harles 11 Rommel 4;Einfamilienhaus,Reihenhaus,FassadeGrau,DachRot
Harles 11 Schenkebier 1;Industrie,FassadeWeiss,Mobilfunk
Harles 11 Schlossaecker 1;Einfamilienhaus,Reihenhaus,FassadeGrau,DachGrau
Harles 11 Versuchsfeld 1;Mehrfamilienhaus,Stadthaus,FassadeGrau,DachBraun
Harles 11 Wiegmann 1;Mehrfamilienhaus,Büro,Industrie,FassadeWeiss,Flachdach
Harles 11 Wiegmann 2;Mehrfamilienhaus,Stadthaus,FassadeWeiss,DachRot
Harles 11 Wiegmann 3;Mehrfamilienhaus,Stadthaus,FassadeWeiss,DachGrau
Harles 11 zum Feldlager 1;Einfamilienhaus,Zweifamilienhaus,FassadeWeiss,DachRot,Walmdach
Harles 11 zum Feldlager 11;Zweifamilienhaus,FassadeRot,DachSchwarz,Walmdach
Harles 11 zum Feldlager 3;Einfamilienhaus,Zweifamilienhaus,FassadeWeiss,DachRot,Walmdach
Harles 11 zum Feldlager 5;Zweifamilienhaus,FassadeGrau,DachGrau,Walmdach
Harles 11 zum Feldlager 7;Zweifamilienhaus,FassadeGelb,DachRot,Walmdach
Harles 11 zum Feldlager 9;Zweifamilienhaus,FassadeGrau,DachRot,FassadeWeiss,Walmdach
Harles 12 Kuliise 1;Einfamilienhaus,Kulisse,FassadeGelb,DachSchwarz
Harles 12 Kuliise 2;Einfamilienhaus,FassadeGelb,DachSchwarz,Kulisse
Harles 13 Bruch 1 beige;Mehrfamilienhaus,Stadthaus,Reihenhaus,FassadeGrau,DachBraun
Harles 13 Bruch 1 braun;Mehrfamilienhaus,FassadeBraun,DachBraun
Harles 13 Bruch 1 dg;Mehrfamilienhaus,FassadeGrau,DachSchwarz,Reihenhaus,Stadthaus
Harles 13 Bruch 1 dg Gf;Mehrfamilienhaus,Stadthaus,Reihenhaus,FassadeGrau,DachGrau
Harles 13 Bruch 1 dg Gs;Mehrfamilienhaus,Stadthaus,Reihenhaus,FassadeGrau,DachGrau
Harles 13 Bruch 1 hg;Mehrfamilienhaus,Stadthaus,Reihenhaus,FassadeGrau,DachBraun
Harles 13 Bruch 2 dg;Mehrfamilienhaus,Stadthaus,Reihenhaus,FassadeGrau,DachBraun
Harles 13 Bruch 2 hg;Mehrfamilienhaus,Stadthaus,Reihenhaus,FassadeGrau,DachBraun
Harleshausen 02 Posten 340;Schrankenposten
Harleshausen 03;Bauernhof,Einfamilienhaus,FassadeZiegel,DachBraun
Harleshausen 04;Empfangsgebäude
Harleshausen 05;Brücke
Harleshausen 06 Bogenelement;Brücke,Stützmauer
Harleshausen 07 1;Industrie
Harleshausen 07 2;Industrie,Halle
Harleshausen 08;Durchlass
Harleshausen 09 links;Brücke,Stützmauer
Harleshausen 09 rechts;Brücke,Stützmauer
Harleshausen 10;Durchlass
Harleshausen 10 2;Durchlass
Traeger;Brücke
Treppe;Treppe
52 4544 statisch;Dampflok,Denkmallok
Ka BDrei 01 Kbd;Stellwerk
Ka BDrei 02;Lokschuppen
Ka BDrei 02 Schorn;Schornstein
Ka BDrei 03 Geb 1;Büro,Verwaltung,Mehrfamilienhaus,FassadeBraun,DachBraun
Ka BDrei 03 Geb 2;Industrie,FassadeZiegel
Ka BDrei 03 Geb 3;Industrie,FassadeZiegel
Ka BDrei 04;Büro,Verwaltung,Industrie
Ka BDrei 05;Tank,Tankanlage,Silo
Ka BDrei 08;Lokschuppen,Büro,FassadeZiegel
Ka BDrei Dalwigk 1;Mehrfamilienhaus,FassadeWeiss,DachRot,Reihenhaus,Stadthaus
Ka BDrei Dalwigk 1EL;Mehrfamilienhaus,Stadthaus,DachRot,Reihenhaus,FassadeWeiss
Ka BDrei Dalwigk 1ER;Mehrfamilienhaus,Stadthaus,Reihenhaus,FassadeGrau,DachRot,FassadeWeiss
Ka BDrei Dalwigk 1Mitte;Mehrfamilienhaus,Stadthaus,Reihenhaus,FassadeGrau,FassadeWeiss,DachRot
Ka BDrei Dalwigk 1 gelb;Mehrfamilienhaus,DachRot,Reihenhaus,FassadeOrange,Stadthaus
Ka BDrei Zentgraf 1L;Mehrfamilienhaus,Stadthaus,FassadeBeige,DachRot
Ka BDrei Zentgraf 1M;Mehrfamilienhaus,Stadthaus,FassadeGrau,DachRot
Ka BDrei Zentgraf 1R;Mehrfamilienhaus,Stadthaus,Reihenhaus,FassadeGrau,DachRot
Ka BDrei Zentgraf 1 Bl2;Mehrfamilienhaus,Stadthaus,FassadeGrau,DachRot
Ka BDrei Zentgraf 1 Bl3;Mehrfamilienhaus,Stadthaus,DachRot,FassadeGrau,FassadeBeige
Ka B Drei Block12;Mehrfamilienhaus,Stadthaus,Reihenhaus,FassadeGelb,DachBraun
Ka B Drei Block34;Mehrfamilienhaus,Stadthaus,Reihenhaus,FassadeGelb,DachRot
Ka B Drei Wh1;Mehrfamilienhaus,FassadeGelb,DachBraun,Stadthaus,Reihenhaus,FassadeWeiss
Ka B Drei Wh2;Mehrfamilienhaus,Stadthaus,Reihenhaus,FassadeWeiss,DachBraun
Ka B Drei Wh3;Stadthaus,Mehrfamilienhaus,Reihenhaus,FassadeWeiss,DachRot
Ka B Drei Wh4;Mehrfamilienhaus,Stadthaus,Reihenhaus,FassadeGelb,DachRot
Kassel Hbf 05;Stellwerk,Behelfsstellwerk
Mast Fundament;Brücke
Pallisade;Stützmauer
Stuetze;Brücke
Stuetze schmal;Brücke
Traeger;Brücke
Bahnsteig Gl 12 13;Bahnsteig,Bahnsteigdach
Bahnsteig Gl 1 3 760cm;Bahnsteig,Bahnsteigdach
Bahnsteig Gl 4 5 870cm;Bahnsteig,Bahnsteigdach
Bahnsteig Gl 6 7 8m;Bahnsteig,Bahnsteigdach
Bahnsteig Gl 9 10 580cm;Bahnsteig,Bahnsteigdach
Bahnsteig Traeger 580cm;Bahnsteig,Bahnsteigdach
Bahnsteig Traeger 760cm;
Bahnsteig Traeger 870cm;Bahnsteig,Bahnsteigdach
Bahnsteig Traeger 8m;Bahnsteig,Bahnsteigdach
Bahnsteig Traeger Gl 12 13;Bahnsteig,Bahnsteigdach
Dach 580cm Abschlussblende;Bahnsteig,Bahnsteigdach
Dach 760cm Abschlussblende;Bahnsteig,Bahnsteigdach
Dach 870cm Abschlussblende;Bahnsteig,Bahnsteigdach
Dach 8m Abschlussblende;Bahnsteig,Bahnsteigdach
Dach Gl 12 13 Abschlussblende;Bahnsteig,Bahnsteigdach
Du-H7-2;Stadthaus,Reihenhaus,Mehrfamilienhaus,FassadeGrau,DachBraun
Du-H7-3;Stadthaus,Reihenhaus,Mehrfamilienhaus,MitBalkon,FassadeZiegel,DachBraun
Du-H7-4;Stadthaus,Reihenhaus,Mehrfamilienhaus,FassadeBeige,DachBraun
Du-H7-5;Mehrfamilienhaus,Stadthaus,Reihenhaus,FassadeBeige,DachBraun
Du-H7-Gara;Garage
Du-Hbf-H1;Einfamilienhaus,FassadeZiegel,DachBraun
Du-Hbf-H2;Einfamilienhaus,FassadeGelb,DachBraun
Edes01 Breitpfeiler;Brücke,Pfeiler
Du-Hbf-H5;Mehrfamilienhaus,Stadthaus,Reihenhaus,FassadeZiegel,DachBraun
Du-Hbf-H6L;Stadthaus,Mehrfamilienhaus,FassadeGrau
Du-Hbf-H6M;Stadthaus,Mehrfamilienhaus,Reihenhaus,FassadeGrau,DachBraun
Du-Hbf-H6R;Stadthaus,Reihenhaus,Mehrfamilienhaus,FassadeGrau,DachBraun
Gelaender;Geländer
Kal Hbf 11 NG 45 ges;Empfangsgebäude
Kassel 14 Bstg Nieder bs;Bahnsteig
Kassel 14 Bstg Nieder ls;Bahnsteig
Kassel 14 Bstg Nieder rs;Bahnsteig
Kassel Gbf 01 Stw Kgf;Stellwerk
Kassel Gbf 02;Güterabfertigung,Industrie,Spedition
Kassel Gbf 03;Mehrfamilienhaus,Büro,Verwaltung,FassadeZiegel,DachBraun
Kassel Gbf 04;Industrie
Kassel Hbf 01;Stellwerk
Kassel Hbf 02;Industrie,FassadeZiegel
Kassel Hbf 03;Hochhaus,Büro,Verwaltung
Kassel Hbf 04;Bahnsteig
Kassel Hbf 06;Lokschuppen,Industrie
Kassel Hbf 07;Hochhaus,Büro,Verwaltung
AC Boxgraben136-140;Stadthaus,Reihenhaus,Mehrfamilienhaus,FassadeWeiss,DachBraun,DachGrau,DachSchwarz
Edes01 Schmalpfeiler;Brücke,Pfeiler
Kassel Hbf 08;Hochhaus,Büro,Verwaltung,Gewerbe
Kassel Hbf 09;Güterabfertigung,Industrie
Kassel Hbf 10-2;Einfamilienhaus,FassadeGrau,DachBraun
Kassel Hbf 10;Hochhaus,Büro,Verwaltung
Kassel Hbf 11 EG;Empfangsgebäude
Kassel Hbf 11 NG 2;Hochhaus,Büro,Verwaltung
Kassel Hbf 11 NG 2 1;Büro,Verwaltung,Hochhaus
Kassel Hbf 11 NG 3;Büro,Verwaltung,Hochhaus,Flachdach
Kassel Hbf 15;Güterabfertigung,Industrie
Kassel Hbf 15 2;Industrie
Kassel Hbf 16 DKV;Büro,Verwaltung,Hochhaus
Kassel Hbf 16 Ottostr 1;Büro,Verwaltung,Mehrfamilienhaus,FassadeGrau,Hochhaus
Zugdeckungssignal KsselHbf;Signal
Bruchsteinmauer;Stützmauer
Bstg Unterstand 80er;Bahnsteig,Bushaltestelle
Scher 12 PP;Parkplatz
Scherfede 01;Empfangsgebäude
Scherfede 02;Stellwerk
Scherfede 03;Stellwerk
Scherfede 04;Silo
Scherfede 04 Silos;Industrie,Silo
Scherfede 05;Güterschuppen,Industrie,FassadeFachwerk,DachGrau
Scherfede 06;Schrankenposten,Einfamilienhaus,FassadeBraun,DachBraun
Scherfede 07;Industrie,Bahnmeisterei
Scherfede 08;Industrie
Scherfede 10;Schrankenposten,Einfamilienhaus,FassadeGrau,DachBraun
Scherfede 11;Scheune,Stall,Bauernhof,Industrie
Scherfede 12 Fabrik-1;Industrie,DachRot
Scherfede 12 Fabrik-2;Industrie,Dreifachhalle
Scherfede 12 Fabrik-3;Industrie
Scherfede 12 Fabrik-4;Industrie
Scherfede 12 Fabrik-5;Industrie
Scherfede 12 Fabrik-6;Industrie
Scherfede 12 Lager 1;Industrie,Werkstatt,FassadeGrau,DachGrau
Scherfede 12 Lager 2;Industrie,Werkstatt,FassadeGrau,DachRot
Scherfede 12 Lager 3;Industrie,Werkstatt,FassadeBlau,DachGrau
Scherfede 13;Industrie
Scherfede 13 Lager;Industrie
Scherfede 13 Verwalt;Industrie
Scherfede 14;Mehrfamilienhaus,FassadeBeige,DachRot
Scherfede 15;Bauernhof,FassadeZiegel,DachSchwarz
Scherfede 16 Bh;Bauernhof,FassadeZiegel,DachSchwarz
Scherfede 16 St;Bauernhof,Scheune,Stall,FassadeZiegel,DachSchwarz
Scherfede 16 St RW;Bauernhof,FassadeZiegel,DachRot
Scherfede 17 Posten281;Schrankenposten
Scherfede 17 Posten282;Schrankenposten
Wrexen 01;Güterabfertigung,Industrie,Spedition
Wrexen 02;Güterschuppen,Industrie,Spedition
Wrexen 03;Empfangsgebäude
Wrexen 04;Schrankenposten
Wrexen 05;Schrankenposten,Bauernhof,FassadeFachwerk,DachRot
Wrexen 06;Bauernhof,Scheune,Schuppen,FassadeHolz,DachBraun
Wrexen 07;Industrie
Wrexen 07 2;Industrie
Wrexen 08;Industrie,DachRot
Wrexen 09;Kirche
E Garage;Garage
Westheim 01;Empfangsgebäude
Westheim 02;Stellwerk
Westheim 03;Schrankenposten
Westheim 04;Schrankenposten
Westheim 05;Schrankenposten
Westheim 06;Schrankenposten
Westheim 07;Schloss,Mehrfamilienhaus,FassadeGrau,DachGrau
Westheim 08;Kirche
Westheim 09;Bauernhof,FassadeZiegel,DachRot
Westheim 09 Klaer;Bauernhof,Industrie,Kläranlage
Westheim 09 Klaer 50 20m;Industrie,Kläranlage
Westheim 10;Einfamilienhaus,FassadeBeige,DachBraun
Westheim 10 2;Zweifamilienhaus,FassadeBeige,DachBraun
Westheim 11;Wasser,Stauwehr
Westheim 12 1;Mehrfamilienhaus,FassadeWeiss,DachRot,Walmdach
Westheim 12 10;Mehrfamilienhaus,FassadeWeiss,DachRot
Westheim 12 11;Mehrfamilienhaus,FassadeWeiss,DachRot
Westheim 12 2;Mehrfamilienhaus,FassadeWeiss,DachRot
Westheim 12 3;Mehrfamilienhaus,FassadeGelb,DachRot
Westheim 12 4;Mehrfamilienhaus,FassadeWeiss,DachRot
Westheim 12 5;Mehrfamilienhaus,FassadeWeiss,DachRot
Westheim 12 5 braun;Mehrfamilienhaus,FassadeWeiss,DachBraun
Westheim 12 6;Mehrfamilienhaus,FassadeWeiss,DachRot
Westheim 12 7;Mehrfamilienhaus,FassadeWeiss,DachRot
Westheim 12 8;Einfamilienhaus,FassadeWeiss,DachRot,Bungalow
Westheim 12 9;Mehrfamilienhaus,FassadeWeiss,DachRot
Westheim 12 Wiegers;Tankstelle
Westheim 13 Tankstelle;Tankstelle
Haltelinie;Bahnübergang
Haltelinie 1050cm Bue;Bahnübergang
Mars04 b WHaus;Mehrfamilienhaus,FassadeBeige,FassadeZiegel,DachRot
Mars10 Schalthaus;Schalthaus
Mars10 WH km 269 574;Einfamilienhaus,FassadeGrau,DachBraun,FassadeWeiss
Mars10 WH km 270 548;Einfamilienhaus,FassadeGrau,FassadeHolz,DachBraun
Mars10 WH km 270 648;Zweifamilienhaus,FassadeGrau,DachBraun
Mars13 WHaus a;Einfamilienhaus,FassadeFachwerk,DachRot
Mars13 WHaus b;Einfamilienhaus,FassadeWeiss,DachBraun,MitGarage
Mars13 WHaus b2;Einfamilienhaus,FassadeWeiss,DachSchwarz,MitGarage
Mars13 WHaus b3;Mehrfamilienhaus,FassadeWeiss,DachBraun
Mars13 WHaus b4;Zweifamilienhaus,Reihenhaus,FassadeBeige,DachBraun
Mars13 WHaus c;Bauernhof,Einfamilienhaus,FassadeWeiss,DachBraun
Mars13 WHaus c1;Bauernhof,Einfamilienhaus,FassadeWeiss,DachBraun
Mars13 WHaus d;Einfamilienhaus,FassadeWeiss,DachSchwarz
Mars13 WHaus e;Einfamilienhaus,FassadeWeiss,DachRot
Marsberg01 EG;Empfangsgebäude
Marsberg02 Stw Mf;Stellwerk
Marsberg03 Stw Mo;Stellwerk
Marsberg04 P267;Schrankenposten
Marsberg05 BK;Schrankenposten,Blockstelle
Marsberg06 GSchaft;Güterabfertigung,Güterschuppen
Marsberg06 LHalle;Schuppen,Industrie
Marsberg07 GSchuppen;Güterabfertigung,Güterschuppen,Industrie
Marsberg08 WHaus a;Einfamilienhaus,FassadeBraun,DachSchwarz
Marsberg08 WHaus b;Einfamilienhaus,Schrankenposten,FassadeBraun,DachBraun,FassadeBeige
Marsberg14;Brücke,Viadukt
Marsberg15 a;Industrie
Marsberg15 b;Industrie,Halle
Marsberg15 c;Industrie
Marsberg15 d;Industrie
Marsberg15 d Schu;Garage,Schuppen,Industrie
Marsberg15 e;Industrie
Marsberg15 f1;Industrie
Marsberg15 f2;Industrie,Büro
Marsberg15 f3;Industrie
Marsberg16 GC;Industrie,Gartencenter
Marsberg16 GC Schild;Schild
Marsberg16 a;Einfamilienhaus,FassadeWeiss,DachBraun
Marsberg16 b;Zweifamilienhaus,FassadeWeiss,DachBraun
Marsberg16 c;Mehrfamilienhaus,FassadeGrau,DachBraun
Marsberg16 d 1;Mehrfamilienhaus,FassadeGrau,DachGrau
Marsberg16 d 2;Mehrfamilienhaus,FassadeGrau,DachGrau
Marsberg16 d 3;Mehrfamilienhaus,FassadeGrau,DachGrau
Marsberg16 d Garagen;Garage
Marsberg16 e 1;Mehrfamilienhaus,FassadeBeige,DachGrau
Marsberg16 e 2;Mehrfamilienhaus,FassadeBlau,DachGrau
Marsberg16 e Garagen;Garage
Marsberg16 f;Einfamilienhaus,FassadeBeige,DachBraun
Marsberg17 AmtsGericht;Verwaltung,FassadeWeiss,DachBraun
Marsberg17 DeutschesHaus;Gasthaus,Hotel,FassadeFachwerk,DachRot
Marsberg17 FW;Feuerwehr
Marsberg17 FaLegge;Industrie
Marsberg17 FaWelz;Einfamilienhaus,Gewerbe,FassadeGrau,DachGrau
Marsberg17 Kindergarten;Verwaltung,Kindergarten
Marsberg17 LHalle;Industrie,Halle
Marsberg17 LHaus;Industrie,Büro
Marsberg17 Schuppen 1;Schuppen
Marsberg17 Schuppen 2;Schuppen,Garage
Marsberg17 Stahlbau;Industrie
Marsberg17 Stromwerk;Umspannwerk,Büro,Verwaltung,FassadeBeige
Marsberg17 WHaus 1a;Einfamilienhaus,FassadeZiegel,DachBraun
Marsberg17 WHaus 1b;Mehrfamilienhaus,FassadeWeiss,DachBraun
Marsberg17 WHaus 2a;Mehrfamilienhaus,FassadeBeige,FassadeWeiss,DachBraun
Marsberg17 WHaus 3;Einfamilienhaus,FassadeWeiss,FassadeHolz,DachRot
Marsberg17 WHaus 3 DH;Zweifamilienhaus,Doppelhaus,FassadeWeiss,FassadeHolz,DachRot
Marsberg17 WHaus 4;Einfamilienhaus,FassadeBeige,DachBraun
Marsberg17 WHaus 5a;Mehrfamilienhaus,FassadeZiegel,DachBraun
Marsberg17 WHaus 5b;Einfamilienhaus,FassadeBeige,DachBraun
Marsberg17 WHaus 6;Mehrfamilienhaus,FassadeGrün,DachRot
Marsberg17 WHaus a;Mehrfamilienhaus,FassadeGrau,DachRot
Marsberg17 WHaus b;Mehrfamilienhaus,FassadeWeiss,DachRot
Marsberg18 Bibliothek;Verwaltung,Schloss
Marsberg18 WHaus 1;Mehrfamilienhaus,Doppelhaus,FassadeWeiss,DachBraun,DachGrau
Marsberg18 WHaus 2;Mehrfamilienhaus,FassadeGrau,DachBraun
Marsberg18 WHaus 3;Zweifamilienhaus,FassadeGrau,DachBraun
Marsberg18 WHaus 4;Mehrfamilienhaus,Gewerbe,FassadeRot,DachGrau
Marsberg19 WHaus 1;Mehrfamilienhaus,Stadthaus,Reihenhaus,Gewerbe,FassadeBeige,DachRot,Eckhaus
Marsberg19 WHaus 2;Mehrfamilienhaus,Stadthaus,Gewerbe,FassadeBeige,DachGrau
Marsberg19 WHaus 3;Mehrfamilienhaus,FassadeGrau,DachBraun
Marsberg19 WHaus 4a;Mehrfamilienhaus,Reihenhaus,Eckhaus,FassadeGrau,DachGrau
Marsberg19 WHaus 4b;Mehrfamilienhaus,FassadeWeiss,DachBraun
Marsberg20 Kirche;Kirche
Marsberg20 WHaus 1;Mehrfamilienhaus,FassadeWeiss,DachRot,Gewerbe
Marsberg20 WHaus 2;Mehrfamilienhaus,Reihenhaus,Gewerbe,FassadeWeiss,DachBraun,MitBalkon
Marsberg20 WHaus 3;Einfamilienhaus,Reihenhaus,FassadeFachwerk,DachSchwarz
Marsberg20 WHaus 4;Mehrfamilienhaus,Stadthaus,Reihenhaus,Gewerbe,FassadeZiegel,DachRot
Marsberg20 WHaus 4a;Schuppen,Industrie
Marsberg20 WHaus 5;Bauernhof,Mehrfamilienhaus,FassadeZiegel,DachBraun
Marsberg21 Bilsteinturm;Burg,Turm,Ruine
Marsberg21 Kapelle;Kapelle
Marsberg21 OM Kirche;Kirche
Marsberg21 Reiterverein;Sport,Reiten,Industrie
Marsberg21 Schule;Schule,Verwaltung
Marsberg21 Sporthalle;Schule,Industrie
Marsberg21 Tennisanlage;Sport,Tennis
Marsberg21 Tennishalle;Sport,Tennis,Industrie
Marsberg21 WH km 264 572;Einfamilienhaus,Schrankenposten,FassadeGrau,DachBraun
Marsberg21 WH km 265 921;Einfamilienhaus,Schrankenposten,FassadeFachwerk,FassadeGrün,DachGrau,MitBalkon
Marsberg22 Druckerei;Industrie
Marsberg22 FW Haus 1a;Mehrfamilienhaus,FassadeFachwerk,DachRot
Marsberg22 FW Haus 1b;Einfamilienhaus,FassadeFachwerk,DachRot
Marsberg22 GHaus 1;Einfamilienhaus,Gewerbe,Reihenhaus,FassadeWeiss,DachRot
Marsberg22 GHaus 1a;Einfamilienhaus,Gewerbe,FassadeWeiss,DachRot
Marsberg22 GHaus 1c;Einfamilienhaus,Gewerbe,FassadeWeiss,DachRot
Marsberg22 GHaus 2;Einfamilienhaus,Reihenhaus,FassadeFachwerk,Gewerbe,DachRot
Marsberg22 GHaus 3;Einfamilienhaus,Gewerbe,Reihenhaus,FassadeFachwerk,DachSchwarz
Marsberg22 GHaus 4;Mehrfamilienhaus,Reihenhaus,Eckhaus,Gewerbe,FassadeGrau,DachSchwarz
Marsberg22 WHaus 1;Zweifamilienhaus,FassadeBeige,DachBraun
Marsberg22 WHaus 3;Mehrfamilienhaus,FassadeBeige,DachBraun
Marsberg22 WHaus 4;Mehrfamilienhaus,FassadeZiegel,DachSchwarz
Marsberg22 WHaus 5;Mehrfamilienhaus,FassadeZiegel,DachSchwarz
Marsberg22 WHaus 7;Mehrfamilienhaus,FassadeWeiss,Flachdach
Marsberg22 WHaus 8;Mehrfamilienhaus,FassadeWeiss,DachRot
Marsberg 12 Becken;Kläranlage,Industrie
Marsberg 12 Klaer;Kläranlage,Industrie
Breddelar10 F Platz rot;Sport,Sportplatz,Fußball
Bredelar01 EG;Empfangsgebäude,Güterschuppen
Bredelar01 Stw Bf;Stellwerk
Bredelar04 LHaus;Industrie
Bredelar05 Fabrik;Industrie
Bredelar06 Fabrik;Industrie
Bredelar07 P259;Schrankenposten
Bredelar07 Schuppen;Schuppen
Bredelar08 Schuppen;Schuppen,Industrie
Bredelar08 WHaus 1;Mehrfamilienhaus,FassadeBeige,DachRot
Bredelar08 WHaus 2;Einfamilienhaus,Gasthaus,FassadeBraun,DachSchwarz,FassadeFachwerk
Bredelar08 WHaus 3;Einfamilienhaus,Gewerbe,FassadeFachwerk,DachSchwarz
Bredelar08 Zechitwerk;Industrie
Bredelar09 GHaus;Gasthaus,FassadeFachwerk,DachBraun
Bredelar09 GHaus b;Gasthaus,FassadeFachwerk,DachBraun
Bredelar09 Kirche 1;Kirche
Bredelar09 Sparkasse;Einfamilienhaus,Gewerbe,FassadeFachwerk,DachGrau
Bredelar09 WHaus 1;Mehrfamilienhaus,FassadeZiegel,DachSchwarz,Bauernhof
Bredelar09 WHaus 2;Einfamilienhaus,FassadeFachwerk,FassadeZiegel,DachRot
Bredelar09 WHaus 3;Mehrfamilienhaus,FassadeGrau,DachBraun
Bredelar09 WHaus 4a;Einfamilienhaus,Gewerbe,FassadeGrau,DachBraun
Bredelar09 WHaus 4b;Industrie
Bredelar09 WHaus 6;Mehrfamilienhaus,FassadeGelb,DachGrau
Bredelar10 BHof a;Bauernhof,DachRot,FassadeBraun
Bredelar10 BHof b;Bauernhof,FassadeBraun,DachRot
Bredelar10 BHof c;Bauernhof,Scheune,FassadeBraun,DachRot,Kulisse
Bredelar10 Bh 20 10;Bauernhof,FassadeZiegel,DachRot
Bredelar10 Fabrik a;Industrie
Bredelar10 Fabrik c;Industrie
Bredelar10 Fabrik d;Industrie
Bredelar10 Fabrik e;Industrie
Bredelar10 Fabrik f;Industrie
Bredelar10 Stallung 1;Bauernhof,Stall,Scheune,FassadeBraun,DachBraun
Bredelar10 Stallung 2;Bauernhof,Stall,Scheune,FassadeBraun,DachBraun
Bredelar10 Tennishalle;Sport,Tennis,Industrie
Bredelar10 WHaus 1a;Mehrfamilienhaus,FassadeGelb,DachRot
Bredelar10 WHaus 1b;Mehrfamilienhaus,FassadeBeige,DachBraun
Bredelar10 WHaus 2a;Einfamilienhaus,FassadeWeiss,DachBraun
Bredelar10 WHaus 2b;Mehrfamilienhaus,FassadeBeige,DachSchwarz
Bredelar10 WHaus 3;Mehrfamilienhaus,FassadeBeige,DachBraun,Doppelhaus,Reihenhaus
Bredelar10 WHaus 5;Mehrfamilienhaus,FassadeBeige,DachSchwarz
Bredelar11 WHalle;Industrie,Trafostation
Bredelar12 WHaus;Schuppen,FassadeZiegel,DachSchwarz
Bredelar13 Turmruine;Burg,Ruine,Turm
Beringhausen01 P258;Schrankenposten
Beringhausen02 EG;Empfangsgebäude,FassadeGelb,DachSchwarz
Beringhausen03 Kirche;Kirche
Beringhausen04 P255;Schrankenposten
Beringhausen06 Bruecke;Brücke
Beringhausen07 LAnstalt146;Büro,Verwaltung
Beringhausen07 WHaus105;Mehrfamilienhaus,FassadeZiegel,FassadeGrau,DachGrau
Beringhausen07 WHaus106;Zweifamilienhaus,MitBalkon,FassadeBeige,DachBraun
Beringhausen07 WHaus107;Einfamilienhaus,FassadeZiegel,DachGrau
Beringhausen07 WHaus108;Einfamilienhaus,FassadeBeige,DachRot
Beringhausen07 WHaus109a;Einfamilienhaus,FassadeBeige,DachBraun
Beringhausen07 WHaus109b;Schuppen,FassadeBeige,DachBraun
Beringhausen07 WHaus110;Einfamilienhaus,FassadeBeige,DachBraun
Beringhausen07 WHaus111;Zweifamilienhaus,MitBalkon,FassadeBeige,DachBraun
Beringhausen07 WHaus112;Mehrfamilienhaus,FassadeGrau,DachRot
Beringhausen07 WHaus114;Einfamilienhaus,FassadeGelb,DachGrau,DachSchwarz
Beringhausen07 WHaus116;Mehrfamilienhaus,FassadeZiegel,DachBraun
Beringhausen07 WHaus118;Einfamilienhaus,FassadeBeige,DachRot,DachGrau,Gewerbe
Beringhausen07 WHaus120;Mehrfamilienhaus,Bauernhof,FassadeZiegel,DachBraun
Beringhausen07 WHaus123;Mehrfamilienhaus,FassadeGrau,DachSchwarz,MitBalkon
Beringhausen07 WHaus123a;Einfamilienhaus,FassadeGrau,DachSchwarz
Beringhausen07 WHaus124;Einfamilienhaus,FassadeFachwerk,DachBraun,Garten
Beringhausen07 WHaus125;Zweifamilienhaus,FassadeFachwerk,DachBraun
Beringhausen07 WHaus132;Einfamilienhaus,FassadeBeige,DachGrau,Garten
Beringhausen07 WHaus133;Einfamilienhaus,FassadeGrau,DachGrau,MitGarage
Beringhausen07 WHaus134;Einfamilienhaus,FassadeGrau,DachGrau,MitGarage
Beringhausen07 WHaus135;Einfamilienhaus,FassadeGrau,DachGrau,MitGarage
Beringhausen07 WHaus26a;Mehrfamilienhaus,FassadeBeige,DachBraun,MitBalkon
Beringhausen07 WHaus26b;Mehrfamilienhaus,FassadeGrau,DachBraun,MitBalkon
Beringhausen07 WHaus26c;Mehrfamilienhaus,FassadeGrau,DachBraun,MitBalkon
Beringhausen07 WHaus27;Mehrfamilienhaus,FassadeBeige,DachBraun
Beringhausen07 WHaus28;Einfamilienhaus,FassadeBeige,DachBraun,DachRot
Beringhausen07 WHaus29;Mehrfamilienhaus,FassadeFachwerk,DachBraun
Beringhausen07 WHaus30;Einfamilienhaus,FassadeGrau,DachBraun
Beringhausen07 WHaus31;Einfamilienhaus,FassadeBraun,DachBraun
Beringhausen07 WHaus39;Mehrfamilienhaus,FassadeBeige,DachBraun
Beringhausen07 WHaus40;Einfamilienhaus,FassadeGrau,DachSchwarz,MitGarage
Beringhausen07 WHaus41;Einfamilienhaus,FassadeGrau,DachRot
Beringhausen07 WHaus42;Mehrfamilienhaus,FassadeGrau,DachRot
Beringhausen07 WHaus43;Zweifamilienhaus,FassadeBraun,DachBraun
Beringhausen07 WHaus44;Mehrfamilienhaus,FassadeBeige,DachSchwarz
Beringhausen07 WHaus45;Mehrfamilienhaus,FassadeGrau,DachBraun
Beringhausen07 WHaus46a;Mehrfamilienhaus,FassadeBeige,DachSchwarz
Beringhausen07 WHaus46b;Mehrfamilienhaus,FassadeGrau,DachBraun
Beringhausen07 WHaus46c;Mehrfamilienhaus,FassadeGrau,DachBraun
Beringhausen07 WHaus46d;Mehrfamilienhaus,FassadeGrau,DachRot
Beringhausen07 WHaus61;Einfamilienhaus,Bauernhof,FassadeFachwerk,DachRot
Beringhausen07 WHaus62;Einfamilienhaus,FassadeFachwerk,DachRot
Beringhausen07 WHaus63;Einfamilienhaus,Gewerbe,FassadeGrau,DachBraun
Beringhausen07 WHaus64;Einfamilienhaus,FassadeGrau,DachBraun
Beringhausen07 WHaus65;Mehrfamilienhaus,FassadeGelb,FassadeOrange,DachRot,MitBalkon
Beringhausen07 WHaus66;Einfamilienhaus,FassadeBraun,DachRot
Beringhausen07 WHaus99;Mehrfamilienhaus,FassadeGrau,FassadeFachwerk,DachGrau
Beringhausen09 Fabrik154;Bauernhof,Industrie,Kulisse,FassadeBraun,DachGrau,DachRot
Beringhausen09 Fabrik154 b;Industrie,Kulisse,DachGrau,FassadeBraun
Beringhausen09 Schuppen152;Industrie,Bauernhof
Beringhausen09 Verladung153;Industrie,Kieswerk
Beringhausen09 WHaus151;Bauernhof,FassadeFachwerk,DachSchwarz
Beringhausen09 Waage154;Industrie,Gleiswaage
Beringhausen10 Unterstand;Bahnsteig,Bushaltestelle
Messinghause20 BHof10;Bauernhof,Mehrfamilienhaus,Gewerbe,FassadeGrau,DachSchwarz
Messinghause20 WHaus12;Schrankenposten,Blockstelle,FassadeZiegel,DachBraun
Messinghause20 WHaus13;Einfamilienhaus,FassadeWeiss,DachSchwarz
Messinghause20 WHaus15;Einfamilienhaus,MitGarage,FassadeFachwerk,FassadeGrau,DachSchwarz
Messinghause20 WHaus16;Einfamilienhaus,FassadeBeige,DachRot,MitBalkon
Messinghause20 WHaus25;Zweifamilienhaus,FassadeBeige,DachBraun
Messinghause20 WStatt27;Einfamilienhaus,Gewerbe,FassadeWeiss,DachGrau
Messinghausen01 EG;Empfangsgebäude
Messinghausen01 LHalle;Industrie
Messinghausen03 Schuppen;Schuppen
Messinghausen03 WH;Einfamilienhaus,Schrankenposten,Blockstelle,FassadeRot,DachGrau
Messinghausen04 Stw Mf;Stellwerk
Messinghausen05 Bstg Nieder Dl;Bahnsteig
Messinghausen05 Bstg Nieder Dr;Bahnsteig
Messinghausen06 P254;Schrankenposten
Messinghausen07 Fabrik a;Industrie
Messinghausen07 Fabrik b;Industrie
Messinghausen09 P257;Schrankenposten
Messinghausen09 WHaus am P257;Zweifamilienhaus,FassadeBlau,DachRot
Messinghausen10 P250;Schrankenposten
Messinghausen11 BHof80a;Bauernhof,FassadeZiegel,DachRot
Messinghausen11 BHof80b;Bauernhof,FassadeFachwerk,DachBraun
Messinghausen11 BHof80c;Einfamilienhaus,Bauernhof,FassadeZiegel,DachBraun
Messinghausen11 Garage82;Garage
Messinghausen11 KG Haus79;FassadeGrau,DachSchwarz,Schützenhalle
Messinghausen11 WHaus81;Einfamilienhaus,FassadeFachwerk,FassadeGrau,DachBraun
Messinghausen11 WHaus83;Mehrfamilienhaus,FassadeBeige,DachBraun
Messinghausen11 WHaus84;Bauernhof,Einfamilienhaus,FassadeZiegel,DachBraun
Messinghausen11 WHaus85;Mehrfamilienhaus,FassadeGrau,DachRot
Messinghausen11 WHaus86;Mehrfamilienhaus,FassadeWeiss,DachRot
Messinghausen11 WHaus87;Einfamilienhaus,FassadeFachwerk,DachRot
Messinghausen13 BHof;Bauernhof,FassadeZiegel,FassadeFachwerk,DachRot
Messinghausen13 Scheune;Bauernhof,Scheune
Messinghausen14 Felsen;Terrain
Messinghausen15 FaSchirm;Industrie
Messinghausen16 LHalle65 a;Industrie
Messinghausen16 LHalle65 b;Industrie
Messinghausen16 WHaus62a;Einfamilienhaus,FassadeWeiss,DachSchwarz,MitBalkon
Messinghausen16 WHaus62b;Einfamilienhaus,FassadeWeiss,DachSchwarz
Messinghausen16 WHaus62c;Mehrfamilienhaus,FassadeWeiss,DachSchwarz
Messinghausen16 WHaus65;Mehrfamilienhaus,FassadeWeiss,DachSchwarz,Gewerbe
Messinghausen16 WHaus67;Einfamilienhaus,FassadeBeige,DachSchwarz
Messinghausen16 WHaus68;Einfamilienhaus,FassadeGrau,FassadeFachwerk,DachSchwarz
Messinghausen16 WHaus69;Mehrfamilienhaus,FassadeGrau,DachGrau
Messinghausen17 Halle;Industrie
Messinghausen17 Volksbank;Einfamilienhaus,Gewerbe,FassadeGrau,DachRot
Messinghausen17 WHaus39;Mehrfamilienhaus,FassadeGrau,DachGrau,DachSchwarz,Doppelhaus
Messinghausen17 WHaus40;Zweifamilienhaus,MitBalkon,FassadeBeige,DachSchwarz
Messinghausen17 WHaus41;Einfamilienhaus,FassadeGrau,DachSchwarz
Messinghausen17 WHaus43-b;Einfamilienhaus,FassadeGrau,DachSchwarz
Messinghausen17 WHaus43-c;Einfamilienhaus,FassadeGrau,DachGrau
Messinghausen17 WHaus43;Einfamilienhaus,FassadeGrau,DachRot
Messinghausen17 WHaus47;Einfamilienhaus,FassadeGrau,DachRot,MitGarage
Messinghausen18 BHof41 a;Bauernhof,Kulisse
Messinghausen18 BHof41 b;Bauernhof,Kulisse
Messinghausen18 BHof41 c;Bauernhof,Kulisse,Scheune
Messinghausen18 Garagen46;Garage
Messinghausen18 Kirche29;Kirche
Messinghausen18 WHaus36;Einfamilienhaus,FassadeFachwerk,DachSchwarz
Messinghausen18 WHaus42;Mehrfamilienhaus,Gasthaus,FassadeFachwerk,DachSchwarz,Gewerbe
Messinghausen18 WHaus44;Einfamilienhaus,FassadeGrau,MitGarage,DachGrau
Messinghausen18 WHaus46;Bauernhof,Einfamilienhaus,FassadeGrau,FassadeFachwerk,DachGrau
Messinghausen19 Schule54;Schule
Messinghausen19 WHaus54;Einfamilienhaus,FassadeGelb,DachRot,MitBalkon,Walmdach
Messinghausen19 WHaus55a;Mehrfamilienhaus,FassadeWeiss,DachSchwarz
Messinghausen19 WHaus55b;Mehrfamilienhaus,FassadeWeiss,DachGrau
Messinghausen19 WHaus56;Mehrfamilienhaus,FassadeZiegel,FassadeGrau,DachSchwarz
Messinghausen19 WHaus56a;Einfamilienhaus,FassadeGrau,DachGrau
Messinghausen19 WHaus56b;Mehrfamilienhaus,FassadeGrau,FassadeZiegel,DachSchwarz
Messinghausen19 WHaus57;Einfamilienhaus,FassadeGrau,DachGrau
Messinghausen19 WHaus58;Bauernhof,Einfamilienhaus,FassadeFachwerk,DachRot
Messinghausen20 LHalle;Industrie
Messinghausen21 KHaus011;Mehrfamilienhaus,FassadeGrau,DachBraun
Messinghausen21 KHaus012;Mehrfamilienhaus,FassadeBeige,DachBraun
Messinghausen21 KHaus013;Mehrfamilienhaus,FassadeWeiss,DachBraun
Messinghausen21 KHaus014;Mehrfamilienhaus,FassadeWeiss,DachBraun
Messinghausen21 KHaus021;Mehrfamilienhaus,FassadeGrau,DachBraun
Messinghausen21 KHaus031;Mehrfamilienhaus,FassadeGrau,DachSchwarz
Messinghausen21 KHaus041;Mehrfamilienhaus,FassadeGrau,DachGrau
Messinghausen21 KHaus111;Mehrfamilienhaus,FassadeGrau,DachBraun
Messinghausen21 KHaus211;Einfamilienhaus,FassadeGrau,DachBraun
Tunnel BeringhausenOst;Tunnel
Tunnel BeringhausenWest;Tunnel
Tunnel Messinghausen1;Tunnel
Tunnel Messinghausen2;Tunnel
BRoehre;Durchlass
Hoppecke01 FBau-1;Industrie,Büro
Hoppecke01 FBau-2;Industrie,Büro,Verwaltung,Walmdach
Hoppecke01 FBau-3;Industrie
Hoppecke01 FBau-4a;Industrie,Büro
Hoppecke01 FBau-4b;Industrie,FassadeZiegel
Hoppecke01 FBau-4c;Industrie,FassadeZiegel
Hoppecke01 FBau-4d;Industrie,Büro,Verwaltung,FassadeZiegel,DachGrau
Hoppecke01 FBau-4e;Industrie,Büro,Verwaltung,FassadeZiegel,DachGrau
Hoppecke01 FBau-5a;Industrie,Werkstatt
Hoppecke01 FBau-5b;Industrie
Hoppecke01 FBau-5c;Industrie,Kulisse,Werkstatt
Hoppecke01 FBau-6;Industrie,FassadeZiegel
Hoppecke01 FBau-7;Industrie
Hoppecke01 FBau-8;Industrie
Hoppecke01 FBau-8b;Industrie
Hoppecke01 Gastank;Industrie,Tank,Tankanlage
Hoppecke01 Heizwerk;Industrie,Schornstein
Hoppecke01 Rampe1;Laderampe,Seitenrampe
Hoppecke02 Kloster;Kloster
Hoppecke02 Stadthalle;Schützenhalle,Industrie,Photovoltaik,Solar
Hoppecke02 WHaus90 a;Mehrfamilienhaus,FassadeBeige,DachRot
Hoppecke02 WHaus90 b;Mehrfamilienhaus,FassadeGrau,DachSchwarz
Hoppecke03 BHof101;Bauernhof,FassadeGrau,DachRot,Dreiseithof
Hoppecke03 BHof6;Bauernhof,FassadeWeiss,DachSchwarz
Hoppecke03 WHaus1;Einfamilienhaus,FassadeBeige,DachRot
Hoppecke03 WHaus102;Einfamilienhaus,FassadeGrau,DachSchwarz
Hoppecke03 WHaus105;Einfamilienhaus,FassadeBraun,DachSchwarz
Hoppecke03 WHaus11;Mehrfamilienhaus,FassadeGrau,DachSchwarz
Hoppecke03 WHaus12;Mehrfamilienhaus,FassadeGrau,DachSchwarz
Hoppecke03 WHaus13;Mehrfamilienhaus,FassadeBeige,DachGrau
Hoppecke03 WHaus14;Einfamilienhaus,FassadeGrau,DachBraun
Hoppecke03 WHaus2;Einfamilienhaus,FassadeGrau,DachGrau
Hoppecke03 WHaus3;Einfamilienhaus,FassadeGrau,DachSchwarz
Hoppecke03 WHaus4;Mehrfamilienhaus,FassadeWeiss,DachSchwarz
Hoppecke03 WHaus5;Einfamilienhaus,FassadeGrau,DachGrau
Hoppecke03 WHaus98a;Einfamilienhaus,FassadeGrau,DachBraun
Hoppecke03 WHaus98b;Mehrfamilienhaus,FassadeGrau,DachSchwarz
Hoppecke03 WHaus99;Mehrfamilienhaus,FassadeGrau,DachSchwarz,MitGarage
Hoppecke04 EG;Empfangsgebäude
Hoppecke04 Rampe2;Laderampe,Seitenrampe
Hoppecke06 Posten247;Schrankenposten
Hoppecke08 Kirche;Kirche
Hoppecke09 Posten246;Schrankenposten
Lattenzaun gruen 5m;Zaun
Rampe P246;Laderampe,Seitenrampe,Kopframpe
Brilon02 Fleischerei45;Mehrfamilienhaus,Gewerbe,FassadeWeiss,DachSchwarz
Brilon02 Hotel44;Hotel,Gasthaus
Brilon02 Sparkasse;Mehrfamilienhaus,Gewerbe,FassadeWeiss,DachSchwarz
Brilon02 WHaus36;Einfamilienhaus,FassadeBlau,DachGrau
Brilon02 WHaus43a;Mehrfamilienhaus,FassadeGrau,DachSchwarz
Brilon02 WHaus43b;Mehrfamilienhaus,Garten,FassadeWeiss,DachSchwarz
Brilon02 WHaus46;Einfamilienhaus,FassadeFachwerk,DachSchwarz
Brilon02 Whaus39;Zweifamilienhaus,MitBalkon,FassadeGrau,DachGrau,MitGarage
Brilon03 EG;Empfangsgebäude
Brilon03 EG Anbau;Schuppen,FassadeFachwerk,Reihenhaus,DachRot
Brilon03 NG Gl-3-5;Bahnsteig
Brilon03 NG Gl-7-9;Bahnsteig
Brilon03 Stuetzmauer;Stützmauer
Brilon03 WHaus28;Mehrfamilienhaus,FassadeZiegel,FassadeWeiss,DachSchwarz
Brilon03 WHaus29;Mehrfamilienhaus,FassadeWeiss,FassadeSchwarz,DachSchwarz
Brilon03 WHaus30;Mehrfamilienhaus,Gewerbe,FassadeGrau,DachGrau
Brilon03 WHaus31;Einfamilienhaus,Gewerbe,Gasthaus,FassadeGrau,DachSchwarz
Brilon03 WHaus32;Mehrfamilienhaus,FassadeGrau,DachSchwarz
Brilon03 WHaus33a;Mehrfamilienhaus,DachSchwarz,FassadeBeige
Brilon03 WHaus33b;Mehrfamilienhaus,DachSchwarz,FassadeGrau
Brilon03 WHaus33c;Mehrfamilienhaus,DachSchwarz,FassadeWeiss
Brilon04 Halle;Industrie
Brilon05 FW-Haus;Zweifamilienhaus,FassadeFachwerk,DachBraun
Brilon05 FW-Haus10;Bauernhof,FassadeBraun,FassadeFachwerk,DachGrau
Brilon05 GHaus 1;Gasthaus,FassadeFachwerk,DachSchwarz
Brilon05 K-Anlage a;Bauernhof,Scheune,Industrie,FassadeHolz,DachGrau
Brilon05 K-Anlage b;Bauernhof,Schuppen,Industrie,FassadeHolz,DachGrau
Brilon05 K-Anlage c;Industrie,FassadeGrau,DachGrau
Brilon05 WHaus 3;Einfamilienhaus,FassadeFachwerk,DachGrau
Brilon05 WHaus 8;Mehrfamilienhaus,FassadeWeiss,DachSchwarz
Brilon06 Stw Bf;Stellwerk
Brilon06 Stw Bo;Stellwerk
Brilon09 GA;Güterschuppen,Güterabfertigung
Brilon11 L-Schuppen;Lokschuppen
Brilon12 Werkstatt;Schuppen,Industrie,Bahnmeisterei
Brilon13 BHaus 1;Industrie,Büro,FassadeGrau,DachGrau,Verwaltung
Brilon13 BHaus 1 b;Industrie,Büro,FassadeGrau,DachGrau,Werkstatt,Walmdach
Brilon13 BHaus 2;Industrie,Büro,FassadeGrau,DachGrau,Walmdach,Verwaltung
Brilon13 Drei Ofen;Industrie,Silo
Brilon13 Essigturm;Industrie,FassadeZiegel
Brilon13 F-Anlage;Industrie,Kieswerk
Brilon13 WHalle 1;Industrie
Brilon13 WHalle 2;Industrie
Brilon13 WHalle 3;Industrie
Brilon13 WHalle 4;Industrie
Brilon13 WHaus1;Mehrfamilienhaus,FassadeGrau,DachGrau
Brilon14 P245;Schrankenposten
Brilon16 FM-Kasten;Schaltschrank
Brilon17 WH47 48;Industrie
Brilon17 WHaus50;Industrie
ElleringhaeuserTunnel Ost;Tunnel
Lattenzaun gruen 2m;Zaun
Tunnel Guden Nordseite;Tunnel
Tunnel Guden Suedseite;Tunnel
UF km 69 147;Brücke
ElleringhaeuseTunnel West;Tunnel
Elleringhausen01 Posten240;Schrankenposten
Elleringhausen02 WHaus;Einfamilienhaus,FassadeGrau,DachGrau,Blockstelle
Elleringhausen03 WHaus;Einfamilienhaus,FassadeHolz,DachBraun,Garten
Elleringhausen04 WHaus;Mehrfamilienhaus,FassadeGrau,DachBraun
03 03 Bstg 2 3 Dach 1;Bahnsteig,Bahnsteigdach
03 03 Bstg 2 3 Stuetze 1;Bahnsteig,Bahnsteigdach
03 03 Bstg 2 3 Stuetze 2;Bahnsteig,Bahnsteigdach
03 03 Bstg 2 3 Teil 1;Bahnsteig,Bahnsteigdach
03 03 Bstg 2 3 Teil 2;Bahnsteig,Bahnsteigdach
Bstg Blende 730;Bahnsteig,Bahnsteigdach
Kassel 14 Bstg Nieder ls;Bahnsteig
Kassel 14 Bstg Nieder rs;Bahnsteig
Olsb BiggeHaus10;Mehrfamilienhaus,FassadeBeige,DachGrau
Olsberg03 Stw Of;Stellwerk
Olsberg03 Stw Ow;Stellwerk
Olsberg06 EG;Empfangsgebäude
Olsberg06 GA;Güterschuppen,Güterabfertigung,Industrie,FassadeZiegel
Olsberg08 WHaus109a;Einfamilienhaus,FassadeBeige,DachSchwarz
Olsberg08 WHaus112;Mehrfamilienhaus,FassadeWeiss,DachSchwarz
Olsberg08 WHaus42;Mehrfamilienhaus,FassadeBeige,DachSchwarz,FassadeGrau,FassadeWeiss
Olsberg08 WHaus47;Zweifamilienhaus,FassadeGrau,DachSchwarz,MitGarage
Olsberg08 WHaus 8;Mehrfamilienhaus,FassadeWeiss,DachSchwarz
Tunnel Schellenstein Ost;Tunnel
Tunnel Schellenstein West;Tunnel
Bruecke km 231;Brücke,Durchlass,Unterführung
Hestertunnel Ost;Tunnel,Tunnelportal
Hestertunnel West;Tunnel,Tunnelportal
Nutt LangeHalle;Industrie,Lagerhalle
Nuttlar 05 Eingang;Industrie,Büro,GrundrissDreieck
Nuttlar 05 Halle a1;Industrie,Lagerhalle
Nuttlar 05 Halle a2;Industrie,Lagerhalle
Nuttlar 05 Halle b;Industrie,Lagerhalle
Nuttlar 05 Halle b oFS;Industrie,Lagerhalle
Nuttlar 05 Heizwerk;Industrie,Heizwerk
Nuttlar 06 WW;Industrie,Kraftwerk,Wasserkraftwerk
Nuttlar 08 Antfeld 7;Mehrfamilienhaus,FassadeWeiss,DachSchwarz
Nuttlar 08 Duemel Haus 1;Mehrfamilienhaus,FassadeWeiss,FassadeGrau,DachGrau,MitGarage
Nuttlar 08 Duemel Haus 2a;Einfamilienhaus,FassadeFachwerk,DachGrau
Nuttlar 08 Duemel Haus 2b;Mehrfamilienhaus,FassadeGrau,DachGrau
Nuttlar 08 Duemel Haus 3;Mehrfamilienhaus,FassadeWeiss,FassadeVerziert,DachGrau
Nuttlar 08 Duemel Haus 5;Zweifamilienhaus,FassadeSchwarz,DachSchwarz
Nuttlar 08 Duemel Haus 7;Mehrfamilienhaus,FassadeWeiss,DachSchwarz
Nuttlar 08 Hester;Gasthaus,Hotel
Nuttlar 08 Hester Schild;Schild
Nuttlar 08 WH Antf-1;Einfamilienhaus,FassadeZiegel,DachGrau,MitGarage
Nuttlar 08 WH Antf-1b;Einfamilienhaus,FassadeWeiss,FassadeGrau,DachGrau,MitGarage
Nuttlar 08 WH Antf-3;Einfamilienhaus,FassadeWeiss,DachSchwarz,MitGarage
Nuttlar 08 WH Antf-5;Einfamilienhaus,FassadeBeige,DachGrau,MitGarage
Nuttlar 09 SHalle;Schützenhalle
Nuttlar 09 WHaus;Einfamilienhaus,FassadeFachwerk,DachGrau,MitGarage
Nuttlar 11 Kirche;Kirche
Nuttlar 13 FaFriederichs;Büro,Mehrfamilienhaus,FassadeBlau,FassadeWeiss,DachGrau
Nuttlar 13 H Haus;Einfamilienhaus,FassadeGrau,DachGrau
Nuttlar 13 Tankstelle;Tankstelle
Nuttlar 13 WHaus 1;Einfamilienhaus,FassadeGrau,DachGrau
Nuttlar 13 WHaus 2;Zweifamilienhaus,FassadeGrau,DachGrau
Nuttlar 14 Anbau 3;Industrie,FassadeWeiss,DachGrau,Werkstatt
Nuttlar 14 Haus 2;Mehrfamilienhaus,FassadeGrau,FassadeBlau,DachSchwarz
Nuttlar 14 Haus 3;Mehrfamilienhaus,FassadeGrau,DachSchwarz
Nuttlar 15 Rattenloch;Durchlass
Nuttlar 16 P229;Schrankenposten
Nuttlar 17 Formbau;Industrie,Lagerhalle
Nuttlar 18 WHaus a;Mehrfamilienhaus,FassadeWeiss,FassadeVerziert,DachSchwarz
Nuttlar 18 WHaus ab;Mehrfamilienhaus,FassadeWeiss,FassadeGrau,DachGrau,FassadeVerziert
Nuttlar 18 WHaus b;Mehrfamilienhaus,FassadeVerziert,FassadeWeiss,FassadeGrau,DachGrau
Nuttlar 18 WHaus c;Mehrfamilienhaus,FassadeGrau,DachSchwarz
Nuttlar 19 KG;Büro,FassadeFachwerk,DachGrau
Nuttlar 20 Felix H1;Industrie,Spedition
Nuttlar 20 Felix H2;Industrie,Büro
Nuttlar 20 Felix H3;Industrie,Lagerhalle
Nuttlar 21 Schneider;Industrie
Nuttlar 22 SP;Sport,Sportplatz,Fußball
Nuttlar 22 SP Haus;Schuppen,Sport
Nuttlar 26 Stw;Stellwerk
Nuttlar 27 BK Nuttlar Ost;Stellwerk,Schrankenposten
Nuttlar 28 Kapelle;Kapelle
Ruhrbruecke Duemel;Brücke,Steinbrücke
Bestwig 10 Wh Alfert 1;Einfamilienhaus,FassadeGrau,FassadeFachwerk,DachSchwarz
Bestwig 10 Wh Alfert 2;Zweifamilienhaus,FassadeGrau,FassadeFachwerk,DachGrau
Bestwig 10 Wh Alfert 4;Zweifamilienhaus,FassadeGrau,DachGrau
Bestwig 10 Wh Alfert 5;Zweifamilienhaus,FassadeGrau,DachSchwarz,MitGarage
Bestwig 11 Apotheke;Mehrfamilienhaus,Gewerbe,FassadeGrau,DachSchwarz
Bestwig 11 Caritas;Bungalow,Reihenhaus,Gewerbe
Bestwig 11 Edeka;Gewerbe
Bestwig 11 FW Haus;Mehrfamilienhaus,FassadeFachwerk,Gewerbe,DachSchwarz
Bestwig 11 Volksbank;Gewerbe,Mehrfamilienhaus,FassadeGrau,DachGrau,Stadthaus
Bestwig 11 WHaus 1a;Mehrfamilienhaus,FassadeGrau,DachGrau
Bestwig 11 WHaus 1b;Mehrfamilienhaus,Reihenhaus,Gewerbe,FassadeGrau,DachSchwarz
Bestwig 11 WHaus 1c;Mehrfamilienhaus,Reihenhaus,Gewerbe,FassadeGrau,DachSchwarz
Bestwig 11 WHaus 3;Einfamilienhaus,Stadthaus,Reihenhaus,Gewerbe,FassadeGrau,DachGrau
Bestwig 11 WHaus 5;Einfamilienhaus,Gewerbe,FassadeFachwerk,DachSchwarz
Bestwig 11 Ziegelhaus;Mehrfamilienhaus,Stadthaus,FassadeZiegel,DachSchwarz
Bestwig 12 Kirche;Kirche
Bestwig 15 Henke;Gewerbe
Bestwig 18 FWHaus;Bauernhof,Einfamilienhaus,FassadeFachwerk,DachGrau
Bestwig 19 Halle 1a;Industrie
Bestwig 19 Halle 1ab;Industrie
Bestwig 19 Halle 1b;Industrie
Bestwig 19 Halle 2;Industrie
Bestwig 19 Halle 4;Industrie
Bestwig 19 Halle 4a;Industrie,Schuppen
Bestwig 19 Uebergang;Industrie,Büro
Bestwig 19 Verwaltung;Industrie,Büro
Bestwig 19 Werkstatt;Industrie
Bestwig 20 Moebelmarkt;Industrie
Bestwig 21 MMB Lager;Industrie,Schuppen,Spedition
Bestwig 22 WHaus;Einfamilienhaus,FassadeBeige,DachGrau
Bestwig 22 WHaus 2;Mehrfamilienhaus,FassadeBeige,DachGrau
Bestwig 22 WHaus 3;Mehrfamilienhaus,FassadeBeige,DachGrau
Bestwig 22 WHaus 4;Mehrfamilienhaus,FassadeGrau,DachSchwarz
Bestwig 23 Blumenmarkt;Gewerbe,Einfamilienhaus,FassadeWeiss,DachSchwarz
Bestwig 23 FG Gebaude 1;Gewerbe,Industrie
Bestwig 23 FG Gebaude 2;Mehrfamilienhaus,Gewerbe,FassadeGrau,Flachdach
Bestwig 23 Fahrschule;Einfamilienhaus,FassadeGrau,FassadeSchiefer,DachSchwarz
Bestwig 23 Friseur;Gewerbe,Mehrfamilienhaus,FassadeGrau,DachSchwarz
Bestwig 23 GH Anbau;Einfamilienhaus,FassadeWeiss,DachSchwarz,MitGarage
Bestwig 23 Gasthaus Hengsbach;Gasthaus,FassadeWeiss,DachGrau
Bestwig 23 Hegener;Industrie
Bestwig 23 Hogrebe;Gewerbe,Einfamilienhaus,FassadeWeiss,DachSchwarz
Bestwig 23 WHaus 105;Gewerbe,Mehrfamilienhaus,FassadeWeiss,DachSchwarz
Bestwig 23 WHaus 107;Gewerbe,Einfamilienhaus,FassadeGrau,DachGrau
Bestwig 23 WHaus 111;Einfamilienhaus,FassadeGrau,DachSchwarz
Bestwig 23 WHaus 113a;Mehrfamilienhaus,FassadeGrau,DachGrau,FassadeSchiefer
Bestwig 23 WHaus 113b;Mehrfamilienhaus,FassadeGrau,FassadeWeiss,DachGrau,DachSchwarz
Bestwig 23 WHaus 115;Mehrfamilienhaus,FassadeGrau,FassadeWeiss,DachSchwarz
Bestwig 23 WHaus 117;Einfamilienhaus,FassadeWeiss,DachGrau
Bestwig 23 WHaus 119;Mehrfamilienhaus,FassadeGrau,FassadeWeiss,DachGrau,DachSchwarz
Bestwig 23 WHaus 121;Mehrfamilienhaus,DachSchwarz,Stadthaus
Bestwig 23 WHaus 129;Einfamilienhaus,FassadeGrau,DachGrau,FassadeSchiefer
Bestwig 23 WHaus 131a;Mehrfamilienhaus,FassadeGrau,DachGrau
Bestwig 24 FaSchild;Schild,Industrie
Bestwig 24 Lager-2;Industrie,Betonwerk
Bestwig 24 Silo;Industrie,Silo,Betonwerk
Bestwig 24 Verladung;Industrie,Betonwerk
Bestwig 24 Verwaltung;Einfamilienhaus,FassadeBeige,DachRot
Bestwig 25 WHalle 1;Industrie
Bestwig 25 WHalle 2;Industrie
Bestwig 25 WHalle 3;Industrie
Bestwig 26 WW;Kraftwerk,Wasserkraftwerk,Industrie
Bestwig EG;Empfangsgebäude
HildGbf 01 Hmf;Stellwerk
HildGbf 02 Hw;Stellwerk
Bestwig Stw Bf;Stellwerk,Bahnmeisterei
Bestwig Stw Bm;Stellwerk
Bestwig Stw Bo;Stellwerk
Elpebruecke;Brücke
Hahn;Wetterhahn
Laterne Gleis3 mit Schild;Beleuchtung,Schild
Laterne Gleis3 ohne Schild;Beleuchtung
Po228;Schrankenposten
Ringlokschuppen;Lokschuppen,Betriebswerk
Ruhrbruecke;Brücke
Topfbaum;Baum,Pflanze
18 Dirichs;Industrie,FassadeWeiss
Hoppecke07 KHaus;FassadeFachwerk,Gewerbe,Gasthaus,DachSchwarz
Eversberg 01 EG;Empfangsgebäude
Eversberg 01 Schuppen;Schuppen,Industrie,FassadeHolz,DachRot
Eversberg 03 Stw Evf;Stellwerk
Eversberg 04 Stw Evo;Stellwerk
Eversberg 05 Sperrwerk;Wasser,Fluss,Industrie
Eversberg 06 HBue 48;Einfamilienhaus,FassadeGrau,DachGrau,DachSchwarz
Eversberg 07 Busch;Industrie
Eversberg 08 SP;Sport,Sportplatz
Eversberg 08 SP Haus;Sport,Schuppen
Eversberg 09 FW Haus;Einfamilienhaus,FassadeGrau,DachGrau,DachSchwarz,FassadeSchiefer,FassadeFachwerk
Eversberg 10 BoFrost;Industrie
Eversberg 11 Kirche;Kirche
Eversberg 12 Sp Haeger;Industrie,Spedition
Eversberg 13 Sp Buengener;Industrie,Spedition
Eversberg 14 Sp NN;Industrie,Spedition
Eversberg 15 Ruine;Bauernhof,Ruine,FassadeGrau,DachGrau
Eversberg 16 FW Haus;Bauernhof,Mehrfamilienhaus,FassadeFachwerk,DachBraun
Eversberg 16 SH Velmede;Schützenhalle
Eversberg 21 WHaus 1;Einfamilienhaus,Zweifamilienhaus,FassadeGrau,FassadeWeiss,DachGrau,DachSchwarz
Eversberg 21 WHaus 13;Einfamilienhaus,FassadeSchiefer,FassadeGrau,FassadeSchwarz,DachGrau,DachSchwarz
Eversberg 21 WHaus 15;Einfamilienhaus,FassadeGrau,DachGrau,DachSchwarz
Eversberg 21 WHaus 17;Mehrfamilienhaus,FassadeSchiefer,DachSchwarz,FassadeGrau
Eversberg 21 WHaus 19;Mehrfamilienhaus,FassadeGrau,FassadeSchiefer,DachGrau,DachSchwarz
Eversberg 21 WHaus 21;Mehrfamilienhaus,FassadeGrau,FassadeSchiefer,DachGrau,DachSchwarz
Eversberg 21 WHaus 3;Mehrfamilienhaus,FassadeGrau,FassadeSchiefer,DachGrau,DachSchwarz
Eversberg 21 WHaus 5;Einfamilienhaus,Zweifamilienhaus,FassadeGrau,FassadeSchiefer,DachGrau,DachSchwarz
Eversberg 21 WHaus 7;Einfamilienhaus,Zweifamilienhaus,FassadeGrau,DachGrau
Eversberg 21 WHaus 9;Mehrfamilienhaus,FassadeWeiss,FassadeGrau,DachGrau,DachSchwarz,MitBalkon
Eversberg 23 Schuppen;Schuppen,FassadeFachwerk,FassadeSchiefer,DachGrau
Eversberg 23 WHaus;Zweifamilienhaus,FassadeGrau,FassadeSchiefer,DachGrau,DachSchwarz
Eversberg 24 Gasthof;Gasthaus,FassadeGelb,DachSchwarz
Eversberg 24 Remise;Gasthaus,Scheune,Schuppen,FassadeFachwerk,FassadeBraun,DachGrau,DachSchwarz
Eversberg 25 WHaus 1;Mehrfamilienhaus,FassadeWeiss,DachSchwarz
Eversberg 25 WHaus 11;Mehrfamilienhaus,FassadeWeiss,DachSchwarz
Eversberg 25 WHaus 11b;Mehrfamilienhaus,FassadeWeiss,DachGrau,FassadeGrau
Eversberg 25 WHaus 1b;Mehrfamilienhaus,FassadeWeiss,DachSchwarz,FassadeGrau
Eversberg 25 WHaus 2;Mehrfamilienhaus,FassadeWeiss,DachSchwarz,MitBalkon
Eversberg 25 WHaus 2b;Mehrfamilienhaus,FassadeWeiss,DachGrau,FassadeGrau,MitBalkon
Eversberg 25 WHaus 3;Mehrfamilienhaus,FassadeGrau,DachSchwarz,MitBalkon
Eversberg 25 WHaus 3b;Mehrfamilienhaus,FassadeWeiss,DachSchwarz,FassadeGrau,MitBalkon
Eversberg 25 WHaus 4;Mehrfamilienhaus,FassadeWeiss,DachSchwarz,FassadeGrau
Eversberg 25 WHaus 4b;Mehrfamilienhaus,FassadeWeiss,DachSchwarz,FassadeGrau
Eversberg 25 WHaus 5;Mehrfamilienhaus,FassadeWeiss,DachSchwarz,FassadeGrau
Eversberg 25 WHaus 5b;Mehrfamilienhaus,FassadeWeiss,DachSchwarz,FassadeGrau
Eversberg 26 FaPilz Lagerhalle 1;Industrie
Eversberg 26 FaPilz Lagerhalle 2;Industrie,Halle,DachGrün
Eversberg 26 FaPilz Verwaltung;Industrie,Büro,Verwaltung
Eversberg 27 Schiessplatz;Sport,Schießstand
Eversberg 28 Schuetzenhalle;Schützenhalle
Eversberg 29 Eickhoff HG;Industrie
Eversberg 29 WHallen;Industrie
Eversberg 29 WStatt 1;Industrie,FassadeBeige,DachGrau
Eversberg 29 WStatt 2;Industrie,FassadeBeige,DachGrau
Eversberg 31 Kotthoff;Industrie
Eversberg 31 LHalle;Industrie
Eversberg 32 Eckhaus;Zweifamilienhaus,FassadeSchiefer,FassadeGrau,DachGrau
Eversberg 33 S Stuben;Gasthaus,FassadeSchiefer,DachGrau,FassadeBeige
Eversberg 34 Basalt Verladung;Industrie,Kieswerk
Eversberg 34 Waage;Industrie,Kieswerk
Eversberg 35 P225;Schrankenposten
Eversberg 36 Klaerbecken lang;Industrie,Kläranlage
Eversberg 36 Klaerbecken rund;Industrie,Kläranlage
Eversberg Ruhrbruecke;Brücke
Hahn;Kirche,Wetterhahn
Wehrstapel 01 KIrche;Kirche
Wehrstapel 01 Turm;Kirche
AGD Biogaskraftwerk;Industrie
AGD Biogaskraftwerk Nebengebauede;Industrie,Schuppen
AGD Edeka;Supermarkt
AGD Funkturm;Turm,Fernsehturm,Funkturm
AKAD EG;Empfangsgebäude,FassadeZiegel,DachGrau,DachSchwarz
AKAD SolthusenerWeg3a;Einfamilienhaus,Bungalow,FassadeZiegel,DachBraun
APO Alter Badweg 48 50;Zweifamilienhaus,Bungalow,FassadeZiegel,Doppelhaus,DachBraun
APO AmKurpark 2;Schuppen,Bungalow,Einfamilienhaus,FassadeZiegel
APO AmKurpark 3;Mehrfamilienhaus,FassadeZiegel,DachGrau
HildGbf 05 SBR Roemerring;Straßenbrücke,Betonbrücke,Bogenbrücke
APO EiderstedterStrasse 15;Einfamilienhaus,Gewerbe,FassadeZiegel,FassadeGelb,DachSchwarz
APO Feuerwache;Feuerwehr,Industrie,Garage,FassadeZiegel,DachGrau,DachSchwarz
APO Flugplatz;Kulisse,Flugplatz
APO Heedweg 15;Mehrfamilienhaus,Büro,Verwaltung,Gewerbe,FassadeWeiss,FassadeGrau,FassadeBeige,DachGrau,DachSchwarz
APO Hochhaus;Mehrfamilienhaus,Stadthaus,Hochhaus,FassadeBlau,FassadeGrau
APO Schule;Schule,Industrie,Verwaltung,Büro,FassadeZiegel,FassadeGelb,DachGrau
APO Schulstrasse 1;Einfamilienhaus,FassadeZiegel,FassadeGelb,DachSchwarz
APO Uebernachtungsgebaeude;Schuppen,FassadeZiegel,DachSchwarz
APSD Bahnsteigsschaukasten;Bahnsteig
ASPD EG 2008;Empfangsgebäude,Schuppen,FassadeZiegel,FassadeHolz,Industrie
ATAT Gueterrampe;Laderampe,Kopframpe
ATG EG;Empfangsgebäude,Stellwerk
ATG Gueterhalle;Güterabfertigung,FassadeZiegel,Industrie,DachGrau,DachSchwarz
ATG Kirche;Kirche
ATG St-Paulus-Kirche;Kirche
Bahnsteigslampe modern;Bahnsteig,Bahnsteiglampe
Bahnsteigslaterne 70er 4m;Bahnsteig,Bahnsteiglampe
Bahnsteigslaterne 70er 7m;Bahnsteig,Bahnsteiglampe
Boevergeest 105;Zweifamilienhaus,Gewerbe,FassadeGrau,DachBraun
Boevergeest 24;Einfamilienhaus,Bauernhof,FassadeGrau,DachReet
Boevergeest 24 Scheune;Bauernhof,Industrie,FassadeGrau,FassadeWeiss,DachSchwarz
Boevergeest 39;Einfamilienhaus,FassadeWeiss,DachReet
DB Wartehaus schmal;Wartehaus
Duesrenbrook 49;Einfamilienhaus,FassadeWeiss,FassadeGrau,DachBraun
EG BadSt-PeterOrding;Empfangsgebäude,FassadeZiegel
Entwasserungs-U-Rohr;Industrie
Fahrradstaender alt;Bahnhof,Bahnsteig
Gardinger Chaussee 4;Einfamilienhaus,FassadeZiegel,DachSchwarz,Gewerbe
Geestgraben 14;Einfamilienhaus,FassadeZiegel,DachSchwarz
Guelletank;Bauernhof,Kläranlage
Holzschwelle stehend;Zaun
Hotel Miramar;Hotel,FassadeZiegel,DachSchwarz,DachGrau
Kirche Katharienenheerd;Kirche
Kirche St Peter Dorf;Kirche
Kirchturm Katharienenheerd;Kirche
Martje-Flohrs-Strasse 31;Bauernhof,FassadeZiegel,DachBraun,DachReet
Muehlengraben 10;Einfamilienhaus,MitBalkon,Zweifamilienhaus,FassadeZiegel,DachBraun
Muehlengraben 22a;Bauernhof,Schuppen,Scheune
Owelsweg 1 Scheune;Bauernhof,Scheune,Industrie
Papierkorb modern;Bahnsteig
SPD Fischraeucherei;Industrie,FassadeZiegel
SPD Getraenkehandel;Industrie,Supermarkt
SPD Lidl;Supermarkt
SPD Lidl Schild1;Schild,Supermarkt
SPD Lidl Schild2;Schild,Supermarkt
SPD Sky;Industrie,Supermarkt
Schaukasten kleiner;Bahnsteig
Schild Strandparken1;Schild
Schild Strandparken2;Schild
Schild Wasserschieber;Schild
Schuppen SuDkasse;Schuppen,Industrie
Selkstrasse 2;Mehrfamilienhaus,FassadeZiegel,DachBraun
Sitzbank modern l;Bahnsteig
Sitzbank modern r;Bahnsteig
Suedergeest 42;Einfamilienhaus,FassadeZiegel,FassadeBraun,DachSchwarz,MitGarten
Suedermarschweg 6;Einfamilienhaus,FassadeZiegel,DachSchwarz
Suedermarwschweg 12;Einfamilienhaus,Bungalow,FassadeZiegel,DachSchwarz,MitGarage
Suedermarwschweg 14;Einfamilienhaus,Bungalow,FassadeZiegel,DachSchwarz,MitGarage
Verkehrszeichenmast 3m;Schild
AWI 00 Baum02 Bb;Baum,Pflanze
Wartehaus modern1;Bahnsteig,Bushaltestelle
Westerstrasse 24;Mehrfamilienhaus,MitGarage,FassadeGrau,DachGrau,DachSchwarz
Windkraftwerk h80m;Windkraftanlage
Ruhrbruecke Laer;Brücke
Mesch01a Treppenzugang 1;Bahnsteig
Mesch01a Treppenzugang 2;Bahnsteig
Mesch01a Tunnelabdeckung;Unterführung
Mesch05 SBG-Haus 1;Mehrfamilienhaus,FassadeWeiss,DachSchwarz
Mesch05 SBG-Haus 2;Mehrfamilienhaus,FassadeBeige,DachSchwarz
Mesch06 Scheune;Bauernhof,Scheune,Schuppen
Mesch06 Wasserwerk;Industrie,Wasserwerk
Mesch07 HonselHalle1;Industrie
Mesch07 HonselHalle2;Industrie
Mesch07 HonselHalle3;Industrie
Mesch07 Honselschornstein;Industrie
Mesch10 Tankanlage blau;Industrie,Tank,Tankanlage
Mesch10 Tankanlage gelb;Industrie,Tank,Tankanlage,Silo
Mesch11 FMT13;Fernsehturm,FMT13,Kulisse,Typenturm
Mesch17 Walburgaschule;Kulisse,FassadeGelb,DachSchwarz,Verwaltung,Büro,Schule
Mesch20 Nepomukbruecke;Brücke
Mesch23 Garage;Garage
Mesch23 RWE Stuetzpunkt;Industrie,Büro,Verwaltung
Mesch26 Saegewerk Haupthalle;Industrie
Mesch26 Saegewerk Haus;Einfamilienhaus,FassadeSchiefer,FassadeWeiss,FassadeZiegel,DachGrau
Mesch28 Wieseholz;Kulisse,Industrie
Mesch31 Fernmeldeamt;Post,Kulisse,Verwaltung,Büro,Hochhaus
Mesch32 Hallenbad;Schwimmbad
Mesch32 Nichtschwimmerbecken 30x20;Schwimmbad
Mesch32 Schwimmbecken 50x20;Schwimmbad
Mesch Autohaus;Industrie
Mesch BuschKG;Industrie
Mesch Dach Bstg2-3;Bahnsteig,Bahnsteigdach
Mesch EG;Empfangsgebäude
Mesch Fahrzeugbau;Industrie
Mesch Gueterhalle;Industrie,Güterschuppen,Güterabfertigung
Mesch Klosterkirche;Kirche
Mesch Po218;Schrankenposten
Mesch SchinkenMeschede;Industrie,Kulisse
Mesch Stw Mf;Stellwerk
Mesch Stw Mw;Stellwerk
Meschede 51 Alter Bf;Empfangsgebäude,Büro,Verwaltung,FassadeSchiefer,DachGrau
Meschede 52 Ricke;Industrie
Meschede 53 bl Haus;Einfamilienhaus,Zweifamilienhaus,FassadeBlau,DachGrau
Meschede 54 CDU Haus;Stadthaus,FassadeGrau,DachSchwarz,Gewerbe,Verwaltung,Büro
Meschede 55 Salingre;Mehrfamilienhaus,Gewerbe,DachSchwarz,DachGrau,FassadeBeige
Meschede 56 Gartenmarkt;Industrie
Meschede 56 Schuppen;Schuppen,Industrie,FassadeWeiss,DachGrau,Bahnmeisterei,Werkstatt
Meschede 57 RP Haus 1;Hochhaus,Gewerbe,FassadeWeiss
Meschede 57 RP Haus 2;Stadthaus,Mehrfamilienhaus,Gewerbe,DachSchwarz,DachGRau,FassadeGrau
Meschede 58 Leisse;Zweifamilienhaus,FassadeSchiefer,DachGrau
Meschede 59 H Kirche;Kirche
Meschede 60 Huette;Gartenlaube,Schuppen,Schrebergarten,FassadeHolz
Meschede 61 Korff;Stadthaus,Gewerbe,FassadeGelb,DachGrau,Hotel
Meschede 62 Kolping Haus 1;Mehrfamilienhaus,Gewerbe,FassadeGrau,FassadeGrün,DachSchwarz
Meschede 63 Kolping Haus 1;Einfamilienhaus,FassadeGrau,DachSchwarz
Meschede 64 WHaus8;Einfamilienhaus,FassadeGrau,DachSchwarz
Meschede 64 WHaus 3;Mehrfamilienhaus,FassadeGrau,DachSchwarz,MitBalkon
Meschede 65 GHaus 1;Zweifamilienhaus,Gewerbe,FassadeBlau,DachSchwarz
Meschede 66 Haus 1;Mehrfamilienhaus,DachSchwarz,Gewerbe,FassadeGrau,Reihenhaus
Meschede 66 Haus 2;Mehrfamilienhaus,Reihenhaus,FassadeGrau,FassadeWeiss,Gewerbe
Meschede 66 Haus 3;Mehrfamilienhaus,Reihenhaus,FassadeGrau,FassadeWeiss,Gewerbe
Meschede 66 Haus 4;Mehrfamilienhaus,Reihenhaus,Gewerbe,FassadeWeiss,DachSchwarz
Meschede 67 Betonzaun;Zaun,Tiefgarage
Meschede 67 Post;Stadthaus,Post
Meschede 68 Haus 1;Reihenhaus,Gewerbe,FassadeWeiss,DachSchwarz
Meschede 68 Haus 2;Reihenhaus,Gewerbe,FassadeSchiefer,DachGrau
Meschede 68 Haus 3;Reihenhaus,Mehrfamilienhaus,FassadeGrün,FassadeSchiefer,DachSchwarz,MitGarage
Meschede 69 Haus;Mehrfamilienhaus,Reihenhaus,FassadeGrau,FassadeRot,DachGrau,DachSchwarz
Meschede 70 Haus 1;Einfamilienhaus,FassadeFachwerk,FassadeGrau,DachGrau
Meschede 70 Haus 2;Mehrfamilienhaus,FassadeWeiss,DachSchwarz
Meschede 70 Haus 3;Zweifamilienhaus,FassadeWeiss,DachSchwarz
Meschede 71 Schafstall;Bauernhof,Scheune,Schloss
Meschede 72 Schleifscheibenfabrik;Industrie
Meschede 73 Sophienweg Haus 1;Einfamilienhaus,FassadeWeiss,DachGrau,MitGarage
Meschede 74 MIT;Verwaltung,Büro
Meschede 75 SP Zug Huette;Schuppen,Industrie
Meschede 76 Umspannwerk;Industrie,FassadeZiegel
Meschede 77 Obergrabenwehr;Stauwehr
Meschede 78 Bude;Schuppen,FassadeZiegel,Industrie
Meschede 79 VHS;Mehrfamilienhaus,Gewerbe,FassadeWeiss,FassadeGrau,DachGrau
Meschede 80 P219;Schrankenposten
Meschede 81 DRK;Mehrfamilienhaus,FassadeGrau,FassadeSchiefer,Gewerbe,DachGrau,DachSchwarz
Meschede 82 Kolping Haus 4;Mehrfamilienhaus,FassadeGrau,FassadeBeige,DachSchwarz
Meschede 83 K Haus 5;Einfamilienhaus,FassadeWeiss,DachGrau,MitGarten
Meschede 84 Haus am ESig;Einfamilienhaus,FassadeZiegel,DachSchwarz,MitGarage
Meschede 85 Wasserbauwerk;Schuppen,Industrie
Meschede 86 Gebaeude 1;Industrie
Meschede 86 Gebaeude 2;Industrie
Meschede 86 SP Werk;Stauwehr
Meschede 87 Raiffeisen;Industrie,Güterschuppen
Meschede 88 P215;Schrankenposten
Obergrabenbruecke;Brücke,Eisenbahnbrücke,Stahlbrücke
Schild Gleis2;Schild,Gleis2
Schild Gleis3;Schild,Gleis3
AGD Kirche;Kirche
AKAD M-F-Str 5 Haubarg;Bauernhof,DachBraun,DachReet,FassadeGrau
ATAT Kirche;Kirche
ATG Bahnhofstr 13;Mehrfamilienhaus,FassadeZiegel,DachSchwarz
ATG Bahnhofstr 19;Mehrfamilienhaus,FassadeZiegel,DachSchwarz
ATG Funkturm;Funkturm,Fernsehturm
ATG Windmuehle;Industrie,FassadeZiegel
Bauhof Toenning;Industrie
Welter Strasse 14;Einfamilienhaus,FassadeZiegel,DachRot,MitGarten
AGD Baumarkt;Industrie
Siekweg 01 BZ Buero;Industrie,Post,Büro,Briefzentrum
Siekweg 01 Briefzentrum;Industrie,Post,Briefzentrum
Siekweg 01 Postwuerfel;Post,Briefzentrum
Siekweg 02 JVA 1;Gefängnis,Mehrfamilienhaus,FassadeGelb,DachSchwarz
Siekweg 02 JVA 2;Industrie,FassadeGelb
Siekweg 03 Umspannwerksgeb;Industrie,FassadeWeiss,DachRot
Siekweg 04 Sollingstr2;Hochhaus,Mehrfamilienhaus,FassadeGrau
Garage braun;Garage,FassadeWeiss
StellwerkJf;Stellwerk,FassadeZiegel,DachSchwarz
Wasserueberfuehrung;Brücke
Bahnwaerterhaus01;Schrankenposten,Einfamilienhaus,FassadeBeige,DachSchwarz
Bahnwaerterhaus02;Schrankenposten,Einfamilienhaus,FassadeBeige,DachSchwarz
Bahnwaerterhaus03;Schrankenposten,Einfamilienhaus,FassadeWeiss,DachRot
Bahnwaerterhaus04;Schrankenposten,Einfamilienhaus,FassadeWeiss,DachBraun
Bauernhaus1;Bauernhof,Mehrfamilienhaus,FassadeGrau,DachBraun
Bauernhaus1 Anbau;Schuppen
Bauernhaus1 Schuppen;Schuppen,Scheune,FassadeHolz,DachBraun
Bauernhaus2;Bauernhof,Mehrfamilienhaus,FassadeGrau,DachBraun
Bauernhaus2 Anbau;Schuppen
Bauernhaus2 Schuppen;Scheune,Schuppen,FassadeHolz,DachBraun
Bauernhaus3;Bauernhof,Einfamilienhaus,FassadeGrau,DachBraun
Bauernhaus4;Bauernhof,Mehrfamilienhaus,FassadeGrün,DachBraun
Bauernhaus5;Bauernhof,Mehrfamilienhaus,FassadeGrau,DachBraun
Bauernhaus6;Bauernhof,Zweifamilienhaus,FassadeGrau,DachBraun
Bauernhaus7;Bauernhof,Mehrfamilienhaus,FassadeBeige,DachBraun
Bauernhaus8;Bauernhof,Mehrfamilienhaus,FassadeGrau,DachSchwarz
Bogenbruecke;Brücke
Bruecke Steinbruch;Brücke
Bruecke Wutach;Brücke
Bruecke km26-9;Brücke
Gaststaette Wutachschlucht;Bauernhof,Gasthaus,FassadeFachwerk,DachSchwarz
Grimmelshofen13;Bauernhof,Mehrfamilienhaus,FassadeGrau,DachRot
Grimmelshofen16;Einfamilienhaus,MitGarage,FassadeWeiss,DachSchwarz
Lausheim EG;Empfangsgebäude
Lausheim Scheune;Bauernhof,Scheune,Schuppen,FassadeHolz,DachSchwarz
Sto 1;Industrie
Sto 2;Industrie
Sto 3a;Industrie
Sto 3b;Industrie
Sto 4;Industrie,Büro,Verwaltung,Schule,FassadeGrau,DachBraun
AWI 00 Baum03 Bb;Baum,Pflanze
Sto 4 anbau;Industrie,Büro,Verwaltung,GrundrissDreieck
Sto 4 halle;Industrie,FassadeWeiss,DachRot
Sto 5;Industrie
Sto 6;Industrie
Tunnel Grimmelshofen oben;Tunnel
Tunnel Grimmelshofen unten;Tunnel
Tunnel GrosseStockhalde oben;Tunnel
Tunnel GrosseStockhalde unten;Tunnel
Tunnel KleineStockhalde oben;Tunnel
Tunnel KleineStockhalde unten;Tunnel
Tunnel Weiler oben;Tunnel
Tunnel Weiler unten;Tunnel
Wasserkran Weizen;Betriebswerk,Wasserkran
Weizen Bahnsteiggebaeude;Schuppen,Industrie
bruecke km22-6;Brücke
bruecke km23-1;Durchlass,Brücke
bruecke km24-2;Durchlass,Brücke
eg-grimmelshofen;Empfangsgebäude,FassadeGrau,DachBraun
fischbauchtraeger 30m;Brücke
fischbauchtraeger 38m;Brücke
fischbauchtraeger 47m50;Brücke
gelaender km30-5;Zaun
grimmelshofen02;Mehrfamilienhaus,Bauernhof,FassadeBeige,DachBraun
grimmelshofen03;Einfamilienhaus,Zweifamilienhaus,FassadeWeiss,DachBraun
pfeiler sandstein;Brücke
widerlager wt;Brücke
16 Tankstelle;Tankstelle
17 AdlerPost;Gewerbe,FassadeBeige,Mehrfamilienhaus,DachBraun
18 Bauernhaus;Bauernhof,FassadeBeige,DachBraun
Bahnsteig Zugang Gleis3;Bahnsteig,Treppe
Bauernhaus19;Bauernhof,Scheune,FassadeGelb,FassadeFachwerk,DachBraun
Blechtraegerbruecke 15m;Brücke
Blumberg DHH links beige;Einfamilienhaus,Reihenhaus,FassadeBeige,DachSchwarz
Blumberg DHH links grau;Reihenhaus,Einfamilienhaus,FassadeGrau,DachBraun,DachRot
Blumberg DHH links gruen;Einfamilienhaus,Reihenhaus,FassadeGrün,DachBraun
Blumberg DHH links weiss;Einfamilienhaus,Reihenhaus,FassadeWeiss,DachBraun
Blumberg DHH rechts beige;Einfamilienhaus,Reihenhaus,FassadeBeige,DachSchwarz
Blumberg DHH rechts grau;Reihenhaus,Einfamilienhaus,FassadeGrau,DachBraun,DachRot
Blumberg DHH rechts gruen;Einfamilienhaus,Reihenhaus,FassadeGrün,DachBraun
Blumberg DHH rechts weiss;Einfamilienhaus,Reihenhaus,FassadeWeiss,DachBraun
Blumberg EFH beige;Einfamilienhaus,FassadeBeige,DachSchwarz
Blumberg EFH grau;Einfamilienhaus,FassadeGrau,DachBraun
Blumberg EFH gruen;Einfamilienhaus,FassadeGrün,DachSchwarz
Blumberg EFH weiss;Einfamilienhaus,FassadeWeiss,DachBraun
Durchlass km47-3;Durchlass
Durchlass km47-6;Durchlass
EG-Riedoeschingen;Empfangsgebäude,FassadeBeige,DachSchwarz
EG-Zollhaus;Empfangsgebäude
ET25 Denkmal;Elektrotriebwagen,Denkmallok
Reiterstellwerk;Stellwerk
RiedHalle1;Industrie,Schuppen,Scheune
RiedLagerhaus;Industrie
Ried Lagerhalle 40 20;Industrie
Ringzug Gelaender88m;Zaun
Schuppen1a;Schuppen,FassadeHolz,DachBraun
Schuppen1b;Schuppen
Suedwerk01;Industrie,Schuppen
Suedwerk02;Industrie,Büro,Gewerbe,FassadeWeiss
Suedwerk06;Industrie,FassadeZiegel
Suedwerk08;Industrie
Suedwerk09;Industrie
Suedwerk11;Industrie
Tunnel Buchberg oben;Tunnel
Tunnel Buchberg unten;Tunnel
ZollhausTrafostation;Schuppen,Trafostation
Zollhaus Industrie01-1;Industrie
Zollhaus Industrie01-2;Industrie,Garage
Zollhaus Industrie02a;Industrie,GrundrissDreieck
Zollhaus Industrie02b;Industrie
ZumStellwerk;Bungalow,Gasthaus
Mesch10 Tankanlage weiss;Industrie,Tank,Tankanlage
Mesch Po217;Schrankenposten
Marsberg23 WC;FassadeZiegel,DachSchwarz,Schuppen,Einfamilienhaus
Goe01 Bstg 4 7 Blende;Bahnsteig,Bahnsteigdach
Goe01 Bstg 4 7 Dach 1;Bahnsteig,Bahnsteigdach
Goe01 Bstg 4 7 Dach 1 mLS 1tlg;Bahnsteig,Bahnsteigdach
Goe01 Bstg 4 7 Dach 1 mLSuAbschluss 1tlg;Bahnsteig,Bahnsteigdach
Goe01 Bstg 4 7 Dach 1 mLSuAbschluss rechts 1tlg;Bahnsteig,Bahnsteigdach
Goe01 Bstg 4 7 Nieder;Bahnsteig,Bahnsteigdach
Goe01 Bstg 4 7 Stuetze 1;Bahnsteig,Bahnsteigdach
Goe01 Bstg 4 7 Stuetze 2;Bahnsteig,Bahnsteigdach
Goe01 Bstg 4 7 Teil 1;Bahnsteig,Bahnsteigdach
Goe01 Bstg 4 7 Teil 2;Bahnsteig,Bahnsteigdach
Goe01 Bstg Endtreppe;Treppe
Goe01 EG;Empfangsgebäude
Goe01 SFS-Bstg-Abgang-10-11;Bahnsteig
Goe01 SFS-Bstg-Stuetze-oFuss;Bahnsteig,Bahnsteigdach
Goe01 SFS-Bstg-Stuetze;Bahnsteig,Bahnsteigdach
Goe01 SFS-Bstg-Stuetze IPB200 11m0;Bahnsteig,Bahnsteigdach,Fahrleitung
Goe01 SFS-Bstg-Stuetze IPB200 9m0;Bahnsteig,Bahnsteigdach,Fahrleitung
Goe01 SFS-Bstg-Stuetze IPB300 11m0;Bahnsteig,Bahnsteigdach,Fahrleitung
Goe02 Ringlokschuppen;Lokschuppen
Goe02 Stellwerk;Stellwerk
Goe03 DB Netz;Industrie,Büro,Verwaltung
Goe04 Parkhaus;Parkhaus
Goe05 Hochhaus2 Haus1;Hochhaus,FassadeGrau
Goe05 Hochhaus2 Haus2;Hochhaus,FassadeGrau
Goe05 Hochhaus2 Haus3;Mehrfamilienhaus,Hochhaus,FassadeBraun
Goe05 Hochhaus2 Haus4;Mehrfamilienhaus,Hochhaus,FassadeGelb,FassadeGrau
Goe05 Hochhaus2 Haus5;Mehrfamilienhaus,Hochhaus,FassadeWeiss
Goe06 Post;Industrie,Stadthaus,Büro,Verwaltung
Goe07 Umspannwerk;Industrie,Umspannwerk
Goe08 Heizkraftwerk;Industrie,Kraftwerk
Goe09 Lokhalle SegmentA;Industrie
Goe09 Lokhalle SegmentB;Industrie
Goe10 Mediencenter;Stadthaus,Industrie,FassadeGelb,Büro
Goe11 Arbeitsagentur;Büro,Verwaltung,FassadeZiegel
Goe12 IC Hotel;Stadthaus,Hotel,Hochhaus
Goe13 Bhf 1de;Stadthaus,Gewerbe,Büro,Verwaltung
Goe14 Groner Landstr 17a;Einfamilienhaus,FassadeGrau,DachBraun
Goe14 Groner Landstr 19;Mehrfamilienhaus,FassadeGrau,DachBraun
Goe16 Groner Landstr 23a;Mehrfamilienhaus,Gewerbe,FassadeGrau,Flachdach
Goe16 Groner Landstr 23b;Industrie
Goe16 Groner Landstr 23c;Industrie
Goe16 Groner Landstr 23d;Einkaufszentrum,Stadthaus
Goe16 Groner Landstr 23e;Industrie,Spedition,Güterschuppen
Goe16 Groner Landstr 23f;Stadthaus,Mehrfamilienhaus,Gewerbe,DachRot,FassadeWeiss
Goe17 Groner Landstr 29a;Mehrfamilienhaus,Stadthaus,Gewerbe,FassadeGelb,DachBraun
Goe17 Groner Landstr 29b;Einfamilienhaus,Gewerbe,FassadeGelb,FassadeSchiefer,DachBraun
Goe19 Groner Landstr 31;Mehrfamilienhaus,FassadeZiegel,DachBraun,Gewerbe
Goe20 Groner Landstr 1;Schloss,Verwaltung,Büro,Einfamilienhaus,FassadeGrau,DachBraun
Goe21 Groner Landstr 3;Stadthaus,Gewerbe,DachBraun,DachRot
Goe22 Groner Landstr 5;Mehrfamilienhaus,Gewerbe,FassadeGrün,FassadeZiegel,DachBraun
Goe22 Groner Landstr 7;Mehrfamilienhaus,FassadeGelb,FassadeWeiss,DachBraun
Goe23 Fahrradcenter;Stadthaus
Goe24 Arkaden;Stadthaus,Gewerbe,Büro,Verwaltung
Goe24 Arkaden Eckhaus;Stadthaus,Gewerbe,Reihenhaus
Goe25 Bus Bf 1;Schrebergarten
Goe25 Bus Bf 2;Dach,Schrebergarten
Goe25 Kundencenter;Büro
Goe27 Uni;Schloss
Goe28 Finanzamt;Büro,Verwaltung
Goe29 Hochhaus;Hochhaus,FassadeGrau
Goe30 Pavillon;Industrie,Stadthaus
Goe31 Pfeiler;Brücke,Pfeiler
Goe32 Leinebruecke;Brücke
Goe34 Bf Allee 6;Büro,Verwaltung,FassadeWeiss,DachSchwarz
Goe35 Umspanner;Umspannwerk,Trafostation
Goe36 Aufsicht;Bahnsteig,Schuppen
Goe36 Infokasten;Bahnsteig
Goe36 Lastenaufzug;Bahnsteig,Aufzug
Goe36 Mission;Bahnsteig,Schuppen
Goe36 Personen Aufzug;Aufzug,Bahnsteig
Goe36 Suess Automat;Bahnsteig,Automat
Goe37 Aufsicht;Bahnsteig,Schuppen
Goe37 Infokasten;Bahnsteig
Goe37 Lastenaufzug;Bahnsteig,Aufzug
Goe37 Personen Aufzug;Bahnsteig,Aufzug
Goe37 Sitzgruppe 4tlg;Bahnsteig
Goe38 Drink Snack;Bahnsteig,Automat
Goe38 Infotafel 1;Bahnsteig
Goe38 Infotafel 2;Bahnsteig
Goe38 Sitzgruppe 1;Bahnsteig
Goe38 Suess Automat;Bahnsteig,Automat
Goe38 Warteraum 1;Bahnsteig
KaRbf09 Wagenwerk;Lokschuppen
KaRbf 08 Bergmeister Nordost;Schuppen,Schrebergarten
Kassel AW Halle1;Lokschuppen,Industrie
Kassel AW Halle2;Lokschuppen,Industrie
Kassel AW Kesselhaus;Lokschuppen,Industrie
Kassel AW Wasserturm;Wasserturm
Kassel Rbf 03;Stellwerk,Behelfsstellwerk
Kassel Rbf 04;Stellwerk
Kassel Rbf 05;Stellwerk
Kassel Rbf 06;Einfamilienhaus,Gewerbe,FassadeZiegel,DachBraun
Kassel Rbf 35 BM 1;Industrie,FassadeGrau,DachGrau,Werkstatt
Kassel Rbf 35 BM 2;Einfamilienhaus,Industrie,FassadeZiegel,DachBraun
Kassel Rbf 35 BM 3;Industrie,FassadeGrau,DachGrau,Werkstatt
Kassel Rbf 35 BM 4;Industrie,FassadeWeiss,FassadeGrau,DachBraun
Kassel Rbf 36;Stellwerk,Behelfsstellwerk
Kassel Rbf 37 GS;Güterschuppen,Industrie,FassadeZiegel,DachGrau
Kassel Stw Krf;Stellwerk
Rbf 30 Halle 1;Industrie
Rbf 30 Halle 2;Industrie
Rbf 30 Halle 3;Industrie
Rbf 30 Mercedes Kassel;Industrie
Rbf 31 WHalle;Industrie
Spundwand Kassel;Stützmauer
Bahnsen;Empfangsgebäude,FassadeZiegel,DachReet
Harblek 31;Bauernhof,DachGrün,DachSchwarz,FassadeGrau,FassadeZiegel
BW Bue km154,712;Bauernhof,Schrankenposten,FassadeGrau,DachSchwarz
Vosshoeft Stall;Bauernhof,Industrie
StellwerkLippoldshausen;Stellwerk,FassadeZiegel,DachSchwarz
WerraTBPfeiler BAB;Brücke,Pfeiler
WerraTBPfeiler SFS;Brücke,Pfeiler
WerraTBWiderlager BAB-nord;Brücke
WerraTBWiderlager BAB-sued;Brücke
WerraTBWiderlager SFS-nord;Brücke
WerraTBWiderlager SFS-sued;Brücke
FgBRK-AmWeddel;Brücke
FgBRK-Bahnhof;Brücke
Ihringshausen 09 Halle;Industrie
Ihringshausen 10 Halle;Industrie
Ihringshausen 11 Halle;Industrie
Ihringshausen 50 Klaerbecken 1;Kläranlage
Ihringshausen 50 Klaerbecken 2;Bauernhof,Kläranlage
Ihringshausen 50 Klaerbecken 3;Bauernhof,Kläranlage
Ihringshausen 50 Klaerbecken 4;Bauernhof,Kläranlage
Ihringshausen 50 Klaerbecken 5;Bauernhof,Kläranlage
Ihringshausen 50 WHalle 1;Industrie,FassadeWeiss,DachRot
Ihringshausen 50 WHalle 2;Industrie,FassadeWeiss,DachRot
Ihringshausen 51 FW Gebaeude 1;Industrie,Büro,Verwaltung,Feuerwehr,Flachdach
Ihringshausen 51 FW Gebaeude 2;Industrie,Feuerwehr
Ihringshausen 51 FW Gebaeude 3;Industrie
Ihringshausen 52 Gewerbe 1;Industrie
Ihringshausen 52 Gewerbe 2;Industrie,Werkstatt
Ihringshausen 52 Gewerbe 3;Industrie
Ihringshausen 52 Gewerbe 4;Supermarkt
Ihringshausen 52 Gewerbe 5;Industrie,Scheune,FassadeZiegel
Ihringshausen 53 Edeka;Supermarkt
Ihringshausen 54 Gasthof;Mehrfamilienhaus,Gasthaus,FassadeWeiss,DachSchwarz
Ihringshausen 55 Unterstand;Bahnsteig
Ihringshausen 56 GB 1;Industrie,FassadeWeiss,DachSchwarz
Ihringshausen 56 TH 40 20;Gewächshaus,Treibhaus
Ihringshausen 56 TH 40 60;Gewächshaus,Treibhaus
Ihringshausen 57 WHaus 1;Mehrfamilienhaus,FassadeZiegel,DachBraun,DachRot
Ihringshausen 57 WHaus 2;Einfamilienhaus,fassadeZiegel,DachBraun,DachRot
KrBw nord-IBP200;Fahrleitung
KrBw nord-IBP200mFuss;Fahrleitung
KrBw nord-IBP300mGewicht-l;Fahrleitung
KrBw nord-IBP300mGewicht;Fahrleitung
KragenhofSFS Betonpfeiler;Brücke,Pfeiler
KragenhofSFS Fundament-sued;Brücke,Widerlager
KragenhofSFS Fundament;Brücke,Widerlager
KragenhofSFS Rammschutz;Brücke
KragenhofSFS Unterbau 60m;Brücke
KragenhofSFS Unterbau 80m;Brücke
KragenhofSKRbruecke;Brücke
Pfeiler;Brücke,Pfeiler
Schallschutz 1m2;Lärmschutz
Schallschutz 1m5;Lärmschutz
Schallschutz 4m;Lärmschutz
Schallschutz Pfeiler;Lärmschutz
Signalkorb;Signal
StellwerkIf;Stellwerk
Aufgang;Treppe,Bahnsteig
Bruecke-abs;Brücke
KrBw-Sued-Quertraverse;Brücke,Beton
Laermschutz;Lärmschutz
Mauer-rot 2m5;Lärmschutz
Mauer-rot 5m0;Lärmschutz
Mauer-rot Bucht;Lärmschutz
Niedervellmar 50 Unterfuehrung;Durchlass
Wartehaus;Bahnsteig
WH 50 Atrium;Stadthaus,Hochhaus,Büro,Verwaltung
WH 51 GH;Stadthaus,FassadeGelb,DachSchwarz
WH 51 GH 2;Stadthaus,FassadeGelb,DachSchwarz
WH 52 Gelbziegelhaus;Büro,Verwaltung,FassadeGelb,FassadeBeige,DachGrau
WH 53 IC Hotel;Stadthaus
WH 54 Wf Hotel;Stadthaus
WH 55 Halle 1;Industrie
WH 55 Halle 2;Industrie
WH 55 Rundhalle 1;Industrie,Rundhalle
WH 55 Rundhalle 2;Industrie,Rundhalle
WH 56 Spielothek;Stadthaus
WH 57 Gewerbe 1;Industrie
WH 58 WHaus 1L 2Etg;Mehrfamilienhaus,Reihenhaus,FassadeGrau,DachGrau,MitBalkon
WH 58 WHaus 1L 3Etg;Mehrfamilienhaus,Reihenhaus,FassadeGrau,DachGrau,MitBalkon
WH 58 WHaus 1R 2Etg;Mehrfamilienhaus,Reihenhaus,FassadeGrau,DachGrau,FassadeWeiss,MitBalkon
WH 58 WHaus 1R 3Etg;Mehrfamilienhaus,Reihenhaus,FassadeGrau,DachGrau,FassadeWeiss
WH 58 WHaus 2L 3Etg;Mehrfamilienhaus,Reihenhaus,FassadeGrau,DachGrau,MitBalkon
WH 58 WHaus 2R 3Etg;Mehrfamilienhaus,Reihenhaus,FassadeGrau,DachGrau,MitBalkon
WH 58 WHaus 2 2Etg;Mehrfamilienhaus,FassadeGrau,DachGrau,FassadeBeige,MitBalkon
WH 60 DB Zentrale;Büro,Verwaltung,Stadthaus
WH 61 KuS;Büro,Verwaltung
WH 62 MD 1;Büro,Verwaltung
WH 63 HC Buero 1;Industrie,FassadeWeiss
WH 63 HC Buero 2;Industrie,FassadeWeiss,DachGrau
WH 63 HC Halle 1;Industrie,Unterstand
WH 63 HC Werkstatt;Industrie
WH 64 Halle 1;Industrie
WH 64 Halle 2;Industrie,Werkstatt
WH 65 Lokschuppen;Lokschuppen
AHM Aufenthaltsgebaeude Bstg 2;Bahnsteig,Schuppen,FassadeZiegel,DachSchwarz
AHM Aufenthaltsgebaeude Bstg 3;Bahnsteig,Schuppen,FassadeZiegel,DachSchwarz
AHM Aufsicht;Bahnsteig,Industrie,Schuppen
AHM Aufzug;Aufzug
AHM BWSued Dienstgeb;Büro,Verwaltung,FassadeZiegel,DachSchwarz
AHM BWSued Kamin;Schornstein
AHM BWSued Uebernachtung;Reihenhaus,FassadeZiegel,DachSchwarz
AHM Bahnsteigabgang Bstg1;Bahnsteig
AHM Bahnsteigabgang Bstg2;Bahnsteig
AHM Bahnsteigabgang Bstg3;Bahnsteig
AHM Behoerdenhaus;Büro,Verwaltung,Stadthaus,FassadeGrau,FassadeZiegel,DachGrau
AHM Berufsschule;Büro,Verwaltung,Schule,FassadeBeige,DachGrau
AHM Deichstr1;Einfamilienhaus,FassadeZiegel,DachSchwarz
AHM Deichstr2;Einfamilienhaus,FassadeZiegel,DachBraun
AHM Deichstr4;Eckhaus,Mehrfamilienhaus,FassadeZiegel,DachSchwarz
AHM Deichstr6;Eckhaus,FassadeZiegel,DachSchwarz
AHM Deichstr 3;Einfamilienhaus,FassadeZiegel,DachGrau
AHM Deichstr 7-8;Mehrfamilienhaus,FassadeZiegel,DachGrau
AHM EG;Empfangsgebäude
AHM ESTW Hf;Stellwerk
AHM Geschenke1;Stadthaus,Gewerbe,FassadeBeige,DachSchwarz
AHM Gueterschuppen;Bahnmeisterei,Schuppen
AHM H-A-Strasse Wblock;Mehrfamilienhaus,Stadthaus,FassadeBraun,DachSchwarz
AHM Hafen Tank 25-3m;Tank,Tankanlage
AHM Innenhafen Compass;Reihenhaus,Gewerbe,FassadeWeiss,DachBraun
AHM Innenhafen Eiscafe1;Reihenhaus,Gewerbe,FassadeWeiss,DachBraun
AHM Innenhafen Eiscafe2;Reihenhaus,Gewerbe,FassadeGelb,DachSchwarz
AHM Innenhafen Geschenke2 Kebbel;Reihenhaus,FassadeBlau,FassadeRot,DachSchwarz
AHM Innenhafen Speicher1;Industrie
AHM Kleine Str1;Mehrfamilienhaus,FassadeGrau,DachSchwarz
AHM LKW-Waage;Industrie,Gleiswaage
AHM Langenharmstr1;Mehrfamilienhaus,FassadeBlau,DachGrau
AHM Loof;Stadthaus,Gewerbe,Industrie,FassadeGrau,DachGrau
AHM Nationalparkhaus;Gewerbe,FassadeBraun,DachSchwarz
AHM Parkhaus;Parkhaus
AHM Post;Stadthaus,Post
AHM Ringlokschuppen Sued;Lokschuppen
AHM Sielzug;FassadeZiegel,DachSchwarz
AHM Stw Hn;Stellwerk
AHM Stw Hus;Stellwerk
AHM Werkstatt;Bahnmeisterei,Industrie
AHM Zollamt;Büro,Verwaltung,FassadeZiegel,DachRot
Ausleger Fahrtanzeiger Bstg2;Signal
Block Tunnelweg gr;Mehrfamilienhaus,FassadeZiegel,DachBraun
Dach Bstg2;Bahnsteig,Bodenheim
Dach Bstg3;Bahnsteig,Bodenheim
Dach Gleis1;Bahnsteig,Bodenheim
Duengerhalle 2008;Industrie
EWH 8x5 Friesenh 1Et Klinger 01;Einfamilienhaus,FassadeZiegel,DachSchwarz
EWH 8x5 Friesenh 1Et Klinger 02;Einfamilienhaus,FassadeZiegel,DachBraun
EWH 8x5 Friesenh 1Et Klinger 03;Einfamilienhaus,FassadeWeiss,DachSchwarz
Garage 3x6m 01;Garage
Garage 3x6m 02;Garage
Garage 3x6m 03;Garage
Garage 3x6m 04;Garage
Haus 10x6 1Et Klinker 01;Einfamilienhaus,FassadeZiegel,DachSchwarz,Bungalow
Haus 10x6 1Et Putz ws 01;Einfamilienhaus,FassadeWeiss,DachSchwarz,Bungalow
Haus 10x6 2Et Klinker 01;Zweifamilienhaus,FassadeZiegel,DachSchwarz
Haus 7x8 01;Einfamilienhaus,FassadeZiegel,DachBraun
Haus 7x8 02;Einfamilienhaus,FassadeZiegel,DachGrau
Haus 7x8 03;Zweifamilienhaus,FassadeZiegel,DachGrau
Haus 7x8 04;Zweifamilienhaus,FassadeBeige,DachSchwarz
Haus 7x8 05;Zweifamilienhaus,FassadeWeiss,DachSchwarz
Haus 7x8 06;Zweifamilienhaus,FassadeZiegel,DachGrau
Husum Nord EG;Empfangsgebäude
Husum Speicher;Industrie
Innehafen Fischerhaus 1;Einfamilienhaus,Reihenhaus,FassadeZiegel,DachSchwarz
Klappbruecke Bahn;Brücke
Klappbruecke Bahn Bruecke;Brücke
Klappbruecke Bahn Contergewichttraeger;Brücke
Klappbruecke Bahn Daempfer;Brücke
Klappbruecke Bahn Traeger;Brücke
Klappbruecke Sbr Bruecke;Brücke
Landesbetrieb;Hochhaus,Büro,Verwaltung
Nord Silo1;Industrie
Po156;Schrankenposten
Reihenhaus 01a;Reihenhaus,FassadeZiegel,DachSchwarz
Reihenhaus 01e;Reihenhaus,FassadeZiegel,DachSchwarz
Reihenhaus 01m;Reihenhaus,FassadeZiegel,DachSchwarz
Reihenhaus 02a;Reihenhaus,FassadeZiegel,DachBraun
Reihenhaus 02e;Reihenhaus,FassadeZiegel,DachSchwarz
Reihenhaus 02m;Reihenhaus,FassadeZiegel,DachBraun
SBR Beslerstr;Brücke
SBR L30;Brücke
Saatenhalle;Industrie
Schlachthof;Industrie
Schlachthof Containerstand;Industrie,Schuppen
Schlachthof Reinigung;Industrie
SchuppenStadtHusum;Industrie
Silo1-2;Industrie
Silo1963;Industrie
Silo1980;Industrie
Silo3-7;Industrie
Silo5-7;Industrie
Stegrohr;Industrie
THE Husum;Industrie
Treppe 76cm 50cm;Treppe
Treppe 76cm 50cm Gelaender;Treppe
WHA Westerkampweg;Hochhaus,FassadeGelb
WHA Westerkampweg 8E;Hochhaus,FassadeGelb,FassadeOrange
WHS Soltbargen 4E;Hochhaus,FassadeGelb
Hahn;Wetterhahn
Wennemen 01;Einfamilienhaus,FassadeFachwerk,DachBraun,Schrankenposten
Wennemen 01 P214;Schrankenposten
Wennemen 05;Industrie
Wennemen 10 Schieferhaus;Zweifamilienhaus,FassadeSchiefer,DachSchwarz
Wennemen 12 AmSportplatz;Einfamilienhaus,Gewerbe,FassadeWeiss,DachSchwarz
Wennemen 13 WHaus 3;Einfamilienhaus,MitGarage,FassadeWeiss,DachSchwarz
Wennemen 13 WHaus 5;Einfamilienhaus,FassadeWeiss,FassadeSchiefer,DachSchwarz
Wennemen 14 Halle 1;Industrie
Wennemen 14 Halle 2;Industrie
Wennemen 14 Halle 3;Industrie
Wennemen 14 WHaus;Einfamilienhaus,FassadeWeiss,DachSchwarz
Wennemen 15 Sportplatz;Sport,Sportplatz
Wennemen 16 Schuetzenhalle;Schützenhalle
Wennemen 17 WHaus 1;Mehrfamilienhaus,FassadeWeiss,DachSchwarz
Wennemen 17 WHaus 11;Einfamilienhaus,FassadeWeiss,DachSchwarz
Wennemen 17 WHaus 15;Einfamilienhaus,FassadeWeiss,DachSchwarz
Wennemen 17 WHaus 2;Zweifamilienhaus,FassadeBeige,DachGrau
Wennemen 18 Sparkasse;Sparkasse,Stadthaus
Wennemen 18 WHaus 1;Mehrfamilienhaus,FassadeBeige,DachBraun
Wennemen 18 WHaus 19;Mehrfamilienhaus,MitGarage,FassadeWeiss,DachSchwarz,MitBalkon
Wennemen 18 WHaus 25;Einfamilienhaus,Gewerbe,FassadeBeige,DachBraun
Wennemen 18 WHaus 27;Mehrfamilienhaus,Gasthaus,FassadeWeiss,DachBraun,DachSchwarz,Doppelhaus
Wennemen 18 WHaus 31;Einfamilienhaus,FassadeWeiss,FassadeFachwerk,DachRot
Wennemen 18 WHaus 37;Mehrfamilienhaus,MitGarage,FassadeWeiss,DachSchwarz
Wennemen 18 WHaus 39;Zweifamilienhaus,FassadeSchiefer,DachSchwarz
Wennemen 18 WHaus 41;Mehrfamilienhaus,FassadeWeiss,DachSchwarz
Wennemen 18 WHaus 43;Einfamilienhaus,FassadeBeige,DachGrau
Wennemen 18 WHaus 45;Zweifamilienhaus,FassadeBeige,DachSchwarz
Wennemen 18 WHaus 47;Zweifamilienhaus,FassadeWeiss,DachSchwarz
Wennemen 18 WHaus 49;Einfamilienhaus,FassadeBeige,DachBraun
Wennemen 18 WHaus 51;Einfamilienhaus,FassadeGelb,DachGrau,DachSchwarz
Wennemen 18 WHaus 53;Einfamilienhaus,FassadeWeiss,DachSchwarz
Wennemen 18 WHaus 55;Einfamilienhaus,FassadeGelb,DachSchwarz
Wennemen 18 WHaus 57;Zweifamilienhaus,FassadeSchiefer,DachSchwarz
Wennemen 18 WHaus 61;Mehrfamilienhaus,FassadeGrau,DachGrau
Wennemen 18 WHaus 63;Zweifamilienhaus,FassadeWeiss,DachBraun
Wennemen 18 WHaus 65;Einfamilienhaus,FassadeBeige,DachSchwarz,MitGarage
Wennemen 18 WHaus 67;Einfamilienhaus,FassadeWeiss,DachBraun
Wennemen 18 WHaus 71;Mehrfamilienhaus,FassadeWeiss,DachRot
Wennemen 18 WHaus 73;Einfamilienhaus,FassadeWeiss,DachSchwarz
Wennemen 18 WHaus 75;Mehrfamilienhaus,FassadeGelb,FassadeVerziert,DachSchwarz,Stadthaus
Wennemen 18 WHaus 79;Mehrfamilienhaus,FassadeWeiss,DachSchwarz,MitGarten
Wennemen 18 WHaus 81;Einfamilienhaus,FassadeWeiss,DachSchwarz,MitGarage
Wennemen 18 WHaus 81b;Einfamilienhaus,FassadeWeiss,DachSchwarz,DachBraun
Wennemen 19 Stw Wo;Stellwerk
Wennemen 20 Schuppen;Industrie
Wennemen 20 WHaus;Einfamilienhaus,FassadeWeiss,DachBraun
Wennemen 21 WHaus 1;Einfamilienhaus,FassadeWeiss,DachSchwarz
Wennemen 21 WHaus 3;Einfamilienhaus,FassadeWeiss,DachBraun
Wennemen 22 Feuerwehr;Feuerwehr
Wennemen 22 WHaus 1;Mehrfamilienhaus,FassadeWeiss,DachSchwarz,Flachdach
Wennemen 23 Kirche;Kirche
Wennemen 24 Rampe;Laderampe
Wennemen 25 Bockum Nord;Bauernhof,DachSchwarz
Wennemen 25 Bockum Sued;Bauernhof,DachSchwarz
Wennemen 25 WHaus 1;Schloss,FassadeGrau,DachSchwarz
Wennemen 25 WHaus 2;Mehrfamilienhaus,Bauernhof,FassadeWeiss,DachGrau
Wennemen 26 WHaus 11;Einfamilienhaus,FassadeWeiss,DachSchwarz,DachGrau
Wennemen 26 WHaus 1a;Einfamilienhaus,FassadeGrau,DachSchwarz,DachGrau
Wennemen 26 WHaus 1b;Einfamilienhaus,FassadeGrau,DachSchwarz
Wennemen 26 WHaus 2;Einfamilienhaus,Bungalow,MitGarage,FassadeWeiss,DachSchwarz
Wennemen 26 WHaus 4;Einfamilienhaus,FassadeWeiss,DachSchwarz,MitGarage
Wennemen 26 WHaus 8;Einfamilienhaus,FassadeWeiss,DachSchwarz,MitGarage
Wennemen 30 GA;Güterschuppen,Güterabfertigung
Wennemen Obergrabenbruecke;Brücke,Stahlbrücke
Wennemen Ruhrbruecke;Brücke
AWI 00 Baum01 Bb;Baum,Pflanze
Freienohl 06 EG;Empfangsgebäude,FassadeSchiefer,DachSchwarz
Freienohl 07 WW;Industrie,Wasserkraftwerk
Freienohl 08 GA;Industrie,Güterschuppen
Freienohl 09 SPW 1;Stauwehr
Freienohl 09 SPW 2;Stauwehr
Freienohl 10 Ruhrbruecke;Brücke
Freienohl 11 FwB;Brücke
Freienohl 11 WH;Schrankenposten,Bahnbude
Freienohl 12 Kirche;Kirche
Freienohl 13 Stw Fo;Stellwerk
Freienohl 14 GH Stracke;Mehrfamilienhaus,Gewerbe,FassadeBeige,DachBraun
Freienohl 14 GHaus 1;Mehrfamilienhaus,Gewerbe,FassadeWeiss,DachSchwarz
Freienohl 14 GHaus 2;Gewerbe,FassadeBeige,DachBraun
Freienohl 14 Koester;Mehrfamilienhaus,Gewerbe,FassadeWeiss,DachGrau,DachSchwarz
Freienohl 14 Lager;Industrie,FassadeWeiss,DachGrau
Freienohl 14 SP Peck;Bauernhof,Gewerbe,FassadeFachwerk,DachRot
Freienohl 14 Saegewerk 1;Industrie,Sägewerk,Schuppen
Freienohl 14 Saegewerk 2;Industrie,Sägewerk
Freienohl 14 Saegewerk 3;Industrie,Scheune
Freienohl 14 Saegewerk 4;Industrie,Sägewerk
Freienohl 14 WH 2 WK 2;Mehrfamilienhaus,FassadeWeiss,DachSchwarz,MitGarage
Freienohl 14 WH Stracke;Einfamilienhaus,FassadeBeige,DachBraun,Gewerbe
Freienohl 14 WHaus 1;Mehrfamilienhaus,FassadeBeige,DachGrau,MitGarage
Freienohl 14 WHaus 2;Mehrfamilienhaus,FassadeWeiss,DachSchwarz,MitGarage
Freienohl 14 WHaus 3;Ruine
Freienohl 14 WHaus 4;Zweifamilienhaus,FassadeWeiss,FassadeSchiefer,DachSchwarz
Freienohl 14 WHaus 4a;Einfamilienhaus,FassadeWeiss,DachGrau
Freienohl 14 WHaus 4b;Verwaltung,Büro,FassadeWeiss,DachRot
Freienohl 14 WHaus 5;Zweifamilienhaus,FassadeWeiss,DachSchwarz
Freienohl 14 WHaus 6;Einfamilienhaus,FassadeBeige,DachSchwarz
Freienohl 14 WHaus 7;Einfamilienhaus,FassadeWeiss,DachGrau,DachSchwarz,Walmdach
Freienohl 14 WK 2;Garage
Freienohl 15 Feldscheune;Bauernhof,Scheune,Stall
Freienohl 16 Verwaltung 1;Industrie
Freienohl 16 Verwaltung 2;Industrie
Freienohl 16 Verwaltung 3;Industrie
Freienohl 16 WHalle 1;Industrie
Freienohl 16 WHalle 2;Industrie
Freienohl 17 WHalle;Industrie
Freienohl 18 Noeke;Industrie
Freienohl 19 WHaus 1;Industrie,Büro,Verwaltung
Freienohl 21 GHaus Koester;Gasthaus,FassadeWeiss,DachGrau
Freienohl 21 Garagen;Garage
Freienohl 22 Autohaus;Industrie
Ruhrbruecke Freienohl;Brücke
Tunnel FreienohlOst;Tunnel
Tunnel FreienohlWest;Tunnel
Vsig-Bahnsteigmast;Signal
AHM AH Frima 1;Büro,Verwaltung,FassadeZiegel,DachGrau
AHM BASA;FassadeZiegel,Industrie,Bahnmeisterei
AHM Berufsschule Hintergeb;Büro,Verwaltung,Schule
AHM Deichstr 11;Industrie,FassadeWeiss,DachGrau
AHM Druckerei;Stadthaus,Büro,Verwaltung,FassadeRot,DachSchwarz
AHM EG alt;Empfangsgebäude,Ruine
AHM Loof Lagerhalle;Industrie
AHM Loof Steaks;Gasthaus
AHM Poggenburgstr 4-10;Mehrfamilienhaus,FassadeZiegel,DachSchwarz,DachGrau
AHM Rathaus;Stadthaus,Büro,Verwaltung,FassadeZiegel
AHM Schuetzenheim;Gasthaus,FassadeGelb,DachGrau
AHM Schuppen Verlag;Industrie,FassadeBeige
AHM Trafohaus Deichstr;Trafostation
AHM WA Gaswerk 54-58;Stadthaus,Mehrfamilienhaus,FassadeZiegel,MitBalkon
AHM WA Gaswerk 62;Stadthaus,Mehrfamilienhaus,FassadeZiegel,MitBalkon
AHM Wohnhaus;Stadthaus,Mehrfamilienhaus,FassadeZiegel
Aussenhafen Fischrestaurant;Restaurant,Gasthaus
Betonsilo;Industrie,Betonwerk
Deichkoogstr 3;Einfamilienhaus,FassadeGrün,DachGrau
Flachdachhaus 01;Bungalow,DachSchwarz
Flachdachhaus 02;Bungalow,FassadeWeiss,DachSchwarz
Lagerhalle gruen;Industrie,FassadeGrün
Lund BWH;Einfamilienhaus,FassadeZiegel,DachRot
AEBR Stw Eif;Stellwerk
AFD Blechhalle;Schuppen
AFD EG alt;Empfangsgebäude,Industrie,FassadeZiegel
AFD EG neu;Empfangsgebäude,Stadthaus
AFD Freesenweg 26;Mehrfamilienhaus,FassadeZiegel,DachSchwarz
AFD Stw Ff;Stellwerk
AFD Stw Fn;Stellwerk
AFN Reiffeisen Schuppen;Industrie
Brecher;Wasserbauwerk
Bue95 Bude;Bahnbude
Bue98 Bude;Bahnbude
Drehbruecke;Brücke
Drehbruecke Antriebspfeiler;Brücke,Pfeiler
Flutbruecke;Brücke
Hauptbruecke;Brücke
Pfeiler 01;Brücke,Pfeiler
Pfeiler 02;Brücke,Pfeiler
Pfeiler 03;Brücke,Pfeiler
Pfeiler 04;Brücke,Pfeiler
Toenninger Strasse 19;Mehrfamilienhaus,FassadeGelb,DachSchwarz
12 Haus;Einfamilienhaus,FassadeBeige,DachBraun,DachGrau
B4yg aufgebockt;Reisezugwagen,Betriebswerk
Bockkran;Kran
Bruecke B314-Feldweg;Brücke
Bruecke B314 km34-9;Brücke
Bruecke Strasse km36-3;Brücke
Bruecke km35-0;Brücke
Bruecke km36-0;Brücke
Bruecke km36-3;Brücke
Bruecke km37-4;Brücke
Bruecke km38-5;Brücke
EG-Fuetzen;Empfangsgebäude
Epfenhofen-Haus11;Bauernhof,FassadeGrau,DachRot
Epfenhofen-Haus9;Mehrfamilienhaus,FassadeGrau,DachBraun
Fuetzen-Haus2;Zweifamilienhaus,Doppelhaus,FassadeBeige,FassadeGrau,DachBraun
Fuetzen Bauernhof1;Bauernhof,FassadeGrau,DachRot
Fuetzen Wohnhaus1;Einfamilienhaus,FassadeWeiss,DachBraun,DachRot,FassadeGrau
Kohlebansen;Betriebswerk,Industrie
Lokschuppen-Fuetzen;Lokschuppen
Portaldrehkran;Kran
Schuppen Brennholz;Schuppen,Holzstapel,Holzschuppen
Sportplatz;Sport,Sportplatz
Werkstatt-Fuetzen;Industrie
antoniuskapelle;Kirche,Kapelle
brennholz100cm wellblech 6m;Holzstapel
brennholz60cm 10m;Holzstapel
brennholz60cm 6m;Holzstapel
bruecke km40-0;Brücke
bruecke km42-0;Brücke
durchlass km33-1;Durchlass
durchlass km33-4;Durchlass
durchlass km39-6;Durchlass
durchlass km40-6;Durchlass
durchlass km42-9;Durchlass
eg-epfenhofen;Empfangsgebäude,Einfamilienhaus,FassadeGelb,FassadeBraun,DachGrau
holzbohle;Dekoration
maschendrahtzaun 25x3m;Industrie,Zaun
st-gallus-kirche;Kirche
st-vitus-kirche;Kirche
widerlager ep;Brücke
widerlager fuetzen km35;Brücke
NLUH EUE km62-5;Brücke,Steinbrücke
Bungalow 5 1;Einfamilienhaus,FassadeWeiss,Flachdach
Mesch05 SBG-Haus 3;Mehrfamilienhaus,FassadeWeiss,DachRot
Mesch10 Tankanlage gruen;Industrie,Tank,Tankanlage
03 Kaiser Wilhelm Bruecke;Brücke
Bruecke km;Brücke
Oeventrop 10 Kirche;Kirche
Oeventrop 11 Germania 1;Industrie,FassadeStein,Büro,Verwaltung
Oeventrop 11 Germania NG 1;Schuppen,FassadeStein,DachGrau
Oeventrop 11 Germania NG 2;Industrie
Oeventrop 11 Germania NG 3;Industrie,Feuerwehr
Oeventrop 12 Sparkasse;Stadthaus,DachBraun
Oeventrop 13 Haus 1;Mehrfamilienhaus,FassadeWeiss,DachSchwarz
Oeventrop 13 Haus 2;Mehrfamilienhaus,FassadeGrau,DachGrau
Oeventrop 15 SgFp 1;Industrie
Oeventrop 15 SgFp 2;Industrie
Oeventrop 16 Bude;Schuppen
Oeventrop 17 Steinke 1;Industrie
Oeventrop 17 Steinke 2;Industrie
Oeventrop 17 WHaus 1;Mehrfamilienhaus,FassadeWeiss,DachBraun
Oeventrop 17 WHaus 2;Mehrfamilienhaus,FassadeSchiefer,FassadeZiegel,DachBraun
Oeventrop 18 China 1;Mehrfamilienhaus,FassadeWeiss,FassadeSchiefer,Flachdach
Oeventrop 18 China 2;Mehrfamilienhaus,Gewerbe,FassadeGrau,DachSchwarz
Oeventrop 18 Chinaschild;Schild
Oeventrop 18 WHaus 2;Mehrfamilienhaus,FassadeRot,FassadeRosa,DachSchwarz
Oeventrop 18 WHaus 3;Mehrfamilienhaus,Reihenhaus,FassadeGrau,FassadeZiegel,DachSchwarz
Oeventrop 18 WHaus 4;Mehrfamilienhaus,FassadeSchiefer,FassadeFachwerk,DachBraun,DachSchwarz,Gewerbe
Oeventrop 20 SH Bf;Schalthaus
Oeventrop 20 SH Kirchstr;Schalthaus
Oeventrop 21 Bstg Tor;Zaun
Oeventrop 21 EG;Empfangsgebäude
Oeventrop 21 GS;Güterschuppen
Oeventrop 22 Stw Oef;Stellwerk
Oeventrop 23 Stw Oeo;Stellwerk
Ruhrbruecke Oeventrop;Brücke
Tunnel GloesingenOst;Tunnel
Tunnel GloesingenWest;Tunnel
01 SchlossbergTunnel Ost;Tunnel
01 SchlossbergTunnel West;Tunnel
Arnsberg 01-Bstg-Nieder 1;Bahnsteig
Arnsberg 01-Bstg-Nieder 2;Bahnsteig
Arnsberg 01 BB 1;Empfangsgebäude
Arnsberg 01 BB 2;Empfangsgebäude
Arnsberg 01 EG;Empfangsgebäude
Arnsberg 02 Stw Af;Stellwerk
Arnsberg 03 Stw Aw;Stellwerk
Arnsberg 04 Postschuppen;Industrie,Garage,Schuppen
Arnsberg 04 Schuppen 2;Industrie,Garage
Arnsberg 04 Schuppen km 202;Schuppen,Industrie,Garage
Arnsberg 05 GA;Güterschuppen
Arnsberg 05 Schuppen;Industrie,Kohlenlager
Arnsberg 06 FaPuschner;Industrie
Arnsberg 07 WHaus 1;Mehrfamilienhaus,FassadeWeiss,DachBraun
Arnsberg 07 WHaus 2;Mehrfamilienhaus,FassadeGrau,FassadeGrün,DachSchwarz
Arnsberg 07 WHaus 3;Mehrfamilienhaus,DachRot,FassadeGrau,FassadeGrün,Kaserne,Walmdach
Arnsberg 08 SH;Schützenhalle
Arnsberg 09 Flachbau;Industrie,Schuppen
Arnsberg 09 Halle 1a;Industrie
Arnsberg 09 Halle 1b;Industrie
Arnsberg 09 Halle 2a;Industrie
Arnsberg 09 Halle 2b;Industrie
Arnsberg 09 Halle 2c;Industrie
Arnsberg 09 Halle 3a;Industrie
Arnsberg 09 Halle 3b;Industrie
Arnsberg 09 Halle 3c;Industrie
Arnsberg 09 Halle 3d;Industrie
Arnsberg 09 Halle 3e;Industrie
Arnsberg 09 Halle 4a;Industrie
Arnsberg 09 WHaus 1;Mehrfamilienhaus,Gewerbe,FassadeGrau,DachSchwarz
Arnsberg 09 WHaus 2;Mehrfamilienhaus,FassadeGrau,FassadeWeiss,DachSchwarz,MitBalkon
Arnsberg 09 WHaus 3;Industrie
Arnsberg 09 WLager;Industrie
Arnsberg 10 VEW WStatt 1a;Industrie
Arnsberg 10 VEW WStatt 1b;Industrie
Arnsberg 10 VEW WStatt 2a;Industrie
Arnsberg 10 VEW WStatt 2b;Industrie
Arnsberg 11 WHaus 1;Mehrfamilienhaus,FassadeGrau,DachGrau,Flachdach
Arnsberg 12 Schuppen;Industrie,Güterschuppen,FassadeZiegel,DachGrau
Arnsberg 12 TrafoHaus;Industrie,Trafostation
Arnsberg 12 WHalle 1;Industrie
Arnsberg 12 WHalle 1a;Industrie
Arnsberg 12 WHaus 1;Mehrfamilienhaus,FassadeWeiss,FassadeGrau
Arnsberg 12 WHaus 2;Einfamilienhaus,FassadeWeiss,DachSchwarz,MitGarage
Arnsberg 12 WHaus 3;Einfamilienhaus,FassadeZiegel,DachSchwarz
Arnsberg 13 Stall 3;Bauernhof,Scheune,FassadeFachwerk,DachSchwarz
Arnsberg 13 Stall 4;Bauernhof,Scheune,FassadeFachwerk,DachSchwarz
Arnsberg 15 WH 1;Einfamilienhaus,FassadeWeiss,DachSchwarz,DachRot
Arnsberg 16 Ruine;Burg,Ruine
Arnsberg 17 Glockenturm;Kirche
Arnsberg 18 WH;Einfamilienhaus,FassadeWeiss,DachSchwarz
Arnsberg 20 Sportplatz;Sport,Sportplatz
Arnsberg 20 Tennishalle;Sport,Sporthalle,Turnhalle
Arnsberg 21 Gebaeude 1;Industrie,Hochhaus,FassadeZiegel
Arnsberg 21 Gebaeude 2;Industrie,FassadeZiegel
Arnsberg 21 Gebaeude 3;Industrie
Arnsberg 22 P198;Schrankenposten
Arnsberg Viadukt;Brücke,Viadukt
Ruhrbruecke Arnsberg km 198-7;Brücke
Ruhrbruecke Arnsberg km 199-7;Brücke
AHDT EG;Empfangsgebäude,FassadeZiegel,DachSchwarz
AHDT Feuerwache;Industrie,Feuerwehr
AHDT Gueterschuppen;Industrie,Garage
AHDT Wage;Waage,Industrie
EBR km167-539;Durchlass
Lund FaWulff;Industrie
Flachmast BUe Hoehensicherung;Fahrleitung,Bahnübergang
Szk01 EG;Empfangsgebäude,FassadeZiegel,DachSchwarz
Szk02 Stellwerk;Stellwerk
Szk03 GS;Güterschuppen
Szk04 Bruecke;Brücke
NLUH Luitpoldhuette 1;Industrie,FassadeGrau,Kulisse
Edes01 Quertraeger;Brücke,Pfeiler
Rosdorf01 EG;Empfangsgebäude,FassadeBeige,DachSchwarz
HildGbf 04 EBR Innerste;Brücke,Steinbrücke
Kastenbruecke Neheim;Brücke
Kastenbruecke Neheim RLAG;Brücke
Neheim 01 EG;Empfangsgebäude
Neheim 02 Stw No;Stellwerk
Neheim 03 Stw Nw;Stellwerk
Neheim 04 Fussgaengerbruecke;Brücke
Neheim 05 Gueterabfertigung;Güterschuppen,Güterabfertigung
Neheim 07 EG RuhrLippe;Empfangsgebäude,FassadeWeiss,DachRot,Mehrfamilienhaus
Neheim 08 Post;Güterschuppen,Güterabfertigung,Laderampe
Neheim 10 Fabrik km 192 050;Industrie,FassadeZiegel,DachSchwarz
Neheim 11 Fabrik km 191 600;Industrie
Neheim 12 WHaus 1;Mehrfamilienhaus,FassadeZiegel,DachSchwarz
Neheim 12 WHaus 2;Mehrfamilienhaus,FassadeZiegel,DachSchwarz
Neheim 13 Bahnhofstr Eckhaus;Gewerbe,Mehrfamilienhaus,Eckhaus,Reihenhaus,FassadeGrau,DachBraun
Neheim 14 EG Huesten Ost;Empfangsgebäude,Büro,Verwaltung,FassadeGrau,DachSchwarz,DachGrau
Neheim 15 SchueHa;Schützenhalle,DachSchwarz
Neheim 16 Haus;Einfamilienhaus,FassadeZiegel,DachRot
Neheim 17 Kirche;Kirche
Neheim 19 Eckhaus Roehrbruecke;Mehrfamilienhaus,FassadeGrau,DachGrau,DachSchwarz
Neheim 20 Komplex 1;Industrie
Neheim 20 Komplex 2;Industrie
Neheim 20 Komplex 3;Industrie
Neheim 20 Komplex 4;Industrie
Neheim 20 Komplex 5;Büro,Verwaltung,Hochhaus
Neheim 21 WHaus 1;Einfamilienhaus,FassadeWeiss,DachSchwarz,MitGarage
Neheim 21 WHaus 2;Einfamilienhaus,FassadeWeiss,DachSchwarz,MitGarage
Neheim 21 WHaus 3;Mehrfamilienhaus,FassadeZiegel,FassadeBeige,DachSchwarz,MitGarage,FassadeGelb
Neheim 21 WHaus 4;Mehrfamilienhaus,Gewerbe,FassadeGrau,DachSchwarz
Neheim 22 Tankstelle;Tankstelle
Neheim 23 WHaus-grau-mG;Einfamilienhaus,FassadeGrau,DachSchwarz,MitGarage
AC AmViadukt3;Industrie,Büro,Verwaltung,FassadeGrau,DachGrau
Neheim 24 WHaus 10;Mehrfamilienhaus,FassadeBeige,DachBraun
Neheim 25 Gewerbe;Industrie,Büro,MitGarage
Neheim 27 WHaus 1;Mehrfamilienhaus,FassadeGrau,DachGrau
Neheim 27 WHaus 9;Mehrfamilienhaus,FassadeBeige,FassadeGelb,DachSchwarz,MitBalkon
Neheim 27 WHaus oTanke;Mehrfamilienhaus,Hochhaus,FassadeGrau,FassadeSchiefer,Flachdach
Neheim 28 Kirche;Kirche
Neheim 29 BASTRA;Industrie
Neheim 30 Lok-Schuppen;Industrie,Lokschuppen
Neheim 31 WHaus 1;Mehrfamilienhaus,Büro,Verwaltung,Stadthaus,FassadeBraun,DachSchwarz
Neheim 32 Aerztehaus;Stadthaus,Büro,Verwaltung,FassadeBraun,FassadeZiegel,DachRot
Neheim 36 GHaus;Mehrfamilienhaus,Gewerbe,FassadeGrau,DachGrau
Neheim 36 Schuppen;Industrie,Halle
Neheim 37 Villa;Einfamilienhaus,MitGarten,FassadeWeiss,DachGrün
Neheim 38 Eingang;Industrie
Neheim 38 Westermann 1;Industrie,FassadeZiegel
Neheim 38 Westermann 2;Industrie
Neheim 39 WHaus;Zweifamilienhaus,FassadeWeiss,DachBraun
Neheim 40 Anbau West 1;Industrie,Schule,Büro,Verwaltung
Neheim 40 Anbau West 2;Industrie,Schule,Büro,Verwaltung
Neheim 40 Atrium;Schule,Büro,Verwaltung
Neheim 40 U Gebaeude 1;Industrie,Schule,Büro,Verwaltung
Neheim 40 U Gebaeude 2;Industrie,Schule,Büro,Verwaltung
Neheim 41 WHaus;Mehrfamilienhaus,Doppelhaus,FassadeGrau,FassadeBeige,DachRot,DachSchwarz,MitGarage
Neheim 42 Gebaeude 1;Industrie,Sport
Neheim 42 Gebaeude 2;Büro,Verwaltung
Neheim 43 WHaus;Einfamilienhaus,FassadeWeiss,DachGrau,DachSchwarz,MitGarage
Neheim 44 Pension;Einfamilienhaus,FassadeGelb,FassadeBeige,DachGrau,DachSchwarz
Neheim 45 Tennishalle;Industrie,Sport
Neheim 46 GHaus;Stadthaus,Gewerbe,FassadeGrau,DachSchwarz
Neheim 46 WStatt;Industrie
Neheim 47 WHaus;Mehrfamilienhaus,FassadeGelb,DachSchwarz
Neheim 48 WHaus;Mehrfamilienhaus,FassadeBeige,DachSchwarz,MitBalkon
Neheim 51 WHaus;Mehrfamilienhaus,FassadeGelb,DachSchwarz
Neheim 52 GHaus;Einfamilienhaus,FassadeGrau,DachRot
Neheim 52 GHaus 2;Zweifamilienhaus,FassadeWeiss,DachSchwarz
Neheim 52 WStatt;Industrie
Neheim 53 WHaus;Einfamilienhaus,FassadeGrau,FassadeBraun,DachBraun
Neheim 53 WHaus 2;Einfamilienhaus,FassadeGrau,FassadeBraun,DachBraun,MitGarage
Neheim 54 WHaus;Mehrfamilienhaus,FassadeGrau,DachBraun,MitBalkon
Neheim 55 WHaus;Zweifamilienhaus,FassadeWeiss,DachSchwarz,MitGarage,Walmdach
Neheim 56 WHaus;Einfamilienhaus,FassadeWeiss,DachSchwarz
Neheim 61 P188;Schrankenposten
Neheim Po189;Schrankenposten
Neheim Po192a;Schrankenposten
Posten192;Schrankenposten
Posten187;Schrankenposten
Vosswinkel 02 Stellwerk Vf;Empfangsgebäude
Vosswinkel 03 Gueterschuppen;Güterschuppen
Vosswinkel 08 Klaer;Kläranlage
Vosswinkel 09 WaAufbereit;Industrie,Kran
Vosswinkel 10 WHaus;Einfamilienhaus,FassadeGrau,DachSchwarz,MitGarage
Vosswinkel 11 FW Haus;Mehrfamilienhaus,FassadeFachwerk,FassadeWeiss,DachSchwarz
Vosswinkel 12 WHaus;Einfamilienhaus,FassadeWeiss,DachRot
Vosswinkel 13 P186-3;Zweifamilienhaus,FassadeWeiss,FassadeGrau,DachSchwarz
Vosswinkel 14 WHaus;Einfamilienhaus,FassadeWeiss,DachRot,MitGarage,MitBalkon
Vosswinkel 16 DHaus;Mehrfamilienhaus,FassadeZiegel,FassadeWeiss,DachSchwarz,Doppelhaus,MitGarage
Vosswinkel 17 Spf Haus;Schuppen,Schrebergarten
Vosswinkel 18 WHaus;Mehrfamilienhaus,FassadeGrau,DachBraun,MitGarage
Vosswinkel 19 WHaus;Bauernhof,Scheune,FassadeZiegel
Vosswinkel 20 BHof;Bauernhof
Vosswinkel 20 Halle;Industrie
Vosswinkel 21 WHallen;Industrie
Vosswinkel 21 WHaus 1;Mehrfamilienhaus,Gewerbe,FassadeWeiss,DachSchwarz,MitBalkon
Vosswinkel 22 Stall;Industrie
Vosswinkel 23 Schuppen;Industrie
Vosswinkel 24 WHaus;Zweifamilienhaus,FassadeWeiss,FassadeGrau,DachSchwarz,Doppelhaus
Vosswinkel 25 Hotel;Mehrfamilienhaus,Hotel,DachSchwarz
Vosswinkel 26 Fabrik;Industrie,FassadeGrau,DachGrau
Vosswinkel 27 WHaus;Einfamilienhaus,FassadeWeiss,DachSchwarz
Vosswinkel 28 DHaus;Mehrfamilienhaus,Doppelhaus,FassadeWeiss,DachSchwarz
Vosswinkel 29 WHaus;Mehrfamilienhaus,FassadeWeiss,DachRot
Vosswinkel 33 Kapelle;Kirche
Rosdorf02 Raiffeisen Halle;Industrie
Rosdorf02 Raiffeisen Kleinsilo;Industrie,Silo
Rosdorf02 Raiffeisen Silo;Industrie,Silo
Rosdorf03 Wolters Halle;Industrie,Halle,FassadeZiegel,DachSchwarz
Rosdorf03 Wolters Kohlenlager;Industrie
Rosdorf03 Wolters Silo;Industrie,Silo
Rosdorf03 Wolters Turm;Industrie
Rosdorf04 Wohnblock 3St;Mehrfamilienhaus,FassadeZiegel,DachBraun
Rosdorf04 Wohnblock 4St;Mehrfamilienhaus,FassadeZiegel,DachBraun
Rosdorf05 Fussballplatz 100x70;Sport,Sportplatz,Fußball
Rosdorf07 LHalle;Industrie,DachBraun
GoeGbf02 Sozialgeb Rangierer;Stellwerk
GoeGbf02 Sozialgeb Wgm;Industrie,Büro,Verwaltung,FassadeZiegel
GoeGbf03 Containerbruecke 1970;Containerbrücke,Kran,Containerbahnhof,Containerkran
GoeGbf04 Flm;Lokschuppen,Industrie,FassadeZiegel
GoeGbf05 Gitterbogenbruecke;Brücke,Bogenbrücke
GoeGbf05 Leinebruecke;Brücke,Steinbrücke
GoeGbf05 Stahltraegerbruecke;Brücke,Stahlbrücke
GoeGbf06 Holzhenkel Halle1;Industrie
GoeGbf06 Holzhenkel Halle2;Industrie
GoeGbf08 Novelis Haupthalle;Industrie
GoeGbf09 GVZ;Industrie
GoeGbf11 Hochhaus Kulisse 4st;Hochhaus,Kulisse,FassadeZiegel
GoeGbf11 Hochhaus Kulisse 6st;Hochhaus,Kulisse,FassadeZiegel
GoeGbf11 Hochhaus Kulisse 8st;Hochhaus,Kulisse,FassadeZiegel
02 treppe;Treppe
03 Fachwerkhaus;Mehrfamilienhaus,FassadeFachwerk,DachRot
03 St-Nikolaus-Kirche;Kirche
04 Wohnhaus;Einfamilienhaus,FassadeWeiss,DachRot
05 Gasthaus;Mehrfamilienhaus,FassadeWeiss,FassadeFachwerk,DachBraun
05 TUEV-Halle;Industrie
06 Halle-A.56x16m;Industrie,DachBlau
06 Halle-B.56x16m;Industrie,DachBlau
06 Halle-C.16x16m;Industrie,DachBlau
08 Leipferdingen Anbau;Schuppen,FassadeWeiss,DachBraun
08 Leipferdingen EFH;Einfamilienhaus,FassadeWeiss,DachRot
12 Mauer;Mauer,Zaun
12 Schuppen;Schuppen,FassadeWeiss,DachBraun
14 Bauernhaus;Einfamilienhaus,Gewerbe,Bauernhof,FassadeBeige,DachRot
27 Industrie;Industrie,FassadeGelb,Solar,Photovoltaik
Bahnwaerterhaus05;Einfamilienhaus,FassadeWeiss,DachBraun
Bahnwaerterhaus06;Einfamilienhaus,FassadeWeiss,DachBraun
Bahnwaerterhaus07;Einfamilienhaus,FassadeWeiss,DachSchwarz
Bahnwaerterhaus08;Einfamilienhaus,FassadeGelb,DachSchwarz
Bahnwaerterhaus09;Einfamilienhaus,FassadeWeiss,DachBraun
Bruecke km53-5;Brücke,Stahlbrücke
Bruecke km54-4;Durchlass,Brücke,Stahlbrücke
Durchlass km56-8;Durchlass
EG-Aulfingen;Empfangsgebäude,FassadeWeiss,DachRot
EG-Hausen;Empfangsgebäude,FassadeWeiss,FassadeBlau,FassadeRosa,DachGrau
EG-Leipferdingen;Empfangsgebäude,FassadeBeige,FassadeBlau,DachBraun
St-Marien-Kirche;Kirche
Strassenbruecke km58-3;Brücke,Straßenbrücke
ALG EG;Empfangsgebäude,FassadeZiegel,DachSchwarz
ASTD EG;Empfangsgebäude,FassadeZiegel,DachSchwarz
ABST Abgang Bstg;Bahnsteig
ABST Austohaus;Industrie,FassadeZiegel
ABST EBR Km177,056 Gelaender 11m;Geländer
ABST EBR Km177,056 Gelaender 9m;Geländer
ABST EBR Km177.056 Gelaender 11m;Geländer
ABST EBR Km177.056 Gelaender 9m;Geländer
ABST EG;Empfangsgebäude
ABST Fahrradstaender;Fahrrad
ABST Fahrstuhl;Aufzug,Bahnsteig
ABST Fussgaengerbruecke;Brücke
ABST HBK Geb1;Industrie,FassadeZiegel
ABST Meierei;Industrie,FassadeZiegel,DachSchwarz
ABST Strassenlaterne;Beleuchtung,Straßenlaterne
ABST Stw Bf 2008;Stellwerk
ABST Tankstelle;Tankstelle
ABST Wasserturm;Wasserturm
ASTU EAM;Stellwerk,Industrie,FassadeZiegel,ESTW,ESTW-A
ASTU EG;Empfangsgebäude,FassadeZiegel
ASTU Gueterschuppen;Güterschuppen,Industrie
ASTU Silo;Industrie
Brecklum Aldi;Supermarkt,Industrie
Brueke Arlau;Brücke,Stahlbrücke
De Sool;Industrie
EUe Clementstrasse Gelaender;Geländer
Eue FlensburgerStr Gelaender;Geländer
HBK Hochregallager;Industrie
HBK Hochregallager 2;Industrie,Hochregallager,Lager
SBR Brueckenstrasse Fundament;Pfeiler
SBR Brueckenstrasse Pfeiler;Pfeiler
SUe Struckum;Brücke,Betonbrücke
Obernjesa02 Stellwerk;Stellwerk
Obernjesa03 Zucker Halle1;Industrie
Obernjesa03 Zucker Silo1;Industrie,Silo
Obernjesa03 Zucker Silo2;Industrie,Silo
ALG Bahnweg 3;Einfamilienhaus,FassadeZiegel,DachRot,DachBraun
ALG Dorfstr 30;Mehrfamilienhaus,FassadeGrün,DachSchwarz
ALG Fahrradunterstand 1;Fahrrad,Fahrradständer
ALG Fahrradunterstand 2;Fahrrad,Fahrradständer
ALG Landhandel N;Industrie,Scheune,DachGrau
ALG Landhandel N Lager;Industrie,FassadeGrün
ALG Meierei;Industrie,FassadeZiegel
Fernmeldeturm Stollberg;Fernsehturm,Typenturm,FMT11
Po186;Schrankenposten
SBR Kirchenweg;Brücke,Betonbrücke
ALH BWH;DachGrau,FassadeBeige,FassadeBruchstein
ALH Getreideschuppen;Industrie
ALH Lagerhalle;Industrie
ALH Silo;Industrie,Raiffeisen
ALH Stw Lf;Stellwerk
ALH Stw Ls;Stellwerk
ANBN NVAG;Empfangsgebäude,DachSchwarz,FassadeZiegel
ANBN Wartehaus;Bahnsteig,Wartehaus,Wetterschutz
ANB BW SyltShuttle Halle;Lokschuppen
ANB Bahnsteigsdach Bstg1;Bahnsteig
ANB Bahnsteigsdach Bstg2;Bahnsteig
ANB EG;Empfangsgebäude,Güterschuppen
ANB Europcar;Industrie,FassadeZiegel
ANB Gleiswaage;Waage,Bahnbude
ANB LST-Werkstatt;Schuppen,MitGarage,Industrie,Werkstatt
ANB Mietgaragen;Garage
ANB Parkhaus;Parkhaus
ANB Post;Mehrfamilienhaus,Gewerbe,FassadeZiegel,DachSchwarz
ANB Post Garage;Industrie,FassadeZiegel
ANB Rathausstr 2;Mehrfamilienhaus,FassadeZiegel,DachRot
ANB Rathausstr 4;Einfamilienhaus,FassadeFachwerk,FassadeZiegel,DachSchwarz
ANB Stw Nf;Stellwerk
ANB Stw Ns;Stellwerk
ANB Tanklager 8Tanks;Tank,Tankanlage
ANB Tanklager Halle;Industrie,FassadeGrün,DachRot
ANB Uhlebueller Str 56 58;Einfamilienhaus,FassadeZiegel,DachRot
ANB Uhlebueller Str 60 62;Einfamilienhaus,FassadeZiegel,DachRot
ANB Wasserturm;Wasserturm
ANB Werkstatt;Werkstatt,Industrie,Bahnbude,FassadeZiegel,DachBraun
ANB ZJ;FassadeZiegel,DachRot,Büro,Verwaltung,Kirche
Az-Aufsicht;Industrie,Büro,Verwaltung
Az-Container;Container,Industrie,Büro,Verwaltung
Az-Container Laderampe;Industrie,Büro,Verwaltung
Az-Kasse;Büro,Verwaltung,Raststätte
Az-Kasse Dach;Dach
Az-Kiosk;Industrie,Büro,Verwaltung
Az-Laderampe Gelaender;Zaun,Geländer
Az-Laderampe Gelaender kurz;Zaun,Geländer
Az-Laderampe Li;Laderampe
Az-Laderampe Re;Laderampe
Az-Pylon;Leitkegel
Az-Stromversorgung;Industrie,Trafohaus
Az-Ticketautomat;Bahnsteig,Fahrkartenautomat
Az-Ticketautomat LKW;Bahnsteig,Fahrkartenautomat
Az-Toilette;Container,Toilette
Az-Turm;Turm,Aussichtsturm
Az Terminal Bruecke A-D;Ampel
Az Terminal Bruecke A-E;Ampel
Az Terminal Bruecke F;Ampel
Bahnsteigsbank NEG;Bank,Bahnsteig
DB BOMD277 Atrappe;Fahrzeugattrappe,Wagen
DB Br218 vr Atrappe;Fahrzeugattrappe,Lokomotive
Fahnenmast;Fahne,Flagge
Fahnenmast DBBahn;Fahne,Flagge
Fahnenmast SyltShuttle;Fahne,Flagge
LZA 2-Segmente;Ampel
LZA Doppelpeitsche;Ampel
LZA Peitsche Re;Ampel
NVAG-Werkstatt;Lokschuppen,FassadeZiegel
Schranke 3m;Schranke
Schranke 4m;Schranke
Schranke 4m oben;Schranke
Schranke 5m;Schranke
Signalanlage;Ampel
Steckzaun;Zaun,Geländer
Bruecke Neuer Sielzug;Brücke
Stw LHG;Stellwerk
Mesch05 SBG-Haus 4;Mehrfamilienhaus,FassadeWeiss,DachBraun
Echthausen 01 Scheune;Scheune,Bauernhof,FassadeBruchstein,DachRot,DachBraun
Echthausen 02 Scheune;Scheune,Bauernhof,FassadeHolz,DachGrau
Echthausen 02 WH 1;Mehrfamilienhaus,Bauernhof,FassadeBeige,FassadeFachwerk,DachSchwarz
Echthausen 05 WH a;Einfamilienhaus,FassadeWeiss,DachRot,DachBraun
Echthausen 05 WH b;Zweifamilienhaus,MitGarage,FassadeBeige,DachSchwarz
Echthausen 06 WH;Mehrfamilienhaus,FassadeWeiss,DachSchwarz,MitGarten
Echthausen 07 WH;Einfamilienhaus,MitGarage,FassadeBeige,DachSchwarz
Echthausen 08 Garage;Garage
Echthausen 08 WH;Einfamilienhaus,Bungalow,MitGarage,FassadeZiegel,DachSchwarz,DachBraun
Echthausen 08 WH b;Einfamilienhaus,Gewerbe,Industrie,FassadeWeiss,DachSchwarz,FassadeZiegel
Echthausen 09 WH;Einfamilienhaus,MitGarage,FassadeGelb,FassadeBeige,DachBraun
Echthausen 10 WH;Industrie,FassadeWeiss,DachSchwarz
Wickede 01 P183;Posten,Schrankenposten
Wickede 02 EG;Empfangsgebäude,FassadeGrau,DachSchwarz
Wickede 03 P175;Posten,Schrankenposten,Einfamilienhaus,FassadeWeiss,DachBraun
Wickede 04 Halle 1;Industrie,FassadeZiegel
Wickede 04 Halle 2;Industrie,FassadeZiegel
Wickede 04 Halle 3;Industrie,FassadeZiegel
Wickede 04 Halle 4;Industrie,FassadeZiegel
Wickede 04 Halle 5;Industrie,FassadeZiegel
Wickede 04 Stw VA;Industrie
Wickede 05 WH;Posten,Schrankenposten
Wickede 06 Stauwehr;Wehr,Stauwehr
Wickede 07 Stw Wf;Stellwerk
Wickede 08 Stw Wo;Stellwerk
Wickede 10 Kirche;Kirche
Wickede 15 Ostenfeld Industrie 1a;Industrie
Wickede 15 Ostenfeld Industrie 1b;Industrie
AHAR 00 Bereich-05-Verbindung-Ost;Bahnsteig,Bahnsteigzugang
Wickede 15 Ostenfeld Industrie 1c;Garage,Industrie,Schuppen
Wickede 15 Ostenfeld Industrie 2;Einfamilienhaus,Gewerbe,Industrie,FassadeWeiss,DachGrau
Wickede 15 Ostenfeld Industrie 3;Industrie
Wickede 15 Ostenfeld Industrie 4;Mehrfamilienhaus,FassadeGelb,DachSchwarz,Flachdach
Wickede 15 Ostenfeld Industrie 6a;Industrie,Betonwerk
Wickede 15 Ostenfeld Industrie 6b;Industrie,FassadeZiegel,Werkstatt
Wickede 15 Ostenfeld Industrie 7a;Einfamilienhaus,FassadeWeiss,DachSchwarz
Wickede 15 Ostenfeld Industrie 7b;Industrie,Bauernhof,Scheune
Wickede 15 Ostenfeld WH 1;Einfamilienhaus,FassadeGrau,DachRot,MitGarage
Wickede 15 Ostenfeld WH 2;Zweifamilienhaus,FassadeGelb,DachSchwarz
Wickede 15 Ostenfeld WH 2b;Mehrfamilienhaus,FassadeGelb,FassadeBeige,DachSchwarz
Wickede 15 Ostenfeld WH 3;Mehrfamilienhaus,FassadeWeiss,DachSchwarz
Wickede 16 Hauptstr WH 1;Mehrfamilienhaus,Gasthaus,FassadeGrau,DachSchwarz
Wickede 16 Hauptstr WH 4;Mehrfamilienhaus,Gewerbe,FassadeWeiss,DachBraun
Wickede 16 Hauptstr WH 5a;Mehrfamilienhaus,Eckhaus,Stadthaus,Gewerbe,FassadeWeiss,DachSchwarz,Reihenhaus
Wickede 16 Hauptstr WH 5b;Mehrfamilienhaus,Reihenhaus,FassadeWeiss,DachSchwarz
Wickede 16 Hauptstr WH 5c;Mehrfamilienhaus,Reihenhaus,Stadthaus,FassadeWeiss,DachSchwarz
Wickede 16 WH 2;Mehrfamilienhaus,Gewerbe,FassadeWeiss,FassadeGrau,DachSchwarz
Wickede 16 WH 3;Einfamilienhaus,Gewerbe,Apotheke,FassadeSchwarz,DachSchwarz
Wickede 17 BG 1;Industrie,FassadeZiegel,DachGrau
Wickede 17 BG 2;Industrie,FassadeZiegel,DachBraun
Wickede 17 WS Einfahrt 1;Industrie
Wickede 17 WS Halle 1;Industrie,FassadeZiegel
Wickede 17 WS Halle 2;Industrie,FassadeZiegel
Wickede 17 WS Halle 3;Industrie,FassadeZiegel
Wickede 18 WH 1;Mehrfamilienhaus,Reihenhaus,FassadeGrau,DachSchwarz
Wickede 18 WH 2;Mehrfamilienhaus,FassadeBlau,DachSchwarz
Wickede 18 WH 3a;Einfamilienhaus,MitGarage,FassadeWeiss,DachSchwarz
Wickede 18 WH 3b;Einfamilienhaus,MitGarten,FassadeWeiss,DachSchwarz
Wickede 19 Industrie 1;Industrie,FassadeZiegel
Wickede 19 Industrie 2;Industrie,FassadeWeiss
Wickede 20 WH 1;Bauernhof,Scheune,FassadeGrau,DachBraun
Wickede 20 WH 2;Einfamilienhaus,FassadeBlau,DachSchwarz
Wickede 20 WH 3 WS;Industrie,Werkstatt
Wickede 20 WH 3a;Zweifamilienhaus,Gewerbe,FassadeGrau,DachSchwarz
Wickede 20 WH 3b;Einfamilienhaus,FassadeOrange,DachSchwarz
Wickede Obergrabenbruecke;Brücke
Wickede Ruhrbruecke Aussenteil;Brücke
Wickede Ruhrbruecke Mittelteil;Brücke
Wickede Ruhrbruecke Vorflutbruecke;Brücke
Ardey 02 Hotel;Hotel,FassadeWeiss,DachRot,DachBraun
Boesperde 01 Strassenbruecke;Brücke,Stahlbrücke
Boesperde 02 Fabrik;Industrie,FassadeZiegel
Brueckenueberbau geschlossen;Brücke,Stahlbrücke
Brueckenueberbau offen;Brücke,Stahlbrücke
Froemern 01 EG;Empfangsgebäude,FassadeSchiefer,DachGrau
Froemern 03 WH 1;Mehrfamilienhaus,FassadeGelb,DachBraun
Froemern 03 WH 2;Einfamilienhaus,FassadeGelb,DachBraun
Froemern 03 WH 3;Einfamilienhaus,FassadeGelb,DachBraun
Froemern Bruecke km4-2;Brücke,Straßenbrücke
Froemern Bruecke km5-1;Brücke,Straßenbrücke
Froendenberg 01 Stw Ff;Stellwerk
Froendenberg 02 Post;Stadthaus,Gewerbe,Post,FassadeWeiss,DachBraun
Froendenberg 03 Amtshaus;Büro,Verwaltung,FassadeGrau,DachBraun
Froendenberg 05 Stw Fo;Stellwerk
Froendenberg 07 EG;Empfangsgebäude
Froendenberg 09 Posten 172;Posten,Schrankenposten,FassadeZiegel,DachSchwarz
Froendenberg 10 Posten 173a;Posten,Schrankenposten
Froendenberg 12 Lokschuppen;Lokschuppen
Froendenberg 16 DHaus 56;Mehrfamilienhaus,FassadeBeige,FassadeGrau,DachSchwarz,DachBraun,Doppelhaus
Froendenberg 13 Stw Fw;Stellwerk
Froendenberg 13 WHaus 7;Mehrfamilienhaus,FassadeWeiss,DachSchwarz
Froendenberg 13 WHaus 8;Einfamilienhaus,FassadeWeiss,FassadeSchiefer,DachBraun
Froendenberg 17 Bude;Schuppen,Bahnbude,FassadeHolz
Froendenberg 18 Sozialbau;Büro,Verwaltung,FassadeBraun
Froendenberg 19 WHaus;Mehrfamilienhaus,FassadeWeiss,DachGrau,DachSchwarz,MitBalkon
Froendenberg 21 WH 1;Bauernhof,FassadeFachwerk,DachSchwarz
Froendenberg 21 WH 2;Einfamilienhaus,FassadeWeiss,DachSchwarz
Froendenberg 21 WH 3;Einfamilienhaus,FassadeWeiss,DachSchwarz
Froendenberg 21 WH 4a;Einfamilienhaus,FassadeWeiss,DachSchwarz
Froendenberg 21 WH 5;Mehrfamilienhaus,FassadeGelb,DachSchwarz
Froendenberg 22 WH 10;Mehrfamilienhaus,FassadeWeiss,DachSchwarz
Froendenberg 22 WH 11;Mehrfamilienhaus,FassadeWeiss,FassadeGrau,DachSchwarz,Doppelhaus
Froendenberg 22 WH 12;Einfamilienhaus,FassadeGelb,DachBraun
Froendenberg 22 WH 13;Einfamilienhaus,FassadeWeiss,DachSchwarz,Bungalow
Froendenberg 22 WH 15;Mehrfamilienhaus,FassadeGelb,FassadeFachwerk,DachSchwarz
Froendenberg 22 WH 16;Mehrfamilienhaus,FassadeGrau,FassadeWeiss,DachBraun,Doppelhaus,Walmdach
Froendenberg 22 WH 17;Einfamilienhaus,FassadeWeiss,DachSchwarz,Walmdach
Froendenberg 22 WH 19;Einfamilienhaus,FassadeWeiss,DachSchwarz,MitGarage
Froendenberg 22 WH 2;Einfamilienhaus,FassadeWeiss,DachSchwarz,Walmdach
Froendenberg 22 WH 20;Einfamilienhaus,FassadeWeiss,DachSchwarz
Froendenberg 22 WH 21;Einfamilienhaus,FassadeWeiss,DachSchwarz,MitGarten
Froendenberg 22 WH 22;Mehrfamilienhaus,FassadeWeiss,DachBraun
Froendenberg 22 WH 23;Einfamilienhaus,FassadeWeiss,DachSchwarz,Zweifamilienhaus
Froendenberg 22 WH 24;Einfamilienhaus,FassadeWeiss,DachBraun,Walmdach
Froendenberg 22 WH 26;Doppelhaus,Zweifamilienhaus,FassadeWeiss,DachSchwarz,MitGarage
Froendenberg 22 WH 27;Einfamilienhaus,FassadeWeiss,DachSchwarz,MitGarage
Froendenberg 22 WH 28;Mehrfamilienhaus,FassadeGrün,DachSchwarz,MitGarten
Froendenberg 22 WH 3;Einfamilienhaus,FassadeWeiss,FassadeGrau,DachSchwarz
Froendenberg 22 WH 30;Mehrfamilienhaus,FassadeWeiss,DachBraun,DachSchwarz,MitGarage,MitBalkon
Froendenberg 22 WH 34;Mehrfamilienhaus,FassadeBeige,DachSchwarz,DachBraun
Froendenberg 22 WH 36;Einfamilienhaus,DachSchwarz,FassadeWeiss,MitGarage,Walmdach
Froendenberg 22 WH 38;Einfamilienhaus,FassadeWeiss,DachSchwarz,MitGarage,Walmdach
Froendenberg 22 WH 6;Einfamilienhaus,FassadeWeiss,DachSchwarz,MitGarage
Froendenberg 22 WH 6b;Einfamilienhaus,MitGarage,FassadeWeiss,DachSchwarz
Froendenberg 22 WH 7;Einfamilienhaus,FassadeWeiss,DachSchwarz,MitGarage
Froendenberg 22 WH 8;Mehrfamilienhaus,FassadeBeige,FassadeZiegel,DachSchwarz
Froendenberg 22 WH 9;Einfamilienhaus,MitGarage,FassadeWeiss,DachSchwarz
Froendenberg 23 GC;Industrie
Froendenberg 23 Gara 7;Industrie,Werkstatt
Froendenberg 23 WH 1;Mehrfamilienhaus,FassadeGelb,FassadeSchiefer,DachSchwarz
Froendenberg 23 WH 2;Einfamilienhaus,Gewerbe,FassadeWeiss,DachSchwarz
Froendenberg 23 WH 2b;Industrie,Büro,Verwaltung
Froendenberg 23 WH 3;Mehrfamilienhaus,FassadeGrau,FassadeWeiss,DachGrau
Froendenberg 23 WH 3b;Einfamilienhaus,FassadeWeiss,DachBraun,Walmdach
Froendenberg 23 WH 4;Mehrfamilienhaus,FassadeWeiss,FassadeGelb,DachSchwarz
Froendenberg 23 WH 5;Mehrfamilienhaus,FassadeGrau,FassadePink,DachSchwarz
Froendenberg 23 WH 6;Mehrfamilienhaus,FassadeGelb,DachSchwarz
Froendenberg 23 WH 7;Mehrfamilienhaus,FassadeGrau,FassadeWeiss,DachSchwarz,MitGarage,Stadthaus
Froendenberg 23 WH 7b;Mehrfamilienhaus,FassadeWeiss,FassadeGrau,DachSchwarz
Froendenberg 23 WH 8;Mehrfamilienhaus,Stadthaus,FassadeGelb,DachSchwarz,FassadeWeiss
Froendenberg 23 WH 8b;Einfamilienhaus,FassadeWeiss,FassadeGelb,DachBraun
Froendenberg 24 Buero 1;Industrie,Büro,Verwaltung
Froendenberg 24 Halle 1;Industrie,FassadeZiegel
Froendenberg 24 Halle 2;Industrie,FassadeZiegel
Froendenberg 24 Halle 3;Industrie
Froendenberg 25 BH 1;Industrie,Schuppen,FassadeGrau,DachBraun
Froendenberg 25 BH 2;Industrie,Schuppen,FassadeGrau,DachBraun
Froendenberg 25 BH 3;Industrie,Schuppen,FassadeGrau,DachBraun
Froendenberg 27 Casino;Mehrfamilienhaus,Stadthaus,Gewerbe,FassadeRot,DachSchwarz
Froendenberg 27 Family;Stadthaus,Gewerbe,Eckhaus,FassadeGrau,DachSchwarz
Froendenberg 27 Markgraf;Gasthaus,Mehrfamilienhaus,FassadeFachwerk,DachRot
Froendenberg 27 Metzger;Mehrfamilienhaus,Gewerbe,FassadeWeiss,DachSchwarz
Froendenberg 27 WH 19;Einfamilienhaus,FassadeZiegel,FassadeBeige,DachBraun
Froendenberg 27 WH 20;Mehrfamilienhaus,FassadeWeiss,DachSchwarz
Froendenberg 27 WH 21;Einfamilienhaus,FassadeGrau,DachSchwarz,MitGarage
Froendenberg 27 WH 22;Einfamilienhaus,FassadeFachwerk,DachSchwarz
Froendenberg 27 WH 23;Einfamilienhaus,FassadeFachwerk,DachRot
Froendenberg 28 Kirche 1;Kirche
Froendenberg 30 WH 39;Mehrfamilienhaus,FassadeGrau,FassadeWeiss,DachSchwarz
Froendenberg 30 WH 40;Mehrfamilienhaus,FassadeGrau,DachSchwarz,MitGarage
Froendenberg 30 WH 41;Einfamilienhaus,FassadeWeiss,DachBraun
Froendenberg 31 Signal Werkstatt;Industrie,Werkstatt
Froendenberg 32 BH 9;Schule,Büro,Verwaltung,FassadeWeiss,DachSchwarz
Froendenberg 32 Hotel;Hotel,FassadeWeiss,DachSchwarz
Froendenberg 32 Lager;Industrie,FassadeZiegel
Froendenberg 33 Wasserwerk;Industrie,FassadeZiegel,DachRot
Froendenberg 34 Gew 2;Industrie
Froendenberg 34 Gewerbe;Industrie
Froendenberg 35 Bstg Niedergang-LAbg;Bahnsteig
Froendenberg 35 Bstg Niedergang-RAbg;Bahnsteig
Mittelpfeiler;Brücke,Pfeiler
Warmen 01 Waerterwohnhaus;Posten,Schrankenposten,FassadeZiegel,DachSchwarz,FassadeBeige
Widerlager;Brücke,Widerlager
Ball Dellwig;Freileitung
Bruecke km159-4;Durchlass
Bruecke km162-8;Brücke,Straßenbrücke
Bruecke km163-2;Durchlass
Bruecke km167-0;Brücke,Straßenbrücke
Geisecke 01 D Halle 1a;Industrie,FassadeZiegel
Geisecke 01 D Halle 2d;Industrie
Geisecke 01 Halle 1b;Industrie,FassadeZiegel
Geisecke 01 Halle 2;Industrie
Geisecke 01 Halle 2b;Industrie,Werkstatt
Geisecke 01 Halle 2c;Industrie
Geisecke 01 Halle 3a;Industrie,FassadeZiegel
Geisecke 02 Bstg-Nieder links;Bahnsteig,Niedergang
Geisecke 02 EG-GS;Empfangsgebäude,FassadeFachwerk,DachSchwarz
Hengsen 01 BH 1;Bauernhof,Einfamilienhaus,FassadeFachwerk,DachRot
Hengsen 01 BH 2;Bauernhof,FassadeZiegel,FassadeFachwerk,DachBraun
Hengsen 01 BH 3;Bauernhof,FassadeZiegel,FassadeFachwerk,DachBraun
Hengsen 01 WH;Einfamilienhaus,Bungalow,FassadeWeiss,DachSchwarz,MitGarage
Hengsen 02 WH;Mehrfamilienhaus,FassadeBeige,DachRot
Langschede 05 Posten 165;Posten,Schrankenposten,FassadeZiegel,DachSchwarz
Langschede 10 Halle 1;Industrie
Langschede 10 Halle 2a;Industrie,FassadeZiegel
Langschede 10 Halle 2b;Industrie,FassadeZiegel
Langschede 10 Halle 3;Industrie
Langschede 10 Halle 5;Industrie
Langschede 10 Halle 6;Industrie
Langschede 10 Verwaltung;Industrie,Büro,Verwaltung
Langschede 10 WStatt 1;Industrie,Schuppen,FassadeZiegel,Halle
Langschede 10 WStatt 2;Industrie,Werkstatt,FassadeBeige,DachBraun
Langschede 11 Anbau 12;Industrie,Büro,Verwaltung,Bungalow,FassadeWeiss,DachSchwarz,Flachdach
Langschede 11 Garage 11;Garage
Langschede 11 Gasthof;Gasthaus,FassadeGelb,DachSchwarz
Langschede 11 WH 1;Mehrfamilienhaus,FassadeBeige,DachSchwarz,MitBalkon
Langschede 11 WH 11;Einfamilienhaus,FassadeZiegel,DachSchwarz
Langschede 11 WH 12;Einfamilienhaus,FassadeRosa,FassadeRot,DachSchwarz
Langschede 11 WH 13;Einfamilienhaus,FassadeZiegel,Reihenhaus,DachSchwarz,Gewerbe
Langschede 11 WH 2;Mehrfamilienhaus,FassadeWeiss,DachSchwarz
Langschede 11 WH 3;Einfamilienhaus,FassadeGelb,FassadeGrau,DachSchwarz
Langschede 11 WH 4;Einfamilienhaus,FassadeWeiss,FassadeGrau,DachBraun
Langschede 12 Verzinkerei;Industrie
Langschede 13 Cargo;Industrie
Langschede 13 Halle 1;Industrie,FassadeZiegel
Langschede 14 MBau 1;Industrie,Halle
Langschede 14 MBau 2;Industrie
Langschede 14 MBau 3;Industrie,Halle
Langschede 15 WH 1;Einfamilienhaus,Gewerbe,FassadeWeiss,DachSchwarz
Langschede 15 WH 2;Mehrfamilienhaus,FassadeGrau,DachGrau,DachSchwarz
Langschede 17 Haus Schoppe;Mehrfamilienhaus,FassadeWeiss,FassadeGrau,DachSchwarz
Langschede 18 B-Hof;Bauernhof,FassadeZiegel,DachGrau
Langschede 19 Rewe;REWE,Supermarkt
Langschede 20 Feuerwehr;Feuerwehr
Langschede 21 EG;Empfangsgebäude
Langschede 22 GA;Güterschuppen
Langschede 23 Stw Lw;Stellwerk
Langschede 24 Posten 167;Posten,Schrankenposten
Langschede 24 Stw Lf;Stellwerk
Mast Dellwig;Freileitung,Hochspannung
Mast Dellwig warn;Freileitung,Hochspannung
Stein 01;Stein
Stellwerk KS;Stellwerk
Aushang-Suderburg;Bahnsteig,Aushang
Betonbox;Schalthaus
Fahrkartenautomat-Metronom;Bahnsteig,Automat,Fahrkartenautomat
Gelaender-Suderburg;Geländer
Suderburg-Kasten;Schalthaus
Suderburg 02;Industrie,Raiffeisen
Suderburg EG;Empfangsgebäude
Unterstand;Bahnsteig,Wartehaus
Unl02 Stellwerk;Stellwerk
Unl03 Bstg Zugang;Bahnsteig,Niedergang
Aufzug-303;Aufzug
Aufzug-Rund;Aufzug
Bahnsteig-Gelaender-21m;Geländer
Bahnsteig-Gelaender-31 5m;Geländer
Bahnsteig-Gelaender-73 5m;Geländer
Bahnsteig-Gelaender-94 5m;Geländer
Bahnsteig-Gelaender-single;Geländer
Bahnsteig-Rampe;Bahnsteig,Bahnsteigdach
Bahnsteigdach-Post;Bahnsteig,Bahnsteigdach
Bahnsteiglampe 6m;Lampe
Baumarkt Uelzen;Industrie,FassadeHolz
EOW Schalttafel;EOW
Einstiegshilfe;Treppe
Fahrradremise-Uelzen;Fahrrad,Wartehaus,Bahnsteig
Gelaender-Bruecke;Geländer
Gleisschild-101;Schild,Bahnsteig,Gleis101
Gleisschild-102;Schild,Bahnsteig,Gleis102
Gleisschild-103;Schild,Bahnsteig,Gleis103
Gleisschild-302;Schild,Bahnsteig,Gleis302
Gleisschild-303;Schild,Bahnsteig,Gleis303
Gleisschild-304;Schild,Bahnsteig,Gleis304
HolzBetonBank;Bahnsteig,Bank
Infokasten Stadt;Schaukasten
Kaufland-Uelzen;Industrie,Supermarkt
KrBw 94 188;Brücke,Betonbrücke
Krbw 105 2;Brücke,Betonbrücke
Lampenschirm-Uelzen;Lampe
Metronom-Aufsichtshaus;Industrie,FassadeZiegel,Pförtner,Schuppen
Metronom-Gittermastaufsatz-kurz;Lampe
Metronom-Gittermastaufsatz;Lampe
Metronom-Halle-02;Lokschuppen
Metronom-Halle-03;Lokschuppen
Metronom-Halle-gross;Lokschuppen
Moebelmarkt;Industrie
Muelleimer schwarz;Mülleimer,Bahnsteig
Nordzucker-Fabrik;Industrie
Rundbake;Straße,Pfosten
Schallschutz gruen 5Feld Aussparung1Feld;Lärmschutz
Schallschutz gruen 8Feld;Lärmschutz
Schallschutz gruen 8Feld Aussparung1Feld;Lärmschutz
Schallschutz gruen 8Feld Aussparung2Feld;Lärmschutz
Schallschutz gruen 9Feld Aussparung1Feld;Lärmschutz
Schallschutz gruen 9Feld Aussparung2Feld;Lärmschutz
Schallschutz gruen Abstufung;Lärmschutz
Schaltschrank schwarz;Schaltschrank
Seitenwand 32m;Mauer,Lärmschutz
Stadtplan Uelzen;Schaukasten
Stellwerk-Uelzen;Stellwerk
Treppenabgang;Treppe
Uelzen-Bahnhofsausgang-Ost;Empfangsgebäude
Uelzen-Bahnhofsmission;FassadeZiegel,Büro,Verwaltung
Uelzen-Bahnsteigabgang-302;Bahnsteig,Bahnsteigabgang
Uelzen-Bahnsteigabgang-303;Bahnsteig,Bahnsteigabgang
Uelzen-Bahnsteigabgang01;Bahnsteig,Bahnsteigabgang
Uelzen-Bahnsteigabgang02;Bahnsteig,Bahnsteigabgang
Uelzen-Bahnsteigabgang03;Bahnsteig,Bahnsteigabgang
Uelzen-Bahnsteigdach-102;Bahnsteig,Bahnsteigdach
Uelzen-Bahnsteigdach-302;Bahnsteig,Bahnsteigdach
Uelzen-Bahnsteigdach-303;Bahnsteig,Bahnsteigdach
Uelzen-Bahnsteigwartehaus;Bahnsteig,Wartehaus
Uelzen-Haus1;Industrie,Bahnbude,FassadeZiegel,Schuppen
Uelzen-Hundertwasserbahnhof;Empfangsgebäude
Uelzen-Nordzucker;Industrie,Zuckerfabrik,Silo
Uelzen-Parkhaus;Parkplatz,Parkhaus
Uelzen-Postgebauede;Post,Büro,Verwaltung
Uelzen-Wasserturm;Wasserturm
Uelzen Gittermastlampe10;
WasserstationV1;Betriebswerk
WasserstationV2;Betriebswerk
Windschutz-Uelzen;Bahnsteig,Wartehaus,Windschutz
MGHF ACAR Kabelrecycling;Industrie
MGHF ASL Otto-Hahn;Industrie
MGHF Andreas-Schmid-Logistik Robert-Bosch-Str9;Industrie,Spedition
MGHF Andreas-Schmid-Logistik Welserstr8 G1;Industrie
MGHF Andreas-Schmid-Logistik Welserstr8 G2;Industrie,Halle
MGHF Andreas-Schmid-Logistik Welserstr8 G3;Industrie,Halle,Bürocontainer
MGHF Andreas-Schmid-Logistik Welserstr8 G4 1;Industrie
MGHF Babywelt;Industrie,Halle
MGHF Bahnhofstr107;Mehrfamilienhaus,FassadeRosa,DachBraun
MGHF Bahnhofstr109;Zweifamilienhaus,MitGarage,FassadeWeiss,DachRot
MGHF Bahnhofstr111;Zweifamilienhaus,FassadeWeiss,DachBraun
MGHF Beethovenstr1;Mehrfamilienhaus,Gewerbe,FassadeWeiss,DachGrau
MGHF Beethovenstr3;Mehrfamilienhaus,FassadeWeiss,DachBraun
MGHF Beethovenstr5;Mehrfamilienhaus,FassadeBeige,DachRot
MGHF DHL-Paketzentrum;Industrie,Post,Paketzentrum
MGHF DHL-Verwaltung;Büro,Verwaltung,Post
MGHF EU Bahnhofstr;Brücke,Betonbrücke
MGHF Einsteinring26;Industrie,FassadeBlau
MGHF Empfangsgebaeude;Empfangsgebäude
MGHF G-Oil;Tankstelle
MGHF GLSG Logistik;Industrie,Spedition,Büro,Verwaltung
MGHF Gersthofer-Backbetriebe;Industrie
MGHF Hery-Park Bauhaus;Industrie,Baumarkt
MGHF Hery-Park Villa;Mehrfamilienhaus,FassadeGelb,FassadeBeige,DachBraun
MGHF Hirblingerstr5 G1;Mehrfamilienhaus,FassadeGrau,DachBraun,DachRot
MGHF Hirblingerstr5 G2;Bauernhof,Scheune
MGHF Holzbau Hillebrand;Industrie
MGHF Horn Verpackung;Industrie
MGHF Kaminbau Bartosch;Industrie,Büro,Verwaltung
MGHF Kieserling Logistik;Industrie,Halle
MGHF Lagerhaus;Industrie,Raiffeisen
MGHF Lagerhaus Halle2;Industrie,Halle
MGHF Maria Kirchturm;Kirche
MGHF Remondis G1;Industrie,Büro,Verwaltung
MGHF Remondis G2;Industrie,Unterstand
MGHF Roman Mayer;Industrie
MGHF Schenker;Industrie,Spedition
MGHF Schenker Nebengebaeude;Industrie
MGHF Schreinerei Binder;Industrie
MGHF Schuppen;Güterschuppen,Laderampe
MGHF Siemensstr11;Zweifamilienhaus,FassadeWeiss,Flachdach
MGHF Thermo Iso FW9;Industrie,Halle
MGHF Treppe Gleis3;Treppe
MGHF Wasserwerk;Wasserwerk
MGHF Wasserwerk 2;Wasserwerk,Industrie
MGHF Westendstr11;Mehrfamilienhaus,FassadeGelb,DachRot,DachBraun,Gewerbe,Walmdach
MGHF Westendstr5;Einfamilienhaus,FassadeBeige,DachRot,DachBraun
MGHF XX-Lucky;Büro,Verwaltung,Gewerbe
MGHF mihabodytec;Industrie,Halle
Schalthaus2;Schalthaus
Schild Baumschulen;Schild
EU A5;Brücke,Betonbrücke
MGAL AmForet1;Industrie,Halle
MGAL AmRollfeld2;Einfamilienhaus,FassadeGelb,FassadeBeige,DachSchwarz,Zeltdach
MGAL Amazone;Industrie,Halle
MGAL Antenne;Antenne
MGAL Bahnhof;Empfangsgebäude
MGAL Bahnhof Technikhaus;Stellwerk,Bahnbude
MGAL Bahnhof Treppenabgang;Bahnsteig,Bahnsteigabgang
MGAL Bahnhofstr2;Mehrfamilienhaus,FassadeRot,DachGrau
MGAL Gaertnerei Lange;Einfamilienhaus,FassadeGrau,FassadeWeiss,DachRot
MGAL Gartenhuette;Schuppen,Schrebergarten
MGAL Gueterhalle;Güterschuppen
MGAL Koller1;Industrie,Halle
MGAL Koller2;Industrie,Halle,Solar,Photovoltaik
MGAL Lehenstr1-3;Einfamilienhaus,FassadeGrau,DachRot,DachGrau
MGAL Linde Gelb;Industrie,FassadeGelb
MGAL Linde Schlot;Industrie,Schornstein
MGAL Linde Tank;Industrie,Tank
MGAL Linde Tank Treppe;Industrie,Tank
MGAL Linde Verdampfer;Industrie,Kühlturm
MGAL RSP;Industrie,Halle
MGAL Schalthaus;Betonschalthaus
MGAL Schild Ausgang;Schild
MGAL Schreinerei Roessle;Industrie
MGAL Silbermann;Industrie,Tank,Silo
MGAL Unterfuehrung Bf;Brücke,Betonbrücke
AC Autoverladung Aufsicht;Bahnbude
AC Autoverladung Bude;Schuppen,Pförtner,Bahnbude
AC Autoverladung Rampe;Laderampe
AC Hbf Post;Post,FassadeZiegel
AC Hbf Post Schuppen;Garage,FassadeZiegel
AC Hbf Posthalle;Güterhalle
AC WH KamperStr1;Mehrfamilienhaus,Stadthaus,Reihenhaus,Eckhaus,FassadeZiegel,DachSchwarz
AC WH KamperStr11-15;Mehrfamilienhaus,Stadthaus,Reihenhaus,FassadeZiegel,DachSchwarz
AC WH KamperStr17;Mehrfamilienhaus,Stadthaus,Reihenhaus,FassadeZiegel,DachSchwarz,Eckhaus
AC WH KamperStr19;Mehrfamilienhaus,Stadthaus,Reihenhaus,FassadeWeiss,DachRot,Eckhaus,MitBalkon
AC WH KamperStr21;Mehrfamilienhaus,Stadthaus,Reihenhaus,FassadeGrau,DachSchwarz
AC WH KamperStr5-9;Mehrfamilienhaus,Stadthaus,Reihenhaus,FassadeZiegel,DachSchwarz
AC WH Kasinostr21;Mehrfamilienhaus,Stadthaus,Reihenhaus,FassadeRot,DachSchwarz,DachGrau,Eckhaus
AC WH Kasinostr 19;Mehrfamilienhaus,Stadthaus,Reihenhaus,FassadeWeiss,DachSchwarz
AC WH Wiesenstr12-18;Mehrfamilienhaus,Stadthaus,Reihenhaus,FassadeWeiss,DachRot,DachBraun
AC WH Wiesenstr6-10;Mehrfamilienhaus,Stadthaus,Reihenhaus,FassadeWeiss,DachRot,DachBraun
AO-Hotel;Hotel,Hochhaus,FassadeBeige,Büro,Verwaltung
Aachen Hbf EG;Empfangsgebäude
Bruecke km3-0;Brücke
Bruecke km70-6;Brücke,Betonbrücke
BurtscheiderBruecke;Brücke,Bogenbrücke
BurtscheiderBruecke RampeNord;Widerlager
BurtscheiderBruecke WiderlagerNord;Widerlager
BurtscheiderBruecke WiderlagerSued;Widerlager
Halle;Bahnhofshalle
Hauptzollamt;Büro,Verwaltung
Landeszentralbank;Büro,Verwaltung
Signalausleger P4;Signalbrücke
StJB;Kirche
Zollstelle Bahnpolizei;Büro,Verwaltung
Zollstelle Schuppen;Industrie,Güterschuppen
Bruecke km 6 600;Brücke,Straßenbrücke
OstbergerTunnel Nord;Tunnel,Tunnelportal
OstbergerTunnel Sued;Tunnel,Tunnelportal
Schw-O 11 AW 1;Büro,Verwaltung,FassadeZiegel,DachSchwarz
Schw-O 11 AW 2;Industrie,Ausbesserungswerk,FassadeZiegel,DachSchwarz,DachGrau
Schw-O 11 AW WH;Lokschuppen
Schw-O 11 AW WH 2;Industrie,FassadeZiegel
Schw-O 12 BL 1;Treppe
Schw-O 12 EG 1;Empfangsgebäude
Schw-O 12 Stuetze-Fundament;Brücke,Stütze
Schw-O 12 Stuetze;Brücke,Stütze
Schw-O 13 Raiffeisen;Raiffeisen,Silo
Schw-O 14 Lager 1;Industrie,Halle
Schw-O 14 Lager 2;Industrie,Halle
Schw-O Schuetzenstr WH 1;Zweifamilienhaus,FassadeBeige,DachSchwarz,Doppelhaus
Schwerte-Ost 20 Waerterhaus;Einfamilienhaus,FassadeZiegel,DachBraun
Schwerte-Ost 98 El3493gn;Brücke,Straßenbrücke
Schwerte-Ost 99 RB 1;Brücke,Rohrbrücke
Schwerte-Ost 99 RB 2;Rohrbrücke
Schwerte Ost 15 Stw Heide;Stellwerk
Schwerte Ost Durchlass 1seitig;Durchlass
Schwerte Ost Durchlass Mittelteil-4m;Durchlass
Schwerte Ost Durchlass Stuetzmauer;Stützmauer
Schwerte Ost Durchlass Warnbaken;Durchlass,Schild
SchwerterTunnel Nordwest;Tunnel,Tunnelportal
SchwerterTunnel Suedost;Tunnel,Tunnelportal
Sigbrk-ost;Signalbrücke
Bruecke1 km9-2;Brücke,Stahlbrücke
Bruecke km 153-7;Brücke,Stahlbrücke
BrueckentraegerA;Fahrleitung
BrueckentraegerB;Fahrleitung
BrueckentraegerC;Fahrleitung
Bstg Blende 730;
Durchlass Beton eingleisig;Durchlass
Mast an Ueberwerfung;Fahrleitung
Schwerte 01 Stellwerk Sof;Stellwerk
Schwerte 03 Stw Sg;Stellwerk
Schwerte 08 EG;Empfangsgebäude
Schwerte 09 Bstg 1 2 Dach 1;Bahnsteig,Bahnsteigdach
Schwerte 09 Bstg 1 2 Nieder;Bahnsteig,Niedergang
Schwerte 09 Bstg 1 2 Statik 1;Bahnsteig,Bahnsteigdach
Schwerte 09 Bstg 1 2 Stuetze 1;Bahnsteig,Bahnsteigdach
Schwerte 09 Bstg 1 2 Stuetze 2;Bahnsteig,Bahnsteigdach
Schwerte 09 Bstg 1 2 Teil 1;Bahnsteig,Bahnsteigdach
Schwerte 09 Bstg 1 2 Teil 2;Bahnsteig,Bahnsteigdach
Schwerte 09 Bstg 5 6 Nieder;Bahnsteig,Niedergang
Schwerte 09 Einbau Gl 1 2;Bahnbude,Schuppen
Schwerte 09 Einbau Gl 3 4;Bahnbude,Schuppen
Schwerte 10 WH 1;Mehrfamilienhaus,Stadthaus,FassadeWeiss,FassadeGrau,DachRot
Schwerte 10 WH 2;Mehrfamilienhaus,Stadthaus,Flachdach,FassadeBeige
Schwerte 10 WH 3;Mehrfamilienhaus,Stadthaus,Gewerbe,FassadeGrau,DachBraun
Schwerte 15 Bau-2;Büro,Verwaltung,DachSchwarz,DachGrau
Schwerte 15 Bau-3;Industrie,Büro,Verwaltung,FassadeRot,FassadeZiegel
Schwerte 15 Taxi-Zentrale;Stadthaus,FassadeBeige,DachSchwarz,Gewerbe
Schwerte 17 Stw Sn;Stellwerk
Schwerte 17 Stw Swf;Stellwerk
Schwerte 19 Lokschuppen;Lokschuppen,Schuppen
Nuttlar 05 Halle a1 40 30;Industrie,Lagerhalle
Schwerte 22 Kornhaus;Raiffeisen
Schwerte 23 GA;Güterschuppen
Schwerte 24 Fabrik 1;Industrie,FassadeZiegel
Schwerte 24 Fabrik 2-1;Industrie,Halle
Schwerte 24 Fabrik 2;Industrie,Halle
Schwerte 24 Fabrik 3;Industrie,FassadeZiegel,GrundrissDreieck
Schwerte 24 GH 2;Eckhaus,FassadeWeiss,DachSchwarz,Büro,Verwaltung,GrundrissDreieck
Schwerte 24 NW-Halle-1;Industrie
Schwerte 24 NW-WH-1;Industrie,Büro
Schwerte 24 Nickelwerk;Industrie
Schwerte 24 Parkplatz;Straße,Parkplatz
Schwerte 24 WH 1;Industrie,Büro
Schwerte 24 WH 2;Industrie,Büro,Verwaltung,Eckhaus,GrundrissDreieck
Schwerte 25 Fabrik 1;Industrie,FassadeZiegel
Schwerte 25 Fabrik 2;Industrie,FassadeZiegel
Schwerte 26 Bau 1;Industrie
Schwerte 26 Bau 2;Industrie
Schwerte 26 Bau 3;Industrie,FassadeZiegel
Schwerte 27 FaPflug;Industrie,Ford
Schwerte 27 VHalle;Autohaus,Showroom,Ford
Schwerte 27 WH 1;Mehrfamilienhaus,Stadthaus,FassadeWeiss,DachBraun,FassadeGrau,MitBalkon
Schwerte 27 WH 2;Mehrfamilienhaus,Stadthaus,FassadeWeiss,DachBraun,FassadeGrau
Schwerte 28 WH 1-1;Mehrfamilienhaus,Stadthaus,FassadeBeige,DachSchwarz,Reihenhaus
Schwerte 28 WH 1-2;Mehrfamilienhaus,Stadthaus,FassadeBeige,DachSchwarz,Reihenhaus,Gewerbe
Schwerte 28 WH 1-4;Mehrfamilienhaus,FassadeWeiss,Stadthaus,DachSchwarz,Reihenhaus
Schwerte 28 WH 3-3;Mehrfamilienhaus,Stadthaus,FassadeGelb,DachSchwarz,Reihenhaus
Schwerte 28 WH 3-4;Mehrfamilienhaus,Stadthaus,FassadeGrün,DachSchwarz,Reihenhaus
Schwerte 28 WH 3-5;Mehrfamilienhaus,Stadthaus,FassadeWeiss,DachSchwarz,Reihenhaus
Schwerte 28 WH 4-1;Mehrfamilienhaus,Stadthaus,FassadeWeiss,DachBraun
Schwerte 28 WH 4-2;Mehrfamilienhaus,Stadthaus,FassadeWeiss,DachSchwarz
Schwerte 28 WH 4-3;Zweifamilienhaus,Stadthaus,FassadeGrau,DachSchwarz
Schwerte 28 WH 4-4;Zweifamilienhaus,Stadthaus,FassadeWeiss,DachBraun
Schwerte 28 WH Gr 1;Mehrfamilienhaus,Stadthaus,DachBraun,Reihenhaus,FassadeWeiss,FassadeGrau
Schwerte 28 WH Gr 2-1;Stadthaus,Mehrfamilienhaus,Reihenhaus,DachBraun,DachSchwarz
Schwerte 28 WH Gr 2;Stadthaus,Mehrfamilienhaus,Reihenhaus,DachBraun,DachSchwarz
Schwerte 28 WH Gr 4;Stadthaus,Mehrfamilienhaus,Reihenhaus,DachBraun,FassadeWeiss,Eckhaus
Schwerte 29 Industrie 1a;Industrie,Betonwerk
Schwerte 29 Industrie 1b;Industrie,FassadeZiegel,Werkstatt
Schwerte 30 Masch-Fabrik;Industrie,FassadeZiegel
Schwerte 31 WH 1;Mehrfamilienhaus,FassadeZiegel,DachRot
Schwerte 31 WH 2;Mehrfamilienhaus,FassadeSchiefer,FassadeGelb,DachRot,MitGarage
Schwerte 32 WStatt 1;Industrie,FassadeZiegel,DachRot
Schwerte 32 WStatt 2;Industrie,Schuppen,Garage,Werkstatt
Schwerte 32 WStatt 3;Büro,Garage,MitGarage,Flachdach
Schwerte 32 WStatt 4;Industrie
Schwerte 33 WStatt 1a;Industrie,Werkstatt
Schwerte 33 WStatt 1b;Industrie,Halle
Schwerte 33 WStatt 2;Industrie,DachRot
Schwerte 33 WStatt 3;Industrie,Werkstatt
Schwerte 33 WStatt 4;Industrie,FassadeGrün
Schwerte 33 WStatt 5;Industrie
Schwerte Ruhrbruecke1;Brücke,Stahlbrücke,Stahlfachwerkbrücke
Schwerte Ruhrbruecke2;Brücke,Stahlbrücke,Stahlfachwerkbrücke
Schwerte 16 HOESCH-Front-1;Industrie
Schwerte 16 HOESCH-Front-2;Industrie
Schwerte 16 HOESCH-Halle-1;Industrie
Schwerte 16 HOESCH-Halle-2;Industrie
Schwerte 16 HOESCH-Tor-1;Industrie
Schwerte 26 Bau 4;Industrie
Schwerte 27 WH 1 b;Mehrfamilienhaus,Stadthaus,FassadeGrau,DachBraun,MitBalkon
AC Halle Kurbrunnenstr22;Industrie,Lager
AC Hochhaus Kurbrunnenstr22;Hochhaus,Büro,Verwaltung
AC Steinbruecke Mozartstr Nordseite;Brücke,Steinbrücke,Straßenbrücke
AC Steinbruecke Mozartstr Suedseite;Brücke,Steinbrücke,Straßenbrücke
AC WH Kasinostr31;Stadthaus,Mehrfamilienhaus,Reihenhaus,Eckhaus,FassadeGelb,DachSchwarz
AC WH Kasinostr33;Stadthaus,Mehrfamilienhaus,Reihenhaus,Eckhaus,FassadeGelb,DachSchwarz
AC WH Kasinostr34;Stadthaus,Mehrfamilienhaus,Reihenhaus,FassadeGrau,DachSchwarz
AC WH Kasinostr35;Stadthaus,Mehrfamilienhaus,Reihenhaus,FassadeZiegel,DachSchwarz
AC WH Kurbrunnenstr24;Mehrfamilienhaus,Reihenhaus,FassadeWeiss,DachSchwarz,MitBalkon
AC WH Pfeilstr7;Stadthaus,Mehrfamilienhaus,Reihenhaus,FassadeGelb,DachSchwarz
AC Suedstr70;Stadthaus,Mehrfamilienhaus,Reihenhaus,FassadeWeiss,DachGrau,Gewerbe
Aachen BW Bude10x4m;Schuppen,Bahnbude,FassadeZiegel
Aachen BW Wagenhalle;Betriebswerk,BW,Lokschuppen
Aachen Stw Af;Stellwerk
Stadtverwaltung2;Büro,Verwaltung,Hochhaus
Wohnh01-4g-L16-B10-klinker-rot;Stadthaus,Mehrfamilienhaus,Reihenhaus,FassadeZiegel,DachSchwarz
Wohnh01-4g-L16-B10-putz-gelb;Stadthaus,Mehrfamilienhaus,Reihenhaus,FassadeGelb,DachSchwarz
Wohnh01-4g-L16-B10-putz-lichtgrau;Stadthaus,Mehrfamilienhaus,Reihenhaus,FassadeGelb,FassadeWeiss,DachSchwarz
Wohnh02-3g-Gruenderzeit-L10-B10;Stadthaus,Mehrfamilienhaus,Reihenhaus,FassadeRot,DachSchwarz,FassadeGrau
Wohnh02-3g-Gruenderzeit-L15-B10;Stadthaus,Mehrfamilienhaus,Reihenhaus,FassadeGrau,FassadeRot,DachSchwarz
Wohnh03-3g-Gruenderzeit-L10-B10;Stadthaus,Mehrfamilienhaus,Reihenhaus,FassadeGrau,FassadeRot,DachSchwarz
Westhofen 01 Burg Husen;Burg,Schloss
Westhofen 02 Viadukt;Viadukt
Westhofen 03 Gutshof 1;Bauernhof,Einfamilienhaus,FassadeZiegel,DachSchwarz
Westhofen 03 Gutshof 2;Scheune,Bauernhof,FassadeBruchstein,FassadeFachwerk
Westhofen 03 Mauer-1;Mauer,Bruchsteinmauer
Westhofen 03 Mauer-3-10m;Mauer,Bruchsteinmauer
Westhofen 03 Mauer-3-5m;Mauer,Bruchsteinmauer
Westhofen 03 Mauertor-3;Mauer,Bruchsteinmauer
Westhofen 03 Park;Park
Westhofen 04 Klaerbecken;Kläranlage
Westhofen 10 EG;Empfangsgebäude
Westhofen 10 EL-Mauer;Mauer,Betonmauer
Westhofen 10 ER-Mauer;Mauer,Betonmauer
Westhofen 10 Mauer-Tor;Mauer,Betonmauer
Westhofen 10 Mauer;Mauer,Betonmauer
Westhofen 11 Stw Schuppen;Schuppen,Bahnbude,FassadeZiegel
Westhofen 11 Stw Ww;Stellwerk
Westhofen 12 Stw Wf;Stellwerk
Westhofen 12 WStatt;Werkstatt,Industrie,FassadeZiegel,Flachdach
Westhofen 20 Autohaus 406;Industrie,Halle
Westhofen 20 Autohaus Puetter;Autohaus,Industrie
Westhofen 20 BH 400;Büro,Verwaltung
Westhofen 20 FA 400;Industrie
Westhofen 20 FA 400 PHaus;Industrie,Pförtner
Westhofen 20 Gara 402;Schuppen,Garage,FassadeBeige,DachSchwarz
Westhofen 20 WH 322;Einfamilienhaus,FassadeWeiss,DachSchwarz
Westhofen 20 WH 324;Einfamilienhaus,FassadeWeiss,DachSchwarz
Westhofen 20 WH 326;Einfamilienhaus,FassadeWeiss,DachSchwarz,Gewerbe
Westhofen 20 WH 328;Einfamilienhaus,FassadeOrange,FassadeBraun,DachRot,FassadeSchiefer
Westhofen 20 WH 400-b;Mehrfamilienhaus,FassadeWeiss,DachSchwarz
Westhofen 20 WH 400;Mehrfamilienhaus,FassadeZiegel,FassadeWeiss,DachSchwarz
Westhofen 20 WH 402;Mehrfamilienhaus,FassadeGelb,FassadeBeige,FassadeZiegel,DachSchwarz
Westhofen 20 WStatt 404;Industrie,FassadeZiegel
Westhofen 22 WH 1;Mehrfamilienhaus,FassadeWeiss,DachBraun
Westhofen 22 WH 2;FassadeWeiss,DachRot,Mehrfamilienhaus
Westhofen 24 Objekt 1;Industrie
Westhofen 25 Objekt 1;Industrie,Garage,Flachdach,Halle
Westhofen 25 Objekt 2;Industrie
Westhofen 26 Feuerwehr;Feuerwehr
Westhofen 30 MBau 1;Industrie
Westhofen 30 Objekt 3;Industrie
Westhofen 30 Objekt 5;Industrie
Abgang;Bahnsteig,Bahnsteigabgang
BGA01;Bauernhof,Biogasanlage
BGA02;Bauernhof,Biogasanlage
BGA03;Bauernhof,Biogasanlage
Bahnsteigmauer;Mauer,Ziegelmauer
Bruecke RebberlaherStr;Brücke,Straßenbrücke
Eschede-EG;Empfangsgebäude
Eschede-Haus-Rebberlaher-Str;Einfamilienhaus,FassadeZiegel,DachBraun
Eschede-Schuppen;Stellwerk,Bahnbude
Estw-Kasten;Stellwerk,ESTW-A,ESTW-D,ESTW
Gedenkstaette-Treppe;Treppe
Gelaender-1fach;Geländer
Gelaender-2fach;Geländer
Gelaender-3fach;Geländer
Gelaender-4fach;Geländer
Gelaender-5fach;Geländer
Mauerwerkshaus;Zweifamilienhaus,FassadeZiegel,DachSchwarz
Mitron-Fahrgastinformation;Bahnsteig,Fahrgastinformation
Saatzucht01;Bauernhof,Industrie,Halle,DachBraun
Saatzucht02;Industrie,Raiffeisen
Scheune-blau;Industrie,Halle,FassadeBlau,DachBraun,Scheune,Bauernhof
Scheune01;Industrie,Halle,Scheune,Bauernhof,FassadeGrün
Stuetzmauer-1;Geländer
Stuetzmauer-2;Geländer
Unterstand-Dreieck;Sonnenschirm
MLAW Amselstr13a;Mehrfamilienhaus,FassadeGelb,DachGrau,DachSchwarz,MitBalkon
MLAW Amselstr14;Mehrfamilienhaus,FassadeGelb,FassadeBeige,DachBraun
MLAW Bahnsteigunterfuehrung;Bahnsteig,Bahnsteigabgang
MLAW Bahnwaerterhaus;Schrankenposten,Bahnwärterhaus
MLAW Busunterstand;Bushaltestelle
MLAW Durchlass Riedgraben;Durchlass
MLAW EG;Empfangsgebäude
MLAW EU Schlehenweg;Brücke,Fußgängerbrücke
MLAW Falkenstr18;Zweifamilienhaus,MitBalkon,FassadeGrau,DachSchwarz
MLAW Falkenstr19;Zweifamilienhaus,MitBalkon,FassadeGrau,DachBraun
MLAW Finkenstr14;Zweifamilienhaus,MitBalkon,FassadeWeiss,FassadeGrau,DachBraun,DachRot
MLAW Flurstr11;Einfamilienhaus,FassadeGrau,DachRot
MLAW Flurstr13;Mehrfamilienhaus,FassadeBeige,DachBraun
MLAW Flurstr15;Mehrfamilienhaus,FassadeBeige,DachBraun
MLAW Flurstr1b;Mehrfamilienhaus,FassadeWeiss,FassadeGrau,DachBraun,MitBalkon
MLAW Flurstr3;Einfamilienhaus,FassadeWeiss,DachGrau
MLAW Flurstr5;Einfamilienhaus,FassadeBeige,DachBraun
MLAW Flurstr7;Einfamilienhaus,FassadeWeiss,DachBraun,Solar,Photovoltaik
MLAW Flurstr9;Einfamilienhaus,FassadeWeiss,DachSchwarz
MLAW Funkmast;Funkturm
MLAW Gelaender Gl2;Geländer
MLAW Technikgebaeude;Schuppen,Bahnbude
MLAW Treppenaufgang Gl2;Treppe
MLAW Wasserturm;Wasserturm
MLAW Westendstr4a;Mehrfamilienhaus,FassadeGrau,DachSchwarz
MHEH Amselweg5;Zweifamilienhaus,MitBalkon,FassadeWeiss,DachSchwarz
MHEH Bahnhofsgelaende;Schild
MHEH Blatz;Industrie
MHEH Cinderella;FassadeGrau,DachBraun
MHEH Emons;Industrie,Spedition
MHEH Hallen JBEnderle-Ring;Schuppen,DachRot
MHEH JBE-Ring 17;Einfamilienhaus,FassadeBeige,DachRot,MitBalkon
MHEH Kirchturm;Kirche
MHEH Maschinenbau Fries;Industrie
MHEH Rau;Industrie
MHEH Schild Gleiswaage;Schild,Gleiswaage
MHEH Stellwerk;Stellwerk
MHEH Treppe Ost;Treppe
MHEH Treppe West;Treppe
MHEH Wartehalle;Schuppen,Wartehaus,Schrebergarten
MHEH Wasserwerk;Industrie,Wasserwerk
MHEH Widerlager km 17 7;Brücke,Widerlager
Noerten01 LSW-Abschluss 5m 2m;Lärmschutz
Garssen-Haus1;Einfamilienhaus,Bahnwärterhaus,Schrankenposten,FassadeHolz,DachSchwarz
Garssen-Mauer;Kabelkanal
Garssen-Stellwerk;Stellwerk
Signalbruecke 2Hsig Bf VorstadtNord;Signalbrücke,Signalausleger
pfeiler quadratisch 9mhoch;Brücke,Betonbrücke,Pfeiler
Abgang verlassen weiss;Bahnbude,Schuppen,Schalthaus
Bahnsteigdach-blau;Bahnsteig,Bahnsteigdach
Bahnsteigdach-gelb;Bahnsteig,Bahnsteigdach
Bahnsteigdach-rot;Bahnsteig,Bahnsteigdach
Biermannstrasse29;Mehrfamilienhaus,FassadeBeige,DachSchwarz
Celle-Abgang;Bahnsteig,Bahnsteigabgang
Celle-Bruecke-gross;Brücke,Stahlbrücke
Celle-Bruecke-klein;Brücke,Stahlbrücke
Celle-EG;Empfangsgebäude
Celle-Parkhaus;Parkhaus
Celle-Unterstand-blau;Wartehaus
Celle-Unterstand-gelb;Wartehaus
Celle-Unterstand-offen;Wartehaus
Celle-Unterstand-rot;Wartehaus
Celle-Unterstand;Wartehaus
Lampenschirm-Celle;Lampe
Mastschild Kombinationssignal verdeckt;Signal
Mega01;Industrie
Nebengebaeude 01;Industrie,Halle,Kaserne,FassadeBeige
OHE-Gebaeude;Lokschuppen
OHE-Schuppen;Industrie
RollerMoebel;Industrie
Schallschutz 4Feld9fachV1;Lärmschutz
Schallschutz 4Feld9fachV2;Lärmschutz
Schallschutz 4Feld Aussparung1FeldV1;Lärmschutz
Schallschutz 4Feld Aussparung1FeldV2;Lärmschutz
Schallschutz 6Feld9fachV1;Lärmschutz
Schallschutz 6Feld9fachV2;Lärmschutz
Schallschutz 6Feld Aussparung1FeldV1;Lärmschutz
Schallschutz 6Feld Aussparung1FeldV2;Lärmschutz
Schallschutz 6Feld Aussparung2FeldV1;Lärmschutz
Schallschutz 6Feld Aussparung2FeldV2;Lärmschutz
Schallschutz 6Feld Versatz1FeldV1;Lärmschutz
Schallschutz 6Feld Versatz1FeldV2;Lärmschutz
Schallschutz 6Feld Versatz1FeldV3;Lärmschutz
Schallschutz 6Feld Versatz1FeldV4;Lärmschutz
Schuppen01;Güterschuppen,Güterabfertigung
Sema Empfang;Industrie,Büro,Verwaltung
Sema Halle;Industrie
Signal Kreuz;Signal
Signalbruecke 2Hsig Bf;Signalbrücke,Signalausleger
Signalbruecke 2Hsig St;Signalbrücke,Signalausleger
Signalstaender;Signal
Stellwerk 02;Stellwerk
Stellwerk Cf;Stellwerk
Unterfuehrung Nord;Brücke,Betonbrücke
Unterfuehrung Sued;Brücke,Betonbrücke
Verwaltung;FassadeZiegel,Büro,Verwaltung
Vorsignaltafel verdeckt;Signal
WaschcenterCelle;Waschanlage
Neuenheerse 05 UeW-Bude;Schuppen,FassadeZiegel,DachRot
Bahnhofsbruecke;Bahnsteig,Stahlbrücke
BahnsteigUnten;Bahnsteig
Dienstwohnung;Mehrfamilienhaus,FassadeGrau,DachRot
EG Plockhorst;Empfangsgebäude
EltzeEG;Empfangsgebäude
EltzeLagerschuppen;Industrie,Güterschuppen
EltzeNG;Schuppen,FassadeGelb,DachRot
Gleiswaage;Waage
HausDrewes;FassadeGrau,DachRot,Gasthaus
Kopframpe;Laderampe
Lokschuppen;Lokschuppen
NG Eltze Anbau;Schuppen
NG Plockhorst;Schuppen,FassadeGrau,DachRot
NG Plockhorst Anbsu;Schuppen
Notwohnung km1;Stellwerk
Notwohnung oB;Stellwerk
SchuppenDrewes;Schuppen,Garage
StrassenUnterfuehrung1;Brücke,Betonbrücke
StrassenUnterfuehrung2;Brücke,Betonbrücke
StrassenUnterfuehrung3;Brücke,Betonbrücke
StrassenUnterfuehrung4;Brücke,Betonbrücke
StrassenUnterfuehrung5;Brücke,Betonbrücke
StrassenUnterfuehrung6;Brücke,Betonbrücke
Stw Pw;Stellwerk
Wasserturm;Wasserturm
AnkensenEG;Empfangsgebäude
AnkensenNG;Schuppen,FassadeGrau,DachRot
Strassenbruecke3m;Brücke,Betonbrücke
BrueckeKm5Komma5;Brücke,Betonbrücke
DurchlassFeldweg;Durchlass
DurchlassFeldweg2;Durchlass
DurchlassGrabenGemauert;Durchlass
DurchlassNr1;Durchlass
DurchlassNr3;Durchlass
DurchlassNr5;Durchlass
EG Edemissen;Empfangsgebäude
Glockenturm;Kirche,Glockenturm
KathKirche;Kirche
NG Edemissen;Schuppen,FassadeGrau,DachRot
Pfeiler;Brücke,Pfeiler
SparUndDarlehnskasseNeubau;Silo,Raiffeisen
SpeicherSparUndDarlehnskasse;Güterschuppen,Industrie
SperreBeton;Durchlass
StraBrueEde;Brücke,Betonbrücke
WaageFaKobbe;Waage
WaageSparUndDarlehnskasse;Waage
WaageZuckerLehrte;Waage
Zuckerruebenverladeanlage;Förderband
Bruecke Seestrasse;Brücke,Straßenbrücke,Betonbrücke
Bruecke km148-6;Brücke,Straßenbrücke
Bruecke km148-76;Brücke,Straßenbrücke
Bruecke km148-9;Brücke,Straßenbrücke
Bruecke km6-9;Brücke,Straßenbrücke
Bruecke km7-17;Brücke,Steinbrücke
Brueckekm148-3;Brücke,Straßenbrücke,Bogenbrücke
Brueckekm148-6 GZ;Brücke,Steinbrücke
Hengstey01 Stw Hg;Stellwerk
Hengstey02 Stw Hw;Stellwerk
Hengstey03 Stw Hohensyburg;Stellwerk
Hengstey 10 Anbau 23;Industrie,FassadeZiegel,Flachdach
Hengstey 10 WH 1;Bauernhof,Scheune,FassadeZiegel,DachSchwarz
Hengstey 10 WH 19;Zweifamilienhaus,FassadeWeiss,DachBraun
Hengstey 10 WH 23;Mehrfamilienhaus,FassadeWeiss,DachBraun
Hengstey 11 BHaus;Bootshaus,Schuppen,DachSchwarz,FassadeWeiss
Hengstey 11 Bootsteg 1;Hafen
Hengstey 11 Bootsteg 2;Hafen
Hengstey 11 WHaus 2a;Mehrfamilienhaus,FassadeZiegel,DachBraun
Hengstey 11 WHaus 2c;Einfamilienhaus,Bungalow,FassadeWeiss,DachSchwarz,MitGarage
Hengstey 11 WHaus 4;Restaurant,Hotel
Hengstey 45 HHaus;Hochhaus
Hengstey 46 Bruecke-aSPW A;Brücke,Stahlfachwerkbrücke
Hengstey 46 Bruecke-aSPW M;Brücke,Stahlfachwerkbrücke
Hengstey 46 Gehweg;Straße
Hengstey 47 Sperrwerk-gesamt;Stauwehr
Hengstey 48 Koep-1;Kraftwerk,Wasserkraftwerk,Pumpspeicherkraftwerk
Hengstey 48 Koep-2;Kraftwerk,Wasserkraftwerk,Pumpspeicherkraftwerk
Hengstey 49 KWD-gesamt;Denkmal
Hengstey 50 V-Turm;Denkmal,Turm
Hengstey 51 DC 1;Industrie,Druckerei
Hengstey 51 DC 2;Industrie,Druckerei,Büro
Hengstey 52 Stahlhandel;Industrie,FassadeGrün
Hengstey 53 Werk 1a;Industrie,Halle
Hengstey 53 Werk 1b;Industrie,Halle
Hengstey 53 Werk 1c;Industrie,Halle
Hengstey 53 Werk 1d;Industrie,Halle
Hengstey 53 Werk 3;Industrie,Halle,FassadeZiegel
Hengstey 53 Werk 2;Industrie,FassadeZiegel
Hengstey 54 Klaerwerk-1;Industrie,Kläranlage
Hengstey 54 Klaerwerk-2;Industrie,Kläranlage,Naßkühlturm
Hengstey 54 Klaerwerk-3;Industrie,Kläranlage
Hengstey Brueckekm146-6;Brücke,Straßenbrücke,Stahlfachwerkbrücke
Signalausleger Hagen-Kabel;Signalbrücke,Signalausleger
Ueberbau Bruecke km7-17;Brücke,Stahlbrücke
Abzw Einhaus Ueberwerfung;Stellwerk,Überwerfung,Kreuzungsbauwerk
Bruecke01;Brücke,Stahlfachwerkbrücke
Bruecke02 198 gn;Brücke,Stahlfachwerkbrücke
Bruecke03 7758gn;Brücke,Stahlfachwerkbrücke
Bruecke04 7772gn;Brücke,Stahlbrücke
Bruecke05;Brücke,Stahlfachwerkbrücke
Fahrdrahthalter unter Bruecken;Fahrleitung
HagenGbf Wagenwerk Halle;Lokschuppen
HagenGbf Wagenwerk Lhrwrkstt;Lokschuppen
Hagen Gbf 01 Stw Hgf;Stellwerk
Hagen Gbf 02 Stw Hgm;Stellwerk
Hagen Gbf 03 Bahnmeisterei;Büro,Verwaltung,FassadeZiegel,DachBraun
Hagen Gbf 04 Hameckestrasse;Stadthaus,Eckhaus,Mehrfamilienhaus,FassadeBeige,DachBraun
Hagen Gbf 05 Fuhrparkbruecke;Brücke,Straßenbrücke,Bogenbrücke
Hagen Gbf 10 Absetzbecken;Kläranlage,Bauernhof
Hagen Gbf 10 Absetzbecken 2;Kläranlage
Hagen Gbf 10 Anbau 1;Industrie,Schuppen,FassadeZiegel,DachSchwarz
Hagen Gbf 10 Anbau 2;Industrie,FassadeZiegel
Hagen Gbf 10 Anbau 3;Industrie,FassadeGrau,FassadeWeiss,Werkstatt
Hagen Gbf 10 Klaerwerk 1;Industrie,Büro,Verwaltung,FassadeZiegel,Flachdach
Hagen Gbf 11 GHaus 12;Industrie
Hagen Gbf 11 GHaus 15;Industrie
Hagen Gbf 11 KHaus 13;Industrie,Supermarkt
Hagen Gbf 11 WHaus 14;Mehrfamilienhaus,Stadthaus,Eckhaus,FassadeBeige
Hagen Gbf 11 WHaus 16;Mehrfamilienhaus,FassadeWeiss,DachSchwarz,Gewerbe
Hagen Gbf 11 WStatt 15;Industrie
Hagen Gbf 12 BHaus 1;Mehrfamilienhaus,FassadeWeiss,FassadeGrau,DachBraun
Hagen Gbf 12 FaPlate 1;Industrie,Halle
Hagen Gbf 12 FaPlate 2;Industrie
Hagen Gbf 12 WStatt 1;Industrie,Garage
Hagen Gbf 12 WStatt 2;Industrie,Schuppen,FassadeGrau,DachSchwarz
Hagen Gbf 13 E-WH 1;Mehrfamilienhaus,Stadthaus,Eckhaus,FassadeBeige,DachRot
Hagen Gbf 13 WH 1;Mehrfamilienhaus,Stadthaus,FassadeBeige,DachRot
Hagen Gbf 13 WH 1 3;Mehrfamilienhaus,Stadthaus,FassadeBeige,DachRot,FassadeWeiss
Hagen Gbf 20 Aufenthalt;Industrie,Bahnbude,FassadeZiegel,Bahnsteigabgang
Hagen Gbf 20b Lager;Bahnbude
Hagen Gbf 30 Thiebes;Industrie,GrundrissDreieck
Hagen Gbf 31 Zoll;Güterschuppen
Hagen Gbf 32 Pausenraum;Stellwerk
Hagen Gbf 33 P-Wagen;Bahnbude,Bahnhofswagen
Hagen Gbf 34 Wagenmeister;Mehrfamilienhaus,FassadeGrau,FassadeSchiefer,DachRot,Büro,Verwaltung
Hagen Gbf Brinkstr 10er-Block;Mehrfamilienhaus,Stadthaus,Eckhaus
Hagen Gbf Brinkstr 21;Mehrfamilienhaus,Stadthaus,FassadeBeige,DachRot
Hagen Gbf Brinkstr 23;Mehrfamilienhaus,Stadthaus,FassadeBeige,DachRot
Hagen Gbf Brinkstr 25;Mehrfamilienhaus,Stadthaus,FassadeGrau,DachRot
Hagen Gbf Brinkstr 27;Mehrfamilienhaus,Stadthaus,FassadeBlau,DachBraun
Hagen Gbf Brinkstr 29 Eck;Mehrfamilienhaus,Stadthaus,FassadeGrau,FassadeGrün,DachSchwarz,Gewerbe
Hagen Gbf Brinkstr 40a;Mehrfamilienhaus,Stadthaus,Reihenhaus,FassadeGelb,DachSchwarz
Hagen Gbf Brinkstr 40b;Mehrfamilienhaus,Stadthaus,Reihenhaus,FassadeGelb,DachSchwarz
Hagen Gbf Brinkstr 40c;Mehrfamilienhaus,Stadthaus,Reihenhaus,FassadeGelb,DachSchwarz
Hagen Gbf Brinkstr 50;Mehrfamilienhaus,Stadthaus,Reihenhaus,Eckhaus,FassadeBlau,DachBraun
Hagen Gbf Brinkstr 52;Mehrfamilienhaus,Stadthaus,Reihenhaus,FassadeGrau,DachRot
Hagen Gbf Brinkstr 54;Mehrfamilienhaus,Stadthaus,Reihenhaus,FassadeGrau,DachRot
Hagen Gbf Brinkstr 56;Mehrfamilienhaus,Stadthaus,Reihenhaus,FassadeWeiss,DachBraun
Hagen Gbf Brinkstr 58;Mehrfamilienhaus,Stadthaus,Reihenhaus,Eckhaus,DachBraun,FassadeGrau
Ueberwerfung km143-8 1763gn;Überwerfungsbauwerk
AC Busdepot Bachstr;Bus,Industrie,Werkstatt,FassadeZiegel,Flachdach
AC Kurbrunnenstr18;DachBraun,DachSchwarz,FassadeZiegel,Mehrfamilienhaus,Büro,Verwaltung,Eckhaus
AC Kurbrunnenstr20;Stadthaus,Mehrfamilienhaus,Reihenhaus,FassadeBeige,FassadeWeiss,DachSchwarz
AC WH Jaegerstr2;Stadthaus,Mehrfamilienhaus,Reihenhaus,FassadeGrau,FassadeBlau,DachSchwarz
AC WH Jaegerstr4;Stadthaus,Mehrfamilienhaus,Reihenhaus,FassadeGrau,DachBraun
AC WH Jaegerstr6;Stadthaus,Mehrfamilienhaus,Reihenhaus,FassadeGrau,FassadeBeige,DachBraun
AC WH KamperStr23-25;Stadthaus,Mehrfamilienhaus,Reihenhaus,FassadeRot,FassadeGelb,DachSchwarz,Flachdach
AC WH KamperStr27;Stadthaus,Mehrfamilienhaus,Reihenhaus,FassadeZiegel,DachSchwarz
AC WH KamperStr29;Stadthaus,Mehrfamilienhaus,Reihenhaus,FassadeWeiss,FassadeZiegel,DachSchwarz,Eckhaus
AC WH Kasinostr15-17;Stadthaus,Mehrfamilienhaus,Reihenhaus,FassadeZiegel,DachRot
AC WH Kurbrunnenstr26-28;Stadthaus,Mehrfamilienhaus,Reihenhaus,FassadeGrau,FassadeWeiss,DachGrau,DachSchwarz
AC WH Mariabrunnstr44;Stadthaus,Mehrfamilienhaus,Reihenhaus,FassadeWeiss,DachSchwarz
AC WH Mariabrunnstr46;Stadthaus,Mehrfamilienhaus,Reihenhaus,FassadeWeiss,DachSchwarz
AC WH Mariabrunnstr47-49;Stadthaus,Mehrfamilienhaus,Reihenhaus,FassadeWeiss,DachSchwarz
AC WH Mariabrunnstr48;Stadthaus,Mehrfamilienhaus,Reihenhaus,FassadeWeiss,DachSchwarz,Eckhaus
AC WH Mariabrunnstr51-53;Stadthaus,Mehrfamilienhaus,Reihenhaus,FassadeZiegel,DachSchwarz
Bahnsteigabgang;Bahnsteig,Bahnsteigabgang
Industrie01 Halle80x20m;Industrie,Halle
Kurklinik Rosenquelle;Büro,Verwaltung,Krankenhaus
Umweltamt;Büro,Verwaltung
Wohnh04-3g-Gruenderzeit-L7m50-B10m;Stadthaus,Mehrfamilienhaus,Reihenhaus,FassadeWeiss,DachSchwarz
Wohnh06-3g-Gruenderzeit-L8m50-B10m;Stadthaus,Mehrfamilienhaus,Reihenhaus,FassadeGelb,DachSchwarz
Wohnh07-3g-Gruenderzeit-L17m-B10m;Stadthaus,Mehrfamilienhaus,Reihenhaus,FassadeGrau,FassadeGelb,DachSchwarz
Wohnh07-3g-Gruenderzeit-L8m50-B10m;Stadthaus,Mehrfamilienhaus,Reihenhaus,FassadeGrau,FassadeGelb,DachSchwarz
Wohnh08-3g-Gruenderzeit-Eckhaus;Stadthaus,Mehrfamilienhaus,Reihenhaus,FassadeRot,FassadeRosa,DachSchwarz,DachBraun,Eckhaus
Wohnh08-3g-Gruenderzeit-L12m-B10m;Stadthaus,Mehrfamilienhaus,Reihenhaus,FassadeRot,FassadeRosa,DachSchwarz,DachBraun
Wohnh08-3g-Gruenderzeit-L18m-B10m;Stadthaus,Mehrfamilienhaus,Reihenhaus,FassadeRot,FassadeRosa,DachSchwarz,DachBraun
Wohnh09-4g-Endhaus-L15-B10-putz-grau;Stadthaus,Mehrfamilienhaus,Reihenhaus,FassadeGrau,DachBraun
Wohnh09-4g-Endhaus-L23-B10-putz-grau;Stadthaus,Mehrfamilienhaus,Reihenhaus,FassadeGrau,DachBraun
Wohnh09-4g-L15-B10-putz-grau;Stadthaus,Mehrfamilienhaus,Reihenhaus,FassadeGrau,DachBraun
BaustelleOst;Baustelle
AKX Bahnhofsstr 3;Einfamilienhaus,FassadeZiegel,DachSchwarz
AKX Bahnhofsstrasse 1;Gewerbe,FassadeZiegel,DachSchwarz
AKX Bahnsteigschhaukasten;Bahnsteig,Fahrplanaushang,Schaukasten
AKX EG;Empfangsgebäude,FassadeZiegel,DachBraun
AKX Halle;Industrie,Halle,FassadeZiegel
AKX Katastrophenschuppen;Garage,Container
AKX UW Vogelschutz 1;Umspannwerk
AKX UW Vogelschutz 2;Umspannwerk
AKX Ueberfuehrung;Bahnsteig,Treppe
AKX Unterstand;Bahnsteig,Bahnsteigdach
AMM Ueberfuehrung;Bahnsteig,Treppe
Buhne Stein 5m Flut Ende;Küstenschutz
Faschine 130m 180m sued;Küstenschutz
Faschine 300m 370m noerdl;Küstenschutz
Faschine 300m 370m sued;Küstenschutz
Stw HDM;Stellwerk
Wartehalle SH 21m Fahrradstaender;Bahnsteig,Bahnsteigdach
AKI Bodan Typ1a 30m;Bahnsteig,Bahnsteigdach,Bodan
AKI EG;Empfangsgebäude,FassadeZiegel,DachGrau
AKI Karstensen;Industrie,Halle,FassadeBlau
BUE-Posten-35-291;Schrankenposten
Bahnsteigdach;Bahnsteig,Bahnsteigdach
Bruecke-Ehlershausen-gross;Brücke,Straßenbrücke,Betonbrücke
Bruecke-Ehlershausen;Brücke,Straßenbrücke,Betonbrücke
Bushaltestelle;Bus,Bushaltestelle
Ehlershausen-EG;Empfangsgebäude,FassadeGrau,DachSchwarz
Fahrkartenentwerter-GVH;Fahrkartenentwerter
Lautsprecher eckig blau Mastmontage;Bahnsteig,Lautsprecher
Penny-Supermarkt;Supermarkt
Schaltkasten-Flach;Trafostation
Stellwerk-EF;Stellwerk
Streusalzbehaelter;Bahnsteig,Streugutkiste
Unterstand;Bahnsteig,Wartehaus
Zugzielanzeiger-Mast;Bahnsteig,Zugzielanzeiger
Bahnsteigdach-Quadratisch;Bahnsteig,Bahnsteigdach
Bruecke-27-621;Brücke,Betonbrücke,Straßenbrücke
Brueckenstuetze;Brücke,Pfeiler
Fahrradunterstand;Bahnsteig,Bahnsteigdach
Gelaender-Bahnsteig-2;Treppe,Rampe
Gelaender-Bahnsteig;Treppe,Rampe
Holzgelaender-10m;Zaun
Holzgelaender-50m;Zaun
Schallschutz 4Feld Versatz1FeldV1;Lärmschutz
Schallschutz Otze 4Feld9fachV1;Lärmschutz
Schallschutz Otze 4Feld9fachV2;Lärmschutz
Bahnsteig-Gelaender-Aligse;Treppe,Rampe
Bahnsteigdach;Bahnsteig,Bahnsteigdach
Brgdf Gbf Laeuferwegbruecke;Brücke,Fußgängerbrücke
Burgdorf-EG;Empfangsgebäude
Burgdorf-Parkhaus;Parkhaus
Burgdorf-Raiffeisen;Raiffeisen,Silo
Fahne-Deutschland;Flagge,Fahne
Haus-Theodorstrasse-2;Einfamilienhaus,FassadeFachwerk,DachSchwarz
Haus-Theodorstrasse;Mehrfamilienhaus,FassadeFachwerk,DachSchwarz
Mauerwerkswand-Mauer;Bahnsteig,Bahnsteigdach
Putzhaus;Zweifamilienhaus,FassadeGrau,FassadeWeiss,DachSchwarz
Rolandstrasse-Haus;Mehrfamilienhaus,Gewerbe,FassadeWeiss,DachSchwarz
Schallschutz gruen 4Feld Aussparung1Feld;Lärmschutz
Schallschutz gruen 4Feld V1;Lärmschutz
Schallschutz weiss 4Feld V1;Lärmschutz
Schuppen-2-Aglise;Schuppen,Industrie,Güterschuppen,FassadeZiegel
Schuppen-Aglise;Güterschuppen,FassadeFachwerk
Tankstelle-Raiffeisen;Tankstelle
Unterfuehrung;Treppe,Rampe
Verkehrsspiegel;Straße,Verkehrsspiegel
Waschanlage;Waschanlage,Industrie
Wellblech weiss;Lärmschutz
LehrteOst DoenmezMaschbau;Industrie
LehrteOst Haus2;Einfamilienhaus,FassadeHolz,DachRot,DachBraun
LehrteOst IboBaumarkt;Baumarkt
LehrteOst Igefa;Industrie
LehrteOst KrBw1730 01;Überwerfungsbauwerk
LehrteOst KrBw1730 02;Überwerfungsbauwerk
LehrteOst KrBw1730 03;Überwerfungsbauwerk
LehrteOst Lagerhalle01;Industrie
LehrteOst Lagerhalle02;Industrie,Halle,FassadeGrün
LehrteOst Logistikzentrum;Industrie
LehrteOst PundS Tapetenlogistik;Industrie
LehrteOst StreyDreherei;Industrie
LehrteOst Trockenlager;Industrie
LehrteOst Whnblck;Mehrfamilienhaus,Stadthaus,DachSchwarz,FassadeWeiss
LehrteOst Whnhs01;Einfamilienhaus,FassadeZiegel,DachSchwarz
LehrteOst vdosterholze Halle1;Industrie,Halle,DachRot
LehrteOst vdosterholze Haus1;Einfamilienhaus,FassadeZiegel,DachRot,DachBraun
Lehrte Wasserturm;Wasserturm
TrinkGut;Supermarkt,Getränkemarkt
Abfalltonne Restmuell;Abfalleimer
Aufzug Glas TypA Schoenfeld;Aufzug
Lehrte-Altes-Stellwerk;Stellwerk
LehrteBw Lokleitung;Büro,Verwaltung,FassadeZiegel,DachSchwarz,Walmdach
LehrteGbf AufsichtWestgruppe;Bahnbude
LehrtePbf Bnstg12;Bahnsteig,Bahnsteigdach
LehrtePbf Bnstg1314;Bahnsteig,Bahnsteigdach
LehrtePbf Bnstg23;Bahnsteig,Bahnsteigdach
LehrtePbf Bunker;Bunker,Bahnbude
LehrtePbf EG;Empfangsgebäude
LehrtePbf Lift Gl2 3;Aufzug
LehrtePbf Reisezentrum;Empfangsgebäude
LehrtePostbank;Post
LehrteVoba;Volksbank,Büro,Verwaltung
LehrteW Whnhs Ziegenbocksweg;Mehrfamilienhaus,FassadeZiegel,DachBraun
LehrteWest02 Stw Lf;Stellwerk
LehrteWest10 Lokhalle;Lokschuppen
Lehrte Casino;Spielhalle,FassadeZiegel
Lehrte Nordaufsicht;Bahnbude
Lehrte Puderzuckersilo;Industrie,Silo
Lehrte Rathaus;Verwaltung
Schaukasten Fpl gross 2x 1-seitig;Bahnsteig,Schaukasten,Fahrplanaushang
Schaukasten Fpl klein 1-seitig;Bahnsteig,Schaukasten,Fahrplanaushang
Schaukasten Fpl klein 2x 1-seitig;Bahnsteig,Schaukasten,Fahrplanaushang
Schaukasten GVH;Bahnsteig,Schaukasten,Fahrplanaushang
Snackautomat versifft;Bahnsteig,Automat
ANB Gehlsen Haupthalle;Industrie
AWLA ALDI Nachfolger;Apotheke,Supermarkt
AWLA AZS-Beladerampe;Laderampe
AWLA AZS-Entladerampe;Laderampe
AWLA AZS Buero;Büro,Verwaltung,FassadeZiegel
AWLA AZS WC;Toilette
AWLA BM;Büro,Verwaltung,FassadeZiegel,DachSchwarz
AWLA Bahnsteigdach Segment A;Bahnsteig,Bahnsteigdach
AWLA Bahnsteigdach Segment B;Bahnsteig,Bahnsteigdach
AWLA Bahnsteigdach Segment BS;Bahnsteig,Bahnsteigdach
AWLA Bahnsteigdach Segment C;Bahnsteig,Bahnsteigdach
AWLA Bahnsteigdach Segment CS;Bahnsteig,Bahnsteigdach
AWLA Bahnsteigdach Segment D;Bahnsteig,Bahnsteigdach
AWLA Bahnsteigdach Stuetze;Bahnsteig,Bahnsteigdach
AWLA Bahnsteigdach Stuetze Galgen;Bahnsteig,Bahnsteigdach
AWLA Blitzer;Radarfalle
AWLA DBV Sozialgebaeude;Container,Bürocontainer
AWLA DBV Wagenmeister;Container,Bürocontainer
AWLA Drehscheibe 23m;Drehscheibe
AWLA EG;Empfangsgebäude
AWLA FIA Bstg1;Zugzielanzeiger
AWLA FIA Bstg2;Zugzielanzeiger
AWLA FIA Galgen;Zugzielanzeiger
AWLA FIA Uhr;Uhr,Bahnhofsuhr
AWLA Fahrradverleih;Fahrradstation,FassadeZiegel,DachSchwarz
AWLA Fgbruecke;Brücke,Fußgängerbrücke
AWLA Flugplatz Antenne;Funkturm
AWLA Ga;Güterschuppen,Güterabfertigung
AWLA Haus Am Meer;Hochhaus,Kulisse
AWLA Hotel Metropol;Hochhaus,Kulisse
AWLA Ipsen;Industrie
AWLA Kantine;Restaurant
AWLA Keitumer Chaussee 12;Industrie
AWLA Keitumer Chaussee 20;Mehrfamilienhaus,FassadeZiegel,DachRot,DachBraun
AWLA Kirchenweg 11;Büro,Verwaltung,FassadeWeiss,DachGrau
AWLA Kirchenweg 9;Einfamilienhaus,Gewerbe,FassadeGelb,DachSchwarz
AWLA Kirchweg 17;Mehrfamilienhaus,FassadeGrau,DachGrau,MitBalkon
AWLA LIDL;Supermarkt
AWLA LIDL Rampe;Rampe,Laderampe
AWLA Lager NVAG;Industrie,GrundrissDreieck
AWLA Lokschuppen;Lokschuppen
AWLA Parkhaus;Parkhaus
AWLA Po236;Schrankenposten
AWLA Reklame Butterschiff;Reklame
AWLA Reklame Butterschiff beidseitig;Reklame
AWLA Reklame CA  beidseitig;Reklame
AWLA Reklame CA;Reklame
AWLA Reklame Gesabbel;Reklame
AWLA Sozialgebaeude BW;Büro,Verwaltung,FassadeZiegel
AWLA St Nicolai;Kirche
AWLA Stw Wla;Stellwerk
AWLA Tankgleis As Aral;Tankanlage
AWLA Tankgleis As Esso;Tankanlage
AWLA Tankgleis Tanks1;Tankanlage,Tank
AWLA Tinnum Rhs 1 Klinker;Zweifamilienhaus,Doppelhaus,MitGarage,FassadeZiegel,DachSchwarz
AWLA Tinnum Rhs 2 Klinker;Zweifamilienhaus,Doppelhaus,MitGarage,FassadeZiegel,DachSchwarz
AWLA Tinnum Rhs 2 Putz;Zweifamilienhaus,Doppelhaus,MitGarage,FassadeWeiss,DachSchwarz
AWLA Tinnum Rhs 3 Putz;Zweifamilienhaus,Doppelhaus,MitGarage,FassadeWeiss,DachSchwarz
AWLA Tinnum Rhs 4 Klinker;Zweifamilienhaus,Doppelhaus,MitGarage,FassadeZiegel,DachSchwarz
AWLA TrafoTinnum;Trafostation,FassadeZiegel,Schuppen
AWLA Trafogeb;Trafostation,FassadeZiegel
AWLA Vordach;Restaurant
AWLA Wandmaker;Industrie,Baumarkt
AWLA Wasserturm;Wasserturm
AWLA Wilhelmstr 6;Hochhaus,Hotel
AWLA Wilhelmstr Apotheke;Hochhaus,Gewerbe
AWLA Woolworth;Supermarkt
AWLA ZOB Fahrradstaender;Fahrradständer
AWLA ZOB Zaun 1-5m;Zaun
AWLA ZOB Zaun 1-5m Anbau;Zaun
Drehscheibengraben 23m 6Grad;Drehscheibe
FMT 10-73 Westerland;Funkturm,Typenturm,FMT10
Raster22 Wartehaus 4-feldrig Streifen Holzbank;Wartehaus,Bahnsteig
Reetdachhaus Sylt 18x9 01;Einfamilienhaus,FassadeWeiss,DachReet
Reetdachhaus Sylt 18x9 02;Einfamilienhaus,FassadeWeiss,DachReet
Schild Motor aus;Schild
Schild Motor aus Pfosten;Schild
Schild Pruefmagnet;Schild
Warnstreifen;Schild
Werbeuhr;Uhr
ZOB Buero;Büro,Verwaltung
Zusatzschild Ne5 AZS 1Tfz;Schild
Zusatzschild Ne5 AZS 2Tfz;Schild
Zusatzschild Ne5 AZS VT;Schild
Theuern01 Portalhaube Nord;Tunnel,Tunnelportal,Portalhaube
Theuern01 Portalhaube Sued;Tunnel,Tunnelportal,Portalhaube
Theuern02 Bruecke;Brücke,Betonbrücke,Straßenbrücke
Theuern03 Widerlager KH 1m70;Brücke,Widerlager
Theuern04 Bogen;Brücke,Brückenbogen,Betonbrücke
Theuern04 Kaempferpfeiler;Brücke,Pfeiler
Theuern04 Widerlager KH 2m40;Brücke,Widerlager
Theuern05 Bogen;Brücke,Betonbrücke,Brückenbogen
Theuern05 Widerlager KH 2m70;Brücke,Widerlager
Theuern06 Bogen;Brücke,Betonbrücke,Brückenbogen
Theuern07 Aussichtspunkt;Aussichtsplattform
Massetal01 Bogen1;Brücke,Betonbrücke,Brückenbogen
Massetal01 Bogen2;Brücke,Betonbrücke,Brückenbogen
Massetal01 Bogen3;Brücke,Betonbrücke,Brückenbogen
Massetal01 Widerlager KH 5m00;Brücke,Widerlager
Massetal02 Sonic-Boom-Bauwerk Nord;Tunnel,Tunnelportal,Portalhaube
Massetal02 Sonic-Boom-Bauwerk Sued;Tunnel,Tunnelportal,Portalhaube
Massetal03 Lohmeberg Suedportal;Tunnel,Tunnelportal
Massetal04 Bogen;Brücke,Betonbrücke,Brückenbogen
Massetal04 Widerlager KH 3m60;Brücke,Widerlager
Massetal05 Bogen;Brücke,Betonbrücke,Brückenbogen
Wolfsberg01 ESTW;Stellwerk,ESTW-A,ESTW
Wolfsberg02 Unterwerk K8;Unterwerk,Trafostation,FassadeGelb
Wolfsberg03 A-Bock;Brücke,Betonbrücke,Brückenbogen
Wolfsberg03 Pfeiler;Brücke,Pfeiler
Wolfsberg03 Regel-Einfeldtraeger 44m;Brücke,Betonbrücke
Wolfsberg03 Widerlager;Brücke,Widerlager
Wolfsberg05 Regel-Einfeldtraeger 58m;Brücke,Betonbrücke
Wolfsberg06 Wipfrabahnbruecke;Brücke,Stahlbrücke,Stahlfachwerkbrücke
Eisch03 Brueckenbogen;Brücke,Betonbrücke,Brückenbogen
Augustaburg Pfeiler;Stützmauer
Bisch01 EG;Empfangsgebäude
Bisch02 Gerabogenbruecke;Brücke,Stahlbrücke,Stahlbogenbrücke,Stabbogenbrücke,S-STB
Bisch04 Bstg Zugang;Bahnsteig,Bahnsteigabgang
Anbau;Empfangsgebäude,Industrie,Kulisse
EG-UE;Empfangsgebäude
ErfurtPbf03 Hochhaus JGR1;Hochhaus,Plattenbau
ErfurtPbf04 TVT;Lokschuppen
ErfurtPbf05 Kulissenhaus 121;Mehrfamilienhaus,Stadthaus,FassadeZiegel,DachBraun,DachRot
FahrstuhlErfurt;Aufzug
Halle;Bahnhofshalle
HausHaende;Mehrfamilienhaus,Stadthaus,FassadeWeiss,DachBraun
HausIndianer;Mehrfamilienhaus,Stadthaus,FassadeWeiss,DachBraun
IC;Hotel
K-Schu;Büro,Verwaltung
Mini;Büro,Verwaltung
RBD;Büro,Verwaltung
Re4;Mehrfamilienhaus,Hotel,FassadeBeige,DachSchwarz,Stadthaus
SP;Büro,Verwaltung,Kulisse
Villa2a;Kulisse,FassadeFachwerk,DachSchwarz
KDAT01 Spinflow;Industrie
KDAT02 Treppe;Treppe
KDAT02 Untergang;Treppe,Bahnsteigabgang
KDAT03 EG;Empfangsgebäude
KDAT04 LH Koepke;Gasthaus
KROS01 Gueterschuppen a;Schuppen
KROS01 Gueterschuppen b;Industrie
KROS02 Restaurant Janni;Restaurant
KROS03 RewePetz;Supermarkt,REWE
KROS04 DB Wartehaus;Bahnsteig,Pluspunkt
KROS05 Wartehaus;Bahnsteig,Wartehaus
KROS07 EvKirche;Kirche
KROS09 1aJugendtreff;Treff
KROS10 HochuWeg;Industrie,FassadeBlau,DachSchwarz
KROS11 MetternichArena;Sport,Sportplatz
KROS12 ArenaEintritt;Sport,Sportplatz
KROS13 WHaus K;Mehrfamilienhaus,FassadeGrau,FassadeBlau,DachSchwarz
KROS14 WHaus K;Mehrfamilienhaus,FassadeSchiefer,DachSchwarz
KROS15 WHaus K;Einfamilienhaus,FassadeSchiefer,DachSchwarz
KROS16 Bruecke km 61 1a;Brücke,Widerlager
KROS16 Bruecke km 61 1b;Brücke,Widerlager
KSLA01 FDL;Stellwerk
KSLA02 EG;Empfangsgebäude
KSLA03 Bruecke km 58 8;Brücke,Steinbrücke
KSLA03 Bruecke km 60 0;Brücke,Betonbrücke
KSLA05 Durchlass;Durchlass
KSLA06 Treppe01;Treppe
KSLA06 Treppe02;Treppe
KSLA09 Treppe03;Treppe
KSLA10 HC;Industrie
KSLA12 Brueckenpfeiler km 59 4;Brücke,Pfeiler
KSLA12 Flachmast 11m0;Fahrleitung
KSLA12 Seitenhalter km 59 4;Brücke
KHEC01 Unterwerk;Unterwerk,Trafostation
KHEC02 Zooshop;Einfamilienhaus,FassadeBeige,DachSchwarz,Gewerbe
KHEC03 EHelmut;Einfamilienhaus,FassadeBeige,DachSchwarz,Gewerbe
KHEC04 Scheune;Scheune,Bauernhof
KHEC05 Haus;Zweifamilienhaus,FassadeBeige,DachBraun,MitGarage
KHEC06 Kneipe;Gaststätte,FassadWeiss,DachSchwarz
KHEC07 MHaus;Mehrfamilienhaus,FassadeGelb,DachSchwarz
KHEC08 ExTankst;Tankstelle
KHEC09 GHaus;Einfamilienhaus,FassadeWeiss,DachSchwarz
KHEC10 Restaurant;Gaststätte,FassadeFachwerk,FassadeBeige,DachSchwarz
KHEC11 WFachw;Mehrfamilienhaus,FassadeFachwerk,DachSchwarz
KHEC12 FHaus;Einfamilienhaus,FassadeWeiss,DachSchwarz
KHEC13 AbrissHaus;Ruine,FassadeWeiss,DachSchwarz
KHEC14 Werkstatt;Industrie
KHEC15 VRSFahrschein;Fahrscheinautomat
KHEC16 Batterieanlage;Schuppen,Notstrom
KHEC17 Infosaeule;Bahnsteig
KHEC18 Information;Bahnsteig,Fahrplanaushang
KHEC27 Herchen Parkplatz A;Parkplatz
KHEC22 Bruecke WL 47 3;Brücke,Widerlager
KHEC22 Brueckenpfeiler 47 3;Brücke,Pfeiler
KHEC22 Brueckenpfeiler 47 3 mMasthalter;Brücke,Pfeiler
KHEC22 Flachmast 11m0;Fahrleitung
KHEC22 Seitenhalter 47 3;Brücke
KHEC23 Brueckenpfeiler 52 4;Brücke,Pfeiler
KHEC24 Herchen EG;Empfangsgebäude
KHEC25 Herchen Bstgdach;Bahnsteig,Bahnsteigdach
KHEC28 Herchen Treppe Ost;Bahnsteig,Bahnsteigzugang
KHEC28 Herchen Treppe West;Bahnsteig,Bahnsteigzugang
KHEC32 Betonpfeiler km52 2;Brücke,Pfeiler
KHEC32 Bruecke km52 2;Brücke,Stahlfachwerkbrücke,SKR-Brücke
KEIT01 Fahrradbox;Fahrradbox,Schließfach
KEIT02 FDL;Stellwerk
KEIT03 EG;Empfangsgebäude,FassadeZiegel
KEIT03 KreM a;Büro,Verwaltung
KEIT03 KreM b;Büro,Verwaltung,Stadthaus
KEIT03 KreM c;Industrie
KEIT05 Vereinhaus;Schuppen,Sportplatz,FassadeHolz
KEIT06 Langel;Industrie
KEIT06 Langel Buero;Industrie,Büro
KEIT07 Wollenwerk Lager A;Industrie
KEIT07 Wollenwerk Lager B;Industrie
KEIT07 Wollenwerk Lager C;Industrie
KEIT07 Wollenwerk Verkauf;Industrie
KEIT07 Wollenwerk Werk A;Industrie
KEIT07 Wollenwerk Werk B;Industrie
KEIT08 Jobcenter;Büro,Verwaltung,FassadeGrün,DachSchwarz
KEIT09 ZF BKK;Büro
KEIT10 MoFa Stellplatz;Dach
KEIT11 Sachs;Industrie
KEIT11 ZF Bruecke;Gebäudeverbindung
KEIT11 ZF Buero;Industrie
KEIT11 ZF Empfang;Industrie
KEIT11 ZF Werk A;Industrie
KEIT11 ZF Werk B;Industrie
KEIT12 Weco Buero;Industrie
KEIT12 Weco Kantine;Industrie
KEIT12 Weco Verwaltung;Industrie,Büro
KEIT13 Umspannungswerk;Umspannwerk
KEIT14 Biostation;Güterschuppen
KEIT15 Feuerwache;Feuerwehr,FassadeBruchstein,DachSchwarz
KEIT15 Feuerwache Garage;Feuerwehr
KEIT16 Parkplatz Bogenstr;Parkplatz
KEIT17 Viehof;Mehrfamilienhaus,Stadthaus,Gewerbe,GrundrissDreieck,FassadeGrau,DachSchwarz
KEIT18 WH 80;Mehrfamilienhaus,FassadeZiegel,DachSchwarz
KEIT19 ARAL;Tankstelle
KEIT20 Theater;Theater,Kino,DachSchwarz
KEIT21 Secundarschule;Schule,Büro,Verwaltung
KEIT22 HotRoad;Schuppen
KEIT23 Sparkasse;Sparkasse,Bank
KEIT24 KITA;Schule
KEIT25 Durchlass;Durchlass
KEIT26 Lagerhalle;Industrie
KEIT27 Eul Autolackiererei;Industrie
KEIT28 AN2;Flugzeug
KEIT28 FELD;Industrie
KEIT29 WH 108;Einfamilienhaus,FassadeGelb,DachSchwarz,MitGarage
KEIT30 Unterfuehrung Fuhrweg;Brücke,Unterführung
KEIT31 WH 1910;Mehrfamilienhaus,FassadeWeiss,DachSchwarz
KEIT32 WH 4;Einfamilienhaus,FassadeWeiss,DachSchwarz,MitGarten
KEIT33 WH 32;Mehrfamilienhaus,FassadeZiegel,DachSchwarz
KEIT34 WH 30;Zweifamilienhaus,FassadeGelb,DachSchwarz
KEIT35 WH 28;Mehrfamilienhaus,FassadeGrau,DachSchwarz,MitGarage
KEIT36 WH 16;Mehrfamilienhaus,FassadeWeiss,DachSchwarz
KEIT37 WH 14;Einfamilienhaus,FassadeWeiss,FassadeFachwerk,DachSchwarz
KEIT38 WH 12;Mehrfamilienhaus,FassadeGrau,DachSchwarz
KEIT39 WH 40;Einfamilienhaus,MitGarage,FassadeGrau,DachSchwarz
KEIT40 WH 74;Einfamilienhaus,FassadeGrau,DachSchwarz
KEIT41 WH 76;Einfamilienhaus,MitGarage,FassadeBeige,DachBraun
KEIT42 WH 78;Einfamilienhaus,FassadeGelb,DachSchwarz,MitGarage
KEIT43 Gueldenring;Industrie
KEIT43 Gueldenring Werk;Industrie
KEIT44 Hochbau;Industrie
KEIT45 Siegbruecke;Brücke,Straßenbrücke
KEIT45 Siegbruecke Pfeiler;Pfeiler,Brücke
KEIT46 WH 120;FassadeWeiss,DachSchwarz,Mehrfamilienhaus
KEIT47 WH 121;Mehrfamilienhaus,FassadeWeiss,FassadeGelb,DachSchwarz
KEIT48 Biergarten;Gaststätte,FassadeFachwerk,DachSchwarz
KEIT49 WH Har 19;Mehrfamilienhaus,Gewerbe,DachSchwarz,FassadeGrau
KEIT50 Schreinerei Abbruch;Eckhaus,Gewerbe,FassadeGelb,DachSchwarz
KEIT51 Rest Harmonie Abbruch;Restaurant
KEIT52 WH Har 26;Mehrfamilienhaus,FassadeGelb,DachSchwarz,MitGarten
KEIT53 WH Har 21;Zweifamilienhaus,MitGarage,MitGarten,FassadeWeiss,DachSchwarz
KEIT54 KG Sand 19;Schuppen,Photovoltaik,Solar
KEIT55 WH Sand 17;Zweifamilienhaus,FassadeRosa,MitGarage,DachSchwarz
KEIT56 WH Sand 13;Mehrfamilienhaus,FassadeZiegel,DachSchwarz
KEIT57 WH Sand 15;Einfamilienhaus,MitGarage,MitBalkon,FassadeZiegel,DachSchwarz
KEIT58 WH Har 20;Einfamilienhaus,MitGarage,FassadeWeiss,DachSchwarz
KEIT59 WH Har 17;Einfamilienhaus,DachSchwarz,FassadeGrau
KEIT62 Bauhof;Industrie
KEIT63 Parkhaus;Parkhaus
KEIT64 Durchlass Wasser;Durchlass
KEIT65 Durchgang N;Bahnsteigzugang
KEIT65 Durchgang S;Bahnsteigzugang
KEIT68 Baumkuebel;Pflanze
KEIT WH Har 14;Mehrfamilienhaus,DachSchwarz,FassadeZiegel
KBLB01 FDL;Stellwerk
KBLB02 Bruecke 1gl;Brücke,Steinbrücke
KBLB02 Bruecke 1gl pfeiler;Brücke,Pfeiler
KBLB02 Bruecke 2gl;Brücke,Steinbrücke
KBLB02 Bruecke 2gl pfeiler;Brücke,Pfeiler
KBLB02 Bruecke wiederlager;Brücke,Widerlager
KBLB03 Burg Blankenberg;Ruine,Burg
KBLB04 WH Attenbach;Schuppen,FassadeHolz
KBLB05 Bruecke km36 6 1gl;Brücke,Steinbrücke
KBLB05 Bruecke km36 6 Blechtraeger Aufsetz;Brücke,Pfeiler
KBLB05 Bruecke km36 6 Fahhradbrucke;Brücke,Stahlbrücke
KBLB05 Bruecke km36 6 Fahhradbrucke Konsol;Brücke
KBLB05 Bruecke km36 6 Fahhradbrucke WL;Pfeiler
KBLB06 Bstg Rampe;Treppe,Rampe,Bahnsteigzugang
KBLB07 Bruecke Treppe;Treppe
KMES01 Tunnel Ostportal;Tunnel,Tunnelportal
BenrathBf;Empfangsgebäude,FassadeZiegel,DachGrau
Bus Halle;Garage,Industrie,Halle
MMEI Abgang Gl1;Bahnsteig,Bahnsteigabgang
MMEI Bahnhofstr6;Einfamilienhaus,FassadeWeiss,DachBraun
MMEI Bf Nebengebaeude;Schuppen,FassadeWeiss,Bahnbude,DachGrau,DachSchwarz
MMEI EG;Empfangsgebäude
MMEI EUe Langenreichener;Durchlass
MMEI FGU Gl2-3;Bahnsteig,Wartehaus
MMEI Feuerwehr;Feuerwehr
MMEI Holzbude;Schuppen,FassadeHolz
MMEI Kirche;Kirche
MMEI Kuenzler Halle5;Industrie,Halle,FassadeGelb,DachRot
MMEI Kuenzler Halle Anbau;Unterstand,Bahnsteig
MMEI Kuenzler Halle gelb;Industrie,Halle,FassadeGelb
MMEI Langenreichenerstr3;Industrie,FassadeGelb,DachBraun
MMEI Langenreichenerstr3a;Industrie,FassadeRot,DachBraun
MMEI Ostausgang;Bahnsteig,Bahnsteigabgang
MMEI Pfeiler ErlingerStr;Brücke,Pfeiler
MMEI Sonderpostenmarkt;Industrie,FassadeGelb,FassadeBeige,DachRot
MMEI Stadel;Scheune,Bauernhof,FassadeHolz,DachRot
MMEI Widerlager ErlingerStr;Brücke,Widerlager
Raiffeisenstr2;Garage,Industrie,FassadeGelb,DachRot
Raiffeisenstr6;Industrie,FassadeGelb,DachRot
MWDF EG;Empfangsgebäude,Wartehaus
MWDF EUe Hauptstr;Brücke,Straßenbrücke,Unterführung
MWDF EUe Hauptstr Gelaender;Geländer
MWDF EUe Hauptstr Pfosten;Geländer
MWDF Fliederweg3;Einfamilienhaus,DachGrau,DachSchwarz
MWDF Hauptstr3;Mehrfamilienhaus,FassadeBeige,DachBraun,DachRot,Büro,Verwaltung
MWDF Hauptstr6;Bauernhof,FassadeGrau,DachRot,DachGrau
MWDF Heimbach;Industrie,Werkstatt
MWDF Ihlestr4;Einfamilienhaus,FassadeBeige,DachGrau,MitGarage
MWDF Ihlestr6;Einfamilienhaus,FassadeBeige,DachBraun,DachRot
MWDF Perfecta1;Industrie
ABVS 01 Am-Bahnhof-2-4;Industrie,Stadthaus,FassadeZiegel,DachBraun
ABVS 02 VSE-Fabrik;Industrie,Raiffeisen,Silo
ABVS 03 EG;Empfangsgebäude
ABVS 04 Stw-Bvf;Stellwerk
ABVS 06 EG;Empfangsgebäude,FassadeZiegel,DachBraun
ABVS 07 SchnelleFahrten;Schild
ABVS 08 Schalthaus;Schalthaus,Betonschalthaus,FassadeWaschbeton
ABVS 09 Schaltkasten;Signal,Schaltkasten
ABVS 10 PoppHalle;Industrie,Halle,FassadeBlau,DachSchwarz
ABVS 11 Gueterstrasse4;Industrie,Bahnbude,Schuppen,FassadeBeige,DachSchwarz,Werkstatt
ABVS 13 Fahrradremise-2;Fahrrad,Fahrradständer
ABVS 13 Fahrradremise-3;Fahrrad,Fahrradständer
ABVS 13 Fahrradremise;Fahrrad,Fahrradständer
ABVS 14 Bahnsteigabgang-1;Bahnsteig,Bahnsteigabgang
ABVS 14 Bahnsteigabgang-2;Bahnsteig,Bahnsteigabgang
ABVS 16 Oeko-Korn-2;Silo,Raiffeisen,FassadeZiegel,DachSchwarz
ABVS 16 Oeko-Korn-3;Industrie,Halle,FassadeWeiss,DachSchwarz,Raiffeisen
ABVS 16 Oeko-Korn;Industrie,Raiffeisen,Silo
ABVS 18 Bahnsteigabgang;Bahnsteig,Bahnsteigabgang
ABVS 19 Tankbehaelter;Tank,Gastank
ABVS 21 Pomplun-1;Industrie,FassadeZiegel,DachBraun
ABVS 22 Blockwaerter;Schrankenposten
ABVS Schild SchnelleDurchfahrt;Schild
Pfosten rotweiss;Straße,Pfosten
Schuppen;Güterschuppen
Zeichen 239 Gehweg BB;Straße,Verkehrszeichen,Schild
ABIL 01 Edeka-Fahne;Flagge,Supermarkt,Edeka
ABIL 01 Supermarkt-Edeka;Supermarkt,Edeka
ABIL 02 Bahnsteigabgang;Bahnsteig,Bahnsteigabgang
ABIL 03 Stellwerk-Bif;Stellwerk
ABIL 04 Fahrradunterstand;Fahrrad,Fahrradständer
ABIL 05 Unterstand;Bahnsteig,Pluspunkt
ABIL 07 EG;Empfangsgebäude,FassadeGelb,DachBraun
ABIL 09 graefke;Industrie,FassadeBlau,GrundrissDreieck
ABIL 10 VolksbankBienenbuettel;Volksbank
ABIL 12 Bahnhofstrasse26;Mehrfamilienhaus,FassadeWeiss,DachBraun
ADEV 01 Stellwerk Def;Stellwerk
ADEV 03 FgBruecke;Brücke,Fußgängerbrücke,Holzbrücke
ALBG 00 Busbahnhof 01;Straße
ALBG 01 VolksbankLueneburg;Volksbank,Hochhaus
ALBG 02 Aufsicht West;Bahnbude,Schuppen,FassadeZiegel
ALBG 02 Aushangtafel West;Bahnsteig,Aushang
ALBG 02 Schild ZugangOG;Schild,Verkehrszeichen
ALBG 02 Tarifinfo West;Bahnsteig,Aushang
ALBG 03 Fussgaengerbruecke;Brücke,Stahlbrücke,Fußgängerbrücke
ALBG 04 Fahrradparkhaus;Parkhaus,Fahrrad,Fahrradständer
ALBG 05 EG-West;Empfangsgebäude
ALBG 06 BB Hotel;Hotel,FassadeWeiss
ALBG 07 OHE Werkstatthalle;Lokschuppen
ALBG 08 Pulverhof-1;Stadthaus,Büro,Gewerbe,FassadeZiegel
ALBG 09 Bahnsteigdach-Busbahnhof;Bahnsteig,Bahnsteigdach
ALBG 10 Bruecke-Dannenberg;Brücke,Stahlbrücke,Stahlfachwerkbrücke
ALBG 12 FitnessCenter;Industrie
ALBG 13 Materiallager;Industrie,Betonwerk
ALBG 13 Materiallager leer;Industrie,Betonwerk
ALBG 14 Ilmenaugarten105-121;Mehrfamilienhaus,Stadthaus,FassadeWeiss,FassadeGelb
ALBG 14 Ilmenaugarten137;Stadthaus,Mehrfamilienhaus,FassadeZiegel
ALBG 14 Ilmenaugarten141-121;Stadthaus,Mehrfamilienhaus,FassadeBeige,FassadeZiegel
ALBG 14 Ilmenaugarten151;Büro,Verwaltung,FassadeGelb,FassadeZiegel,Stadthaus
ALBG 14 Ilmenaugarten153;Büro,Verwaltung,Stadthaus,FassadeGelb,FassadeZiegel
ALBG 15 LuenerStrasse 51;Zweifamilienhaus,MitGarage,FassadeGrau,DachBraun
ALBG 15 LuenerStrasse 53;Mehrfamilienhaus,FassadeZiegel,DachBraun
ALBG 16 Unterfueherung HamburgerStr;Unterführung,Brücke
ALBG 17 Bluemchensaal 1B;Industrie,FassadeBeige,FassadeZiegel
ALBG 18 Rentenversicherung;Büro,Verwaltung
ALBG 19 Hostel;Hotel,Büro,Verwaltung,FassadeWeiss,DachSchwarz
ALBG 21 Stellwerk Lf;Stellwerk
ALBG 22 PR;Parkhaus
ALBG 23 Brueckenpfeiler FE-Bruecke 01;Brücke,Pfeiler
ALBG 24 GBF Schuppen;Güterschuppen,Güterabfertigung
ALBG 24 GBF SchuppenAnbau;Büro,Verwaltung,FassadeZiegel,DachBraun
ALBG 25 Lueneria;Cafe,FassadeZiegel
ALBG 26 Wasserturm;Wasserturm
ALBG 27 Lokschuppen;Lokschuppen,FassadeZiegel
ALBG 27 metronom Einstiegshilfe;Treppe
ALBG 27 metronom Schutzwand3Feld;Lärmschutz
ALBG 28 Eisenhandlung;Industrie,FassadeZiegel,DachSchwarz
ALBG 29 OHE Schalthaus;Schalthaus,Betonschalthaus
ALBG 30 UnterfueherungLuenerStr;Unterführung
ALBG 31 BruckeIllmenau;Unterführung
ALBG 35 Expert Kraft;Industrie,FassadeGrau,DachSchwarz
ALBG 35 Funkmast;Funkturm
ALBG 36 Casino;Spielhalle,Industrie,FassadeOrange
ALBG 37 KrauseMeat;Industrie,FassadeZiegel,DachSchwarz
ALBG 38 Kaufland;Supermarkt
ALBG 39 Container40ft;Container
ALBG 39 Schaltraum;Trafostation,Schalthaus,Betonschalthaus
ALBG 40 Altpapiercontainer;Abfalleimer
ALBG 41 Radspeicher;Industrie,Fahrrad
Bksig51 Oberteil;Signal
Bremsprobemeldeanlage def;Signal
Lnw;Stellwerk
OHE FVNE Ues 86;Signal
ABAD 00 Bahnsteige;Bahnsteig
ABAD 01 BrueckeStahl01;Brücke,Straßenbrücke,Betonbrücke
ABAD 01 BrueckeStahl02-70m;Brücke,Straßenbrücke,Betonbrücke
ABAD 05 OlympiaMatratzen;Industrie,Büro
ABAD 06 Fahrradbox 17er;Fahrrad,Fahrradständer
ABAD 06 Fahrradbox 7er;Fahrrad,Fahrradständer
KAU01 Bruecke Bogenstr;Brücke,Pfeiler
KAU02 Viadukt Au;Brücke,Steinbrücke,Viadukt
KAU03 Bruecke km65 2;Brücke,Steinbrücke,Viadukt
KAU03 Bruecke km65 2 Stuetzmauer;Brücke,Widerlager
KAU04 Bruecke L267 Au;Brücke,Straßenbrücke,Betonbrücke
KAU05 Bruecke Stuetzmauer km66 3;Brücke,Widerlager
KAU05 Bruecke km66 3;Brücke,Steinbrücke,Viadukt
KAU06 Durchlass km66 0;Durchlass,Unterführung
KAU07 Bruecke L267;Brücke,Betonbrücke
KAU08 Bruecke Stuetzmauer km68 9;Brücke,Widerlager
KAU08 Bruecke km68 9;Brücke,Steinbrücke,Viadukt
KAU09 FDL;Stellwerk
KAU10 Waschbetonhaus Doppelt TGrau;Schalthaus,Betonschalthaus,FassadeWaschbeton
KAU11 EG. Vordach;Bahnsteig,Bahnsteigdach
KAU11 EG;Empfangsgebäude
KAU11 EG B Treppe;Bahnsteig
KAU11 EG Fahrraddeck;Fahrrad,Fahrradständer
KAU11 EG Rampe;Bahnsteig
KAU11 EG Treppe;Bahnsteig,Treppe
KAU11 EG b;Empfangsgebäude
KAU12 Aufgang Gl 1;Bahnsteig,Bahnsteigabgang
KAU12 Aufgang Gl 32;Bahnsteig,Bahnsteigabgang
KAU13 Bstg Dach;Bahnsteig,Bahnsteigdach
KAU14 Lagerhalle;Industrie
KAU14 Werkstatt;Industrie,Werkstatt
KAU15 Gueterabfertigung;Güterschuppen,Güterabfertigung
KAU16 Lagerhalle Stoffel;Industrie,Güterschuppen
KAU17 DB Sozialwohnung;Einfamilienhaus,FassadeRosa,DachBraun
KAU18 Pizzeria;Pizzeria,Kiosk
KAU19 Beyer;Industrie,Büro,FassadeGrau,DachBraun
KAU20 Bruecke Geilhausen;Brücke,Steinbrücke,Viadukt
KAU21 Haltenaegel;Gleis
KAU22 Ausgang;Schild,CDC
KAU23 Treppe;Treppe
KAU24 Stellgewichtsschutz;Pfosten
KBRS01 Tunnelportal;Tunnel,Tunnelportal
KBRS02 Zugschlussempfaenger doppelt;Signal
KBRS02 Zugschlussempfaenger einfach;Signal
KBRS03 Kloster Wartehaus;Wartehaus
KBRS04 Tunnelrettung;Tunnel
KBRS05 Mauer;Mauer
KBRS06 Denkmalradsatz;Denkmal,Radsatz
AWI 00 Baum04 Bb;Baum,Pflanze
AWI 00 Baum05 Bb;Baum,Pflanze
AWI 00 Baum06 Bb;Baum,Pflanze
AWI 00 Baum07 Bb;Baum,Pflanze
AWI 00 Baum08 Bb;Baum,Pflanze
AWI 00 Baum09 Bb;Baum,Pflanze
AWI 00 Baum10 Bb;Baum,Pflanze
AWI 02 EG;Empfangsgebäude
AWI 03 Bahnsteigdach;Bahnsteig,Bahnsteigdach,Bodenheim
AWI 04 Parkhaus;Parkhaus
AWI 05 Solaranlage 1er;Fotovoltaik
AWI 07 BrueckeKoenigstrasse;Brücke,Betonbrücke,Straßenbrücke
AWI 08 BrueckeSoltau;Brücke,Stahlbrücke,Walzträger
AWI 09 AushangHeideExpress;Bahnsteig,Aushang
AWI 09 Fahrradunterstand-3-Reihen;Fahrrad
AWI 09 Fahrradunterstand-4-Reihen;Fahrrad
AWI 11 Fahrradparkhaus;Fahrrad
AWI 12 OsttangentePfeiler;Brücke,Pfeiler
AASN 03 Mitron;Bahnsteig,DSA
ASTE 02 MastsockelBruecke;Brücke,Pfeiler
ASTE 02 Schallschutz Halterung;Lärmschutz,Winkel
ASTE 02 Stuetze;Brücke,Pfeiler
ASTE 02 Stuetze 02;Brücke,Pfeiler
ASTE 03 Bahnsteigabgang;Bahnsteig,Bahnsteigabgang
ASTE 04 VideoReisezentrum;Bahnsteig,Video-Reisezentrum
ASTE 05 Fahrradkaefig;Fahrrad
ASTE 06 Stellwerk Sf;Stellwerk
ASTE 07 K86 Bruecke;Brücke
ASTE 08 Piacere;Schuppen,Gasthaus,FassadeRot,FassadeBraun,DachSchwarz
ASTE 09 Gitter Bahnsteigende;Geländer
MaschenSued01 Msof;Stellwerk
MaschenSued02 Mswf;Stellwerk
MaschenSued03 Hochhaus;Büro,Verwaltung,Hochhaus
MaschenSued04 Kombiwerk Halle1;Industrie,Halle,Lokschuppen
MaschenSued04 Kombiwerk Halle2;Industrie,Halle,Lokschuppen
MaschenSued04 Kombiwerk Halle3;Industrie,Halle,Lokschuppen,FassadeWeiss,DachWeiss
MaschenSued05 KrBw;Kreuzungsbauwerk
MaschenSued06 Bahnsteigzugang;Bahnsteig,Bahnsteigabgang
MaschenSued06 BfBruecke;Brücke,Betonbrücke
MaschenSued07 REWE;REWE,Industrie,Halle,FassadeRot,DachGrau
MaschenSued08 Treppenturm;Treppe,Feuerwehr
MaschenSued09 Feuergutrampe;Industrie
MaschenSued10 Aufsicht;Bahnbude
Stuetzpunkt unter Bauwerk;Fahrleitung
Neudietendorf01 EG;Empfangsgebäude,Büro,Verwaltung,FassadeBeige,DachGrau
Neudietendorf03 ESTW;Stellwerk,ESTW,ESTW-A
Neudietendorf04 OW Verwaltung;Büro,Verwaltung,FassadeZiegel,DachGrau
Neudietendorf05 Gelaender;Brücke,Geländer
Neudietendorf05 Pfeiler;Brücke,Pfeiler
Neudietendorf06 Seitenweg;Brücke
Neudietendorf06 Stahlbruecke;Brücke,Stahlbrücke
MNOD Bf Nebengebaeude;Schuppen,Bahnbude,DachBraun,FassadeGrau
MNOD EG;Empfangsgebäude,FassadeGrau,DachGrau
MNOD Fahrradstaender;Fahrrad,Fahrradständer
Nordendorf Bahnhofstr27;Mehrfamilienhaus,FassadeGelb,DachRot,DachBraun
MAHI Bahnsteigzugang;Treppe,Bahnsteigzugang
MAHI Fka Hirblinger Str;Empfangsgebäude,FassadeGrau,DachRot
MAHI Funkturm;Funkturm
MAHI Signalverdeckung;Signal
MAHI Ueberwerfungsbauwerk A;Überwerfungsbauwerk
MAHI Ueberwerfungsbauwerk B;Überwerfungsbauwerk
Himm 04 Bstg Dach 1;Bahnsteig,Bahnsteigdach
Himm 04 Bstg Nieder;Bahnsteig,Bahnsteigabgang
Himm 04 Stuetze 1;Bahnsteig,Bahnsteigdach
Himm 04 Stuetze 2;Bahnsteig,Bahnsteigdach
Himminghausen 01 Stw Hof;Stellwerk
Himminghausen 02 Stw Hw;Stellwerk
Himminghausen 03 EG;Empfangsgebäude,FassadeZiegel,DachBraun
Himminghausen 06 Stuetze;Brücke,Betonbrücke,Pfeiler
Doppelgarage;Garage
Elektrohaendler;Industrie,FassadeWeiss,DachGrau
Falk;Industrie
Halle Laakeweg2;Industrie,Halle
Haus km97 4;Zweifamilienhaus,MitBalkon,MitGarage,FassadeWeiss,DachBraun
ImLeinenfelde31;Einfamilienhaus,FassadeGrau,DachBraun,MitGarage
Raiffeisen1;Industrie,Raiffeisen,Silo
Raiffeisen2;Industrie,FassadeZiegel,Bauernhof,Raiffeisen,Silo
Raiffeisen3;Scheune,Bauernhof,Silo,Raiffeisen,Halle
Raiffeisen4;Industrie,Halle,Scheune,Bauernhof
Schnelle;Industrie,FassadeBeige
Schornstein;Industrie,Schornstein
Whs ImLeinenfelde35;Einfamilienhaus,MitGarten,FassadeWeiss,FassadeGrau,DachBraun
Stellwerk Speele;Stellwerk
Warteturm;Wachturm,Burg
Almstedt01 Stellwerk;Stellwerk
Almstedt02 Unterwerk;Unterwerk,Schuppen,FassadeZiegel,DachSchwarz
Almstedt03 Lagerhaus;Raiffeisen,FassadeBeige,DachBraun,DachRot
Almstedt03 Silo;Raiffeisen,Silo
Orx01 Stellwerk;Stellwerk
Ahlsh01 Halle;Industrie,Halle
AC Bleiberger-Fabrik;Industrie,FassadeWeiss,DachGrau
AC Boxgraben135-137;Stadthaus,Reihenhaus,Mehrfamilienhaus,FassadeWeiss,FassadeGrün,DachBraun,DachGrau
Edes01 Widerlager;Brücke,Widerlager
Edes02 Pfeiler Auskragung;Brücke,Pfeiler
Edes03 Kreisverkehr 36m;Straße,Kreisverkehr
Edes04 Hannecke;Industrie,FassadeWaschbeton
Edes05 Stellwerk;Stellwerk
Sudheim01 Pfeiler;Brücke,Pfeiler
Sudheim01 Schwellen;Brücke,Gleis
Sudheim01 Ueberbau;Brücke,Stahlbrücke
Sudheim01 Widerlager;Brücke,Steinbrücke,Widerlager
Sudheim02 Lagerhalle 25x13;Industrie,Halle
Noerten01 Stellwerk;Stellwerk
Noerten01 Treppenabgang 1;Bahnsteig,Bahnsteigabgang
Noerten01 Treppenabgang 2;Bahnsteig,Bahnsteigabgang
Noerten01 Wartehaus;Bahnsteig,Wartehaus
Noerten01 Ziegelmauer 1m50 6m0;Lärmschutz
Noerten01 Ziegelmauer 2m25 6m0;Lärmschutz
Noerten02 Bovenden EG;Empfangsgebäude
Noerten03 Portal B3;Tunnel,Tunnelportal
Noerten03 Portal NSS;Tunnel,Tunnelportal
Noerten03 Portal SFS;Tunnel,Tunnelportal
Noerten04 Marienstein Kirche;Kirche
Aufsicht;Bahnsteig,Bahnbude,Schuppen,FassadeZiegel
Aufsicht klein;Schuppen,Bahnbude,Bahnsteig,FassadeZiegel
Aufzug;Aufzug
Bahnhofsmission;Bahnbude,Schuppen,Bahnsteig,FassadeZiegel
Bremsprobesignal;Signal
Bstgdach Gl1-2;Bahnsteig,Bahnsteigdach
Bstgdach Gl11-12;Bahnsteig,Bahnsteigdach
Bstgdach Gl13;Bahnsteig,Bahnsteigdach
Bstgdach Gl14-15;Bahnsteig,Bahnsteigdach
Bstgdach Pfeiler-380cm;Bahnsteig,Bahnsteigdach
Bstgdach Pfeiler-520cm;Bahnsteig,Bahnsteigdach
Bstgdach Pfeiler-640cm;Bahnsteig,Bahnsteigdach
Bstgdach Pfeiler-doppelt-1100cm;Bahnsteig,Bahnsteigdach
Bstgdach Pfeiler-doppelt-520cm;Bahnsteig,Bahnsteigdach
Bstgdach Pfeiler-doppelt-640cm;Bahnsteig,Bahnsteigdach
Bstgdach Pfeiler-doppelt-700cm;Bahnsteig,Bahnsteigdach
Bstgdach Pfeiler-doppelt-800cm;Bahnsteig,Bahnsteigdach
Bstgdach Pfeiler-doppelt-900cm;Bahnsteig,Bahnsteigdach
Eckeseyer 10;Stadthaus,Mehrfamilienhaus,Gewerbe,FassadeRosa,FasadeGrau,DachGrau,Reihenhaus
Eckeseyer 12;Stadthaus,Mehrfamilienhaus,FassadeRosa,FassadeGrau,DachGrau,Reihenhaus
Eckeseyer 14;Stadthaus,Mehrfamilienhaus,Gewerbe,DachSchwarz,FassadeWeiss,Reihenhaus
Eckeseyer 16;Stadthaus,Mehrfamilienhaus,FassadeBeige,DachSchwarz,Reihenhaus,MitBalkon
Eckeseyer 2;Stadthaus,Mehrfamilienhaus,FassadeGrau,DachBraun,Reihenhaus
Eckeseyer 2a;Stadthaus,Mehrfamilienhaus,FassadeBeige,DachBraun,Reihenhaus,Eckhaus,MitBalkon
Eckeseyer 2b;Stadthaus,Mehrfamilienhaus,FassadeWeiss,DachBraun,Reihenhaus,MitBalkon
Eckeseyer 4;Stadthaus,Mehrfamilienhaus,FassadeGrau,DachRot,Reihenhaus,MitBalkon
Eckeseyer 6;Stadthaus,Mehrfamilienhaus,FassadeWeiss,DachRot,Reihenhaus,MitBalkon
Eckeseyer 8;Stadthaus,Mehrfamilienhaus,FassadeWeiss,FassadeGrau,DachBraun,Reihenhaus,MitBalkon
ElektroMark;Industrie,Umspannwerk,FassadeZiegel
Fahrplan;Bahnsteig,Aushang
Fahrplan erweitert;Bahnsteig,Aushang
Gewerbehof;Industrie,FassadeBraun,FassadeBeige
GueterhalleEHG;Industrie,Güterschuppen,Güterabfertigung,FassadeZiegel
H Bruecke 7-Bauteil;Brücke,Stahlbrücke
Hagen01 Petri;Industrie
Hagen01 Wohnhaus;Mehrfamilienhaus,Stadthaus,FassadeGrau,FassadeWeiss,DachSchwarz
Hagen02 Stw Hgw;Stellwerk
Hagen03 Geruest;Baustelle,Gerüst
Hagen03 Hpf;Baustelle,Stellwerk
Hagen03 Hpf alt;Stellwerk
Hagen05 EG;Empfangsgebäude
Hagen Hbf 21 Boeler-2-grau;Stadthaus,Mehrfamilienhaus,Gewerbe,FassadeGrau,FassadeWeiss,DachBraun,Reihenhaus
Hagen Hbf 21 Boeler-2;Stadthaus,Mehrfamilienhaus,Gewerbe,DachBraun,FassadeRot,Reihenhaus
Hagen Hbf 21 Boeler-4-Ecke;Stadthaus,Mehrfamilienhaus,Gewerbe,Eckhaus,FassadeLila,DachBraun,Reihenhaus
Hagen Hbf 21 Boeler-4;Stadthaus,Mehrfamilienhaus,Gewerbe,FassadeLila,DachBraun,Reihenhaus
Hagen Hbf 21 Boeler-6;Stadthaus,Mehrfamilienhaus,Gewerbe,FassadeLila,DachBraun,Reihenhaus
Hagen Hbf 21 Boeler-8;Stadthaus,Mehrfamilienhaus,Gewerbe,FassadeWeiss,DachBraun,Reihenhaus
Hagen Hbf 21 Boeler-Block-8-1b;Stadthaus,Mehrfamilienhaus,Eckhaus,Reihenhaus,DachRot,DachBraun,FassadeLila,FassadeWeiss
Hagen Hbf 21 Boeler-Eck-Block-12;Stadthaus,Mehrfamilienhaus,Reihenhaus,FassadeGrau,DachRot,Eckhaus
Hagen Hbf 21 Boeler-Eck-Block-8;Mehrfamilienhaus,Stadthaus,Reihenhaus,Eckhaus,FassadeWeiss,FassadeGrau,DachRot
Hagen Hbf 21 Fehrbellinerstr 12-14;Mehrfamilienhaus,Stadthaus,Reihenhaus,Doppelhaus,FassadeGrau,DachRot,DachSchwarz
Hagen Hbf 21 Fehrbellinerstr 30;Mehrfamilienhaus,Stadthaus,Reihenhaus,FassadeGrau,DachRot
Hagen Hbf 22 AH 30-32;Mehrfamilienhaus,Stadthaus,Reihenhaus,Eckhaus,Gewerbe,Flachdach,DachBraun
Hagen Hbf 22 AH 92;Mehrfamilienhaus,Stadthaus,Reihenhaus,DachRot,FassadeLila
Hagen Hbf 22 AH 94;Mehrfamilienhaus,Stadthaus,Reihenhaus,Gewerbe,FassadeRot,FassadeWeiss,DachRot,FassadeGrau
Hagen Hbf 22 AH 96;Mehrfamilienhaus,Reihenhaus,Gewerbe,FassadeBlau,DachSchwarz
Hagen Hbf 22 AH 98;Mehrfamilienhaus,Stadthaus,Reihenhaus,Gewerbe,Eckhaus,FassadeBlau,DachSchwarz
Hagen Hbf 22 AH Kirche;Kirche
Hagen Hbf 23 AHbf 03;Mehrfamilienhaus,Stadthaus,Reihenhaus,FassadeWeiss,DachSchwarz
Hagen Hbf 23 AHbf 05;Mehrfamilienhaus,Stadthaus,Reihenhaus,DachRot,FassadeWeiss,FassadeGrau
Hagen Hbf 23 AHbf 07;Mehrfamilienhaus,Stadthaus,Reihenhaus,FassadeGrau,FassadeBeige,DachSchwarz
Hagen Hbf 23 AHbf 09;Mehrfamilienhaus,Stadthaus,Reihenhaus,FassadeGrau,FassadeWeiss,DachBraun
Hagen Hbf 23 AHbf 10;Mehrfamilienhaus,Stadthaus,Hochhaus,Büro,Verwaltung,FassadeBeige
Hagen Hbf 23 AHbf 10 b;Industrie,Büro,Verwaltung,FassadeZiegel,DachBraun
Hagen Hbf 23 AHbf 11;Mehrfamilienhaus,Reihenhaus,FassadeGrau,DachSchwarz
Hagen Hbf 23 AHbf 13;Mehrfamilienhaus,Stadthaus,Reihenhaus,Gewerbe,FassadeGrau,DachBraun
Hagen Hbf 23 AHbf 15;Mehrfamilienhaus,Stadthaus,Reihenhaus,FassadeGrau,DachBraun
Hagen Hbf 23 AHbf 6;Mehrfamilienhaus,Stadthaus,Büro,Verwaltung,Hochhaus,FassadeBeige,FassadeRot
Hagen Hbf 23 AHbf 8;Büro,Verwaltung,FassadeGrau,Hochhaus
Hagen Hbf 23 Galenring 10;Mehrfamilienhaus,Stadthaus,Reihenhaus,Gewerbe,FassadeRosa,DachBraun
Hagen Hbf 23 Galenring 11;Mehrfamilienhaus,Stadthaus,Reihenhaus,FassadeRot,DachBraun,Gewerbe
Hagen Hbf 23 Galenring 12;Mehrfamilienhaus,Stadthaus,Reihenhaus,FassadeRosa,DachBraun,Gewerbe
Hagen Hbf 23 Galenring 32;Mehrfamilienhaus,Stadthaus,Reihenhaus,DachBraun,FassadeGrau
Hagen Hbf 23 Galenring 34;Mehrfamilienhaus,Stadthaus,Reihenhaus,Hochhaus,Gewerbe,FassadeRot
Hagen Hbf 23 Galenring 36;Mehrfamilienhaus,Stadthaus,Reihenhaus,Hochhaus,Gewerbe,FassadeGrau
Hagen Hbf 23 Galenring 38;Hochhaus,FassadeGrau,Gewerbe
Hagen Hbf 23 Galenring 39;Hochhaus,Büro,Verwaltung
Hagen Hbf 23 Galenring 40;Mehrfamilienhaus,Hochhaus,Reihenhaus,Gewerbe,FassadeGrau
Hagen Hbf 23 Galenring 42;Mehrfamilienhaus,Hochhaus,Reihenhaus,Gewerbe,FassadeBlau
Hagen Hbf 23 Galenring 44;Mehrfamilienhaus,Hochhaus,Reihenhaus,Gewerbe,FassadeGrau
Hagen Hbf 23 Galenring 46;Mehrfamilienhaus,Hochhaus,Reihenhaus,Gewerbe,FassadeGrau
Hagen Hbf 23 Galenring 48;Mehrfamilienhaus,Hochhaus,Reihenhaus,Gewerbe,FassadeGrau
Hagen Hbf 23 Galenring 50;Mehrfamilienhaus,Hochhaus,Reihenhaus,Gewerbe,FassadeGrau
Hagen Hbf 23 Galenring 52;Mehrfamilienhaus,Hochhaus,Reihenhaus,Eckhaus,Gewerbe,FassadeGrau,FassadeBlau,Büro,Verwaltung
Hagen Hbf 23 Galenring 54;Mehrfamilienhaus,Hochhaus,Reihenhaus,Gewerbe,FassadeGrau
Hagen Hbf 23 Galenring 56;Mehrfamilienhaus,Hochhaus,Reihenhaus,Gewerbe,FassadeGrau
Hagen Hbf 23 Galenring 58;Mehrfamilienhaus,Hochhaus,Reihenhaus,Gewerbe,FassadeGrau
Hagen Hbf 23 Galenring 60;Büro,Verwaltung,Hochhaus,Reihenhaus,Eckhaus,FassadeBlau
Hagen Hbf 23 Galenring 62;Büro,Verwaltung,Hochhaus,Reihenhaus,Eckhaus,FassadeBlau
Hagen Hbf 23 Galenring 64;Mehrfamilienhaus,Hochhaus,Reihenhaus,Gewerbe,FassadeWeiss,Büro,Verwaltung
Hagen Hbf 23 Galenring 66;Mehrfamilienhaus,Hochhaus,Reihenhaus,Eckhaus,FassadeGrau,Gewerbe
Hagen Hbf 23 Galenring 68-gesamt;Mehrfamilienhaus,Hochhaus,Reihenhaus,FassadeBlau,FassadeRot,DachBraun
Hagen Hbf 23 Galenring 70;Mehrfamilienhaus,Hochhaus,Gewerbe,FassadeWeiss,FassadeBlau
Hagen Hbf 23 Soedingstr 1;Mehrfamilienhaus,Reihenhaus,Stadthaus,FassadeGrau,DachBraun
Hagen Hbf 23 Soedingstr 2;Mehrfamilienhaus,FassadeWeiss,DachBraun,Stadthaus
Hagen Hbf 23 Sternstr 1;Mehrfamilienhaus,FassadeWeiss,DachRot
Hagen Hbf 23 Sternstr 2;Mehrfamilienhaus,Stadthaus,FassadeWeiss,DachSchwarz
Hagen Hbf 23 Sternstr 4;Mehrfamilienhaus,FassadeGrün,DachRot
Hagen Hbf 23 Wehringhhauser 2;Mehrfamilienhaus,Eckhaus,Reihenhaus,Stadthaus,FassadeBraun,DachRot
Hagen Hbf 23 Wehringhhauser 4;Mehrfamilienhaus,FassadeGrau,DachRot,Stadthaus,Reihenhaus
Hagen Hbf 23 Wehringhhauser 6;Mehrfamilienhaus,Gewerbe,Reihenhaus,Stadthaus,FassadeGrau,DachRot
Hagen Hbf 23 Wehringhhauser 8;Mehrfamilienhaus,Stadthaus,Reihenhaus,FassadeGrau,DachSchwarz
Hagen Hbf 23 Wehrstr 7 Schuppen 1;Garage
Hagen Hbf 23 Wehrstr 7 Schuppen 2;Schuppen,FassadeGrau,DachGrau
Hagen Hbf 23 Wehrstr 7 Schuppen 3;Schuppen,FassadeGrau,DachGrau
Hagen Hbf 23 Wehrstr 7 Schuppen 4;Garage
Hagen Hbf 24 Fabrikstr 10;Mehrfamilienhaus,FassadeGrau,DachGrau,Reihenhaus,Stadthaus
Hagen Hbf 24 Fabrikstr 20;Büro,Verwaltung,FassadeGrau
Hagen Hbf 24 Kulisse 4 FGB 1;Brücke,Fußgängerbrücke
Hagen Hbf 25 Werder 02 GHaus-links;Mehrfamilienhaus,FassadeGrün,DachRot
Hagen Hbf 25 Werder 02 GHaus-mittig;Mehrfamilienhaus,FassadeGrün,DachGrau
Hagen Hbf 25 Werder 02 GHaus-rechts;Mehrfamilienhaus,FassadeGrün,DachRot
Hagen Hbf 25 Werder 04 Garagen;Industrie,Garage
Hagen Hbf 40 AA;Hochhaus,Büro,Verwaltung
Hagen Hbf 41 Post-1;Hochhaus,Büro,Verwaltung
Hagen Hbf 41 Postrampe;Parkhaus
Hagen Hbf 42 Halle 1;Industrie,Halle,FassadeWeiss
Hagen Hbf 42 Halle 2;Industrie,Halle,FassadeZiegel
Hagen Hbf 42 Halle 3-4;Industrie,Halle,FassadeWeiss
Hagen Hbf 42 Halle 5;Industrie,FassadeZiegel
Hagen Hbf 42 Halle 6;Industrie,FassadeZiegel
Hagen Hpw;Stellwerk
Halle1;Bahnsteighalle
Laderampe;Bahnsteig,Bahnsteigdach
Postbahnhof;Güterschuppen,Güterabfertigung
Postbf Verwaltung;Industrie,FassadeBeige,FassadeZiegel
Poststeg;Förderbrücke
Poststeg Turm;Industrie,Förderbrücke
Rollbandanzeiger01 02;Zugzielanzeiger
Schild Gepaeckbstg;Schild,Bahnsteig
SigBruecke Hagen;Signal,Signalbrücke
T-Traeger;Signal,Signalbrücke
Trasse-U-Bau-1gl-einseitig-geschlossen-Beton-5m;Stützmauer
Trasse-U-Bau-1gl-einseitig 5m;Stützmauer
Warteraum;Bahnbude,Schuppen,FassadeZiegel
Widerlager 07;Brücke,Widerlager
MaschenNord01 Mnwf;Stellwerk
MaschenNord02 Mnof;Stellwerk
MaschenNord03 Mo;Stellwerk
MaschenNord04 Pfeiler oval;Brücke,Pfeiler
MaschenNord05 Bahnsteigdach;Bahnsteig,Bahnsteigdach
MaschenNord05 Beruehrschutz;Brücke,Geländer,Berührschutz
MaschenNord05 Pfeiler Trapezform;Brücke,Pfeiler
MaschenNord05 Zugangsbauwerk;Bahnsteig,Bahnsteigabgang
MaschenNord06 Spundwand;Spundwand
MaschenNord07 Miele;Industrie
AHAR 00 Bereich-07-Weststeg;Bahnsteig,Bahnsteigzugang
AHAR 00 Bereich-10 Dach;Bahnsteig,Bahnsteigdach
AHAR 00 Bereich04;Bahnsteig,Bahnsteigzugang
AHAR 00 Bereich08;Bahnsteig,Bahnsteigzugang
AHAR 00 Bereich08 AufzugSolo;Aufzug
AHAR 00 EG1;Empfangsgebäude,FassadeZiegel,DachBraun,DachGrau
AHAR 00 EG2;Empfangsgebäude,FassadeZiegel,DachBraun
AHAR 01 Stellwerk Hhf;Stellwerk
AHAR 02 Signalwerkstatt;Industrie,FassadeZiegel,Flachdach,DachGrau
AHAR 03 Continental;Industrie,FassadeZiegel
AHAR 03 HannoverscheStrasseKomplex;Industrie,FassadeZiegel,Büro
AHAR 03 Phoenix-Turm;Schornstein
AHAR 03 PhoenixSuedseite;Industrie,FassadeZiegel,DachSchwarz,Flachdach
AHAR 04 Anbaupunkt Mast;Brücke,Fundament
AHAR 04 Pfeiler8Eck WalterDudek;Brücke,Pfeiler
AHAR 04 Pfeiler B4;Brücke,Pfeiler
AHAR 04 Pfeiler Schlachthofbruecke;Brücke,Pfeiler
AHAR 04 Widerlager SHB HS;Brücke,Widerlager
AHAR 04 Widerlager SHB HanS;Stützmauer
AHAR 05 Suederelbbruecken;Brücke,Stahlbrücke,Stahlfachwerkbrücke
AHAR 11 Ueberwerfung 1280;Überwerfungsbauwerk
AHAR 12 VerladebrueckeBlauBlau;Kran
AHAR 12 VerladebrueckeBlauGelb;Kran
AHAR 12 VerladebrueckeGelbBlau;Kran
AHAR 13 Gelaender 12-5m gruen;Geländer
AHAR 14 Luftschutzbunker;Stellwerk,Bunker,FassadeZiegel,DachSchwarz
AHAR 15 Vossloh;Industrie,FassadeGrau
AHAR 16 Brenntag;Industrie,Büro,FassadeGrau
AHAR 17 Busdepot HHA;Bus
AHAR 17 Waschanlage HHA;Bus
AHAR 18 Fegro;Industrie,Supermarkt
AHAR 19 Malerei;FassadeZiegel,DachBraun,Mehrfamilienhaus
AHAR 20 Bauhaus;Baumarkt,Industrie
AHAR 21 Busbahnhof;Bus
AHAR 22 Laderampe;Bahnsteig,Bahnsteigabgang
AHAR 23 Gbf Schuppen;Industrie,FassadeZiegel,DachGrau,Baumarkt
AHAR 24 BetonBank einzel;Sitzbank
AHAR 24 BetonBank fuenf;Sitzbank
AHAR 24 HonigWerbung;Aushang
AHAR 25 Gedenkstein;Denkmal
AHAR 26 Wartehaus Bstg56;Bahnsteig,Wartehaus,Bahnbude,FassadeZiegel
AHAR 27 BrueckeHannoStr;Brücke,Unterführung
AHAR 28 KieserTraining;Industrie,Büro
AHAR 29 S-STB;Brücke,Stahlbrücke,Stahlbogenbrücke,S-STB,Stabbogenbrücke
AHAR 31 CityTower;Hochhaus,Büro,FassadeZiegel,FassadeGrau
AHAR 33 AbgangSBahn;Bahnsteig,Bahnsteigabgang
AHAR 34 Baum01g;Baum,Pflanze
AHAR 34 Baum02g;Baum,Pflanze
AHAR 34 Baum03g;Baum,Pflanze
AHAR 34 Baum04g;Baum,Pflanze
AHAR 35 ZS-Halter;Signal
AHAR 37 PhoenixCenter;Industrie,Halle,Sport,Stadion
AHAR 39 Bojenmann;Boje
AHAR 45 Bruecke-Harburger-Umgehung;Brücke,Betonbrücke
AHAR 46 Alte-Harburger-Elbbruecke;Brücke,Stahlbrücke
AHAR Ueberwerfung 2200;Überwerfungsbauwerk
Hagen Kabel 01 EG;Empfangsgebäude,FassadeGrau,DachGrau
Hagen Kabel 02 Stw Kf;Stellwerk
Hagen Kabel 10 Industrie 1 1;Industrie,Flachdach
Hagen Kabel 10 Industrie 1 3;Industrie,FassadeZiegel
Hagen Kabel 10 Industrie 1 4;Industrie,FassadeZiegel,Flachdach
Hagen Kabel 11 Industrie 2 1;Industrie,FassadeZiegel,Halle
Hagen Kabel 11 Industrie 2 2;Industrie
Hagen Kabel 11 Industrie 2 3;Industrie,FassadeBeige,Flachdach,Halle
Hagen Kabel 11 Industrie 2 4;Industrie,FassadeGrau
Hagen Kabel 12 Industrie 3-2;Industrie,FassadeZiegel,DachSchwarz,Büro
Hagen Kabel 12 Industrie 3 1;Industrie,FassadeZiegel
Hagen Kabel 12 Industrie 3 3;Industrie,FassadeWeiss,FassadeGrau
Hagen Kabel 12 Industrie 3 4;Industrie,FasadeZiegel
Hagen Kabel 12 Industrie 3 5;Industrie,FassadeZiegel,DachSchwarz
Hagen Kabel 14 Industrie 4 1;Industrie,FassadeWeiss,FassadeGrau
Hagen Kabel 14 Industrie 4 10-Buero-1;Industrie,FassadeBlau
Hagen Kabel 14 Industrie 4 10-Halle-1;Industrie,FassadeZiegel,Halle
Hagen Kabel 14 Industrie 4 10-Halle-2;Industrie,FassadeZiegel,Halle
Hagen Kabel 14 Industrie 4 10-Halle-3;Industrie,FassadeWeiss,FassadeGrau,Halle
Hagen Kabel 14 Industrie 4 10-Halle-3b;Industrie,FassadeWeiss,FassadeGrau,Halle
Hagen Kabel 14 Industrie 4 10-Halle-4;Industrie,FassadeWeiss,FassadeGrau
Hagen Kabel 14 Industrie 4 10-Halle-5;Industrie,FassadeWeiss,FassadeGrau
Hagen Kabel 14 Industrie 4 10-Verwalt-2;Industrie,Büro,FassadeZiegel,Hochhaus,Verwaltung
Hagen Kabel 14 Industrie 4 10-Verwalt;Industrie,Büro,FassadeZiegel,Hochhaus
Hagen Kabel 14 Industrie 4 10-Vorbau-1;Industrie,FassadeZiegel,Büro
Hagen Kabel 14 Industrie 4 10-Vorbau-2;Industrie,FassadeZiegel
Hagen Kabel 14 Industrie 4 10-Vorbau-3;Industrie,FassadeZiegel,Büro
Hagen Kabel 14 Industrie 4 2;Industrie,Lokschuppen,FassadeGrau
Hagen Kabel 14 Industrie 4 3;Industrie,FassadeZiegel,FassadeGrau
Hagen Kabel 14 Industrie 4 4;Industrie,FassadeGrau
Hagen Kabel 14 Industrie 4 5a;Industrie,FassadeGrau,Halle
Hagen Kabel 14 Industrie 4 5b;Industrie,FassadeGrau
Hagen Kabel 14 Industrie 4 6;Industrie,FassadeGrau,FassadeWeiss,DachGrau
Hagen Kabel 14 Industrie 4 7;Mehrfamilienhaus,FassadeWeiss,DachRot,Büro
Hagen Kabel 14 Industrie 4 7b;Einfamilienhaus,Büro,FassadeWeiss,DachRot,Walmdach
Hagen Kabel 14 Industrie 4 8;Industrie,FassadeGrau
Hagen Kabel 14 Industrie 4 9;Industrie,FassadeGrau
Hagen Kabel 15 Industrie 5 1;Industrie,FassadeGrau,FassadeWeiss,FassadeZiegel,Halle
Hagen Kabel 15 Industrie 5 2;Industrie,FassadeGrau,FassadeWeiss,Halle
Hagen Kabel 15 Industrie 5 3;Industrie,FassadeGrau
Hagen Kabel 15 Industrie 5 4;Industrie,FassadeGrau,FassadeWeiss,Halle
Hagen Kabel 15 Industrie 5 5;Industrie,FassadeGrau,FassadeWeiss,Halle
Hagen Kabel 15 Industrie 5 6;Industrie,FassadeGrau,FassadeWeiss,Halle
Hagen Kabel 17 Industrie 7 1 Halle 12;Industrie,FassadeGrau,Halle
Hagen Kabel 17 Industrie 7 2 Halle 1;Industrie,FassadeZiegel
Hagen Kabel 17 Industrie 7 3 BG;Industrie,FassadeGrau,FassadeBlau,Büro
Hagen Kabel 17 Industrie 7 3 Halle 1;Industrie,FassadeGrau,FassadeBlau
Hagen Kabel 17 Industrie 7 3 Tennisplatz-2;Sport,Tennis
Hagen Kabel 18 Industrie 8 1 Halle 1;Industrie,Spedition,Post
Hagen Kabel 18 Industrie 8 1 Verwaltung;Büro,Post
Hagen Kabel 18 Industrie 8 2 Halle 1;Industrie,FassadeBlau
Hagen Kabel 18 Industrie 8 2 Halle 2;Industrie,FassadeGrau,DachGrau
Hagen Kabel 18 Industrie 8 2 Halle 3;Industrie,FassadeWeiss,FassadeGrau,DachGrau
Hagen Kabel 18 Industrie 8 2 Halle 4;Industrie,FassadeZiegel
Hagen Kabel 19 Industrie 9 1 Halle 1;Industrie
Hagen Kabel 19 Industrie 9 1 Halle 2-2;Industrie,FassadeGrau
Hagen Kabel 19 Industrie 9 2 Halle 1;Industrie
Brueckenrueckverankerung;Fahrleitung
HESD 01 Stellwerk;Stellwerk
HESD 02 Pfeiler;Brücke,Betonbrücke,Pfeiler
HildGbf 07 Stammelbach 1;Industrie
HildGbf 07 Stammelbach 2;Industrie,Rundhalle,FassadeWeiss,DachGrün
HildGbf 08 Kaufland;Industrie,Supermarkt
Emmerke01 Stellwerk;Stellwerk
Emmerke02 BkHimmelsthuer;Stellwerk
Emmerke03 Lagerhalle;Industrie,Halle
Emmerke04 Werkstatt;Werkstatt,Bus,FassadeZiegel
SOCON GmbH;Industrie
Luebs Gueterschuppen;Empfangsgebäude,FassadeZiegel,FassadeGelb,DachGrau,DachSchwarz
Proedel EG;Empfangsgebäude,FassadeZiegel,DachGrau
Proedel Pn;Stellwerk
Proedel Psf;Stellwerk
Gommern06 Ziegelmauer 246m;Mauer
Gommern06 Ziegelmauer 288m;Mauer
Gommern 05 Halle;Industrie,Halle
Gommern B2;Stellwerk
Gommern EG;Empfangsgebäude,FassadeZiegel,DachGrau
Gommern W1;Stellwerk
Gommern Wasserturm;Turm,Wasserturm,FassadeZiegel,DachGrau
AC AmViadukt5-7;Industrie,FassadeZiegel,DachSchwarz,DachGrau
AC Bachstr Viktoriaschule;Schule,Hochhaus,Büro,Verwaltung,FassadeGrün
AC Bachstr Viktoriaschule2;Schule,Hochhaus,FassadeWeiss,DachGrau
AC Hbf Bude Gl9;Bahnbude,Schuppen,FassadeGrau,DachRot
AC Schanz28;Hochhaus,FassadeWeiss,FassadeZiegel
AC MFH Eynattenerstr53-57;Mehrfamilienhaus,Stadthaus,Gewerbe,DachSchwarz,FassadeWeiss,FassadeGrau,DachGrau,MitBalkon
AC Pfaffenturm Anbau;Industrie,Werkstatt
AC Pfaffenturm;Burg,Turm,Ruine
AC Mauerstr94-98 MFH;Büro,FassadeGrau,Stadthaus,Mehrfamilienhaus,MitBalkon
AC Mauerstr92 MFH;Hochhaus,Stadthaus,Gewerbe,FassadeGrau
AC Mauerstr56-58 Anbau;Mehrfamilienhaus,FassadeBeige
AC Mauerstr52-54 Anbau;Mehrfamilienhaus,FassadeZiegel,DachGrau
AC Mauerstr48-50 Anbau;Mehrfamilienhaus,Stadthaus,FassadeZiegel,Büro,MitBalkon
AC Mauerstr44-46 Anbau;Mehrfamilienhaus,FassadeZiegel,FassadeWeiss
AC Mauerstr40-42 Anbau;Industrie,Mehrfamilienhaus,FassadeZiegel,FassadeGrau,DachGrau
AC Mauerstr22 Anbau;Industrie,FassadeWeiss
AC Mauerstr116;FassadeGrau,Büro,Verwaltung,DachSchwarz,Walmdach
AC Mauerstr112-114 MFH;Stadthaus,Reihenhaus,Mehrfamilienhaus,FassadeGrau,DachBraun,DachRot
AC Mauerstr110 MFH;Stadthaus,Reihenhaus,Mehrfamilienhaus,FassadeWeiss,DachBraun,MitBalkon
AC Mauerstr108 MFH;Stadthaus,Reihenhaus,Mehrfamilienhaus,FassadeWeiss,DachBraun
AC Luisenhospital Bettenhaus;Hochhaus,Büro,Verwaltung,Krankenhaus
AC WH Weberstr17;Mehrfamilienhaus,Stadthaus,Reihenhaus,FassadeBeige,DachSchwarz
AC WH Weberstr19;Mehrfamilienhaus,Stadthaus,Reihenhaus,FassadeWeiss,DachSchwarz
AC WH Weberstr23-27;Stadthaus,Mehrfamilienhaus,FassadeZiegel,DachSchwarz,Reihenhaus
AC WH Weberstr26;Stadthaus,Mehrfamilienhaus,Eckhaus,Reihenhaus,FassadeGrau,DachSchwarz
AC Hochhaus Welkenratherstr55;Hochhaus,FassadeZiegel,DachSchwarz
AC Geschwister-Scholl-Str Halle-81x29m;Industrie,FassadeWeiss,Halle
Bahnsteigaufzug;Aufzug
Bahnsteigaufzug schmal;Aufzug
AC Geschwister-Scholl-Str Halle-56x22m;Industrie,FassadeZiegel
Durchlass km70-0 Nordseite;
Durchlass km70-0 Suedseite;
FH-Aachen-Eupenerstr-E;
FH Aachen Goethestr1-3;
FH Aachen Hohenstaufenallee6;
Garage Gleis1;
Heizwerk;
Hochbunker;
Industrie Bachstr22;
Industrie Burtscheiderstr25;
Industrie Zollamtstr10;
Jaegerstr Kasinostr;
Kulisse Bachstr 23-31;
Kulisse Bahnhofsplatz1-Roemerstr1;
Kulisse Bahnhofsplatz7-9;
Kulisse Boxgraben2-36;
Kulisse Burtscheiderstr16;
Kulisse Burtscheiderstr17-23;
Kulisse Burtscheiderstr22-24;
Kulisse Lagerhausstr2-21;
Kulisse Lagerhausstr23-31;
Kulisse Leonhardstr5-21;
Kulisse Mozartstr15-19;
Kulisse Reumontstr10;
Kulisse Reumontstr2-8;
Kulisse Reumontstr7-17;
Kulisse Roemerstr22;
Kulisse Roemerstr25-29;
Kulisse Roemerstr3-9;
Kulisse Roemerstr39-47;
Kulisse Vereinsstr20;Eckhaus,FassadeBlau,DachSchwarz,Mehrfamilienhaus
Kulisse Wallstr1-29;Mehrfamilienhaus,Stadthaus,Reihenhaus,Eckhaus,DachSchwarz,FassadeGrau
Kulisse Warmweiherstr32-52;Stadthaus,Reihenhaus,Mehrfamilienhaus,FassadeWeiss,DachSchwarz
Marschiertor;Turm
Maschendraht 2m 30m;Zaun
Schild DB-Auto-im-Reisezug;Schild
Schule;Schule,Büro,Verwaltung,FassadeWeiss,DachSchwarz
Signalausleger Mast 2m-Ausleger;
AC Hochhaus Welkenratherstr57;Hochhaus,FassadeZiegel,DachSchwarz
Umweltamt2;Büro,Verwaltung,FassadeZiegel,DachRot
Viadukt Bogen01-03;Viadukt
Viadukt Bogen04-10;Viadukt
Viadukt Bogen11;Viadukt
Viadukt Bogen12-15;Viadukt
Viadukt Bogen16-26;Viadukt
Viadukt Mastkonsole;Fahrleitung,Podest
Wetterkugel;Kunst
Wohnh05-3g-Gruenderzeit-L7m50-B10m;Stadthaus,Mehrfamilienhaus,Reihenhaus,FassadeGelb,DachSchwarz
AC LangerTurm;Burg,Turm
AC Koenigstr67;Stadthaus,Reihenhaus,Eckhaus,Mehrfamilienhaus,FassadeWeiss,DachSchwarz
AC Koenigstr60;Hochhaus,FassadeWeiss,FassadeGrau,DachGrau
AC Koenigstr47-51;Stadthaus,Reihenhaus,Eckhaus,Mehrfamilienhaus,FassadeWeiss,DachSchwarz,FassadeZiegel
AC Junkerstr Bunker;Industrie,Bunker,FassadeGrau,DachGrau,DachSchwarz
AC Junkerstr Bank;Bank,Volksbank,Stadthaus,Reihenhaus,Eckhaus,FassadeZiegel,FassadeWeiss
AC Industrie Koenigstr44;Industrie,FassadeZiegel,FassadeWeiss
Wohnh10-3g-L16-B10-klinker-rot;Stadthaus,Mehrfamilienhaus,Reihenhaus,FassadeZiegel,DachSchwarz
Wohnh10-3g-L16-B10-putz-gelb;Stadthaus,Mehrfamilienhaus,Reihenhaus,FassadeGelb,DachSchwarz
Wohnh10-3g-L16-B10-putz-grau;Stadthaus,Mehrfamilienhaus,Reihenhaus,FassadeWeiss,DachSchwarz
Zielanzeiger DB Ep3 Gleis1;Zugzielanzeiger
Zielanzeiger DB Ep3 Gleis2-3;Zugzielanzeiger
Zielanzeiger DB Ep3 Gleis6-7;Zugzielanzeiger
Zielanzeiger DB Ep3 Gleis8-9;Zugzielanzeiger
AC Schanz Turnhalle;Industrie,FassadeZiegel,DachSchwarz
AC Schanz Welthaus;Büro,Industrie,FassadeWeiss,DachSchwarz
AC Studentenwohnheim Baerenstr5;Hochhaus,Mehrfamilienhaus,FassadeBeige
AC WH Bleibergerstr48-50;Mehrfamilienhaus,FassadeGrün,FassadeRosa,DachSchwarz,Stadthaus,Eckhaus,Reihenhaus
AC WH Bleibergerstr52;Reihenhaus,FassadeWeiss,DachSchwarz
AC WH Bleibergerstr54;Mehrfamilienhaus,FassadeZiegel,DachSchwarz
AC WH Junkerstr38-40;Mehrfamilienhaus,FassadeWeiss,DachSchwarz
AC WH Junkerstr67-69;Mehrfamilienhaus,Stadthaus,Reihenhaus,FassadeGrau,DachSchwarz
AC WH Junkerstr71;Reihenhaus,Stadthaus,Mehrfamilienhaus,Eckhaus,FassadeGrau,DachSchwarz
AC WH Junkerstr73;Mehrfamilienhaus,Stadthaus,Eckhaus,FassadeWeiss,DachSchwarz
AC WH Junkerstr75-79;Reihenhaus,Stadthaus,Mehrfamilienhaus,FassadeWeiss,DachSchwarz
AC WH Junkerstr81-85;Reihenhaus,Stadthaus,Mehrfamilienhaus,FassadeBeige,DachSchwarz
AC WH Junkerstr87;Reihenhaus,Stadthaus,Mehrfamilienhaus,FassadeGelb,DachSchwarz
AC WH Junkerstr89-91;Reihenhaus,Stadthaus,Mehrfamilienhaus,Gewerbe,DachSchwarz,FassadeGrau
AC WH Junkerstr93;Reihenhaus,Stadthaus,Mehrfamilienhaus,FassadeWeiss,DachSchwarz
AC WH Lochnerstr30;Reihenhaus,Stadthaus,Mehrfamilienhaus,Eckhaus,FassadeWeiss,DachSchwarz
AC WH Lochnerstr32;Reihenhaus,Stadthaus,Mehrfamilienhaus,FassadeGelb,DachGrau
AC WH Lochnerstr34;Reihenhaus,Stadthaus,Mehrfamilienhaus,Eckhaus,FassadeGrau,FassadeBruchstein,DachSchwarz
AC WH Lochnerstr45;Reihenhaus,Stadthaus,Mehrfamilienhaus,FassadeBeige,DachSchwarz
AC WH Lochnerstr48-50;Reihenhaus,Stadthaus,Mehrfamilienhaus,FassadeWeiss,FassadeGelb,DachGrau
AC WH Welkenratherstr1-3;Reihenhaus,Stadthaus,Mehrfamilienhaus,FassadeWeiss,DachSchwarz
AC WH Welkenratherstr11-19;Reihenhaus,Stadthaus,Mehrfamilienhaus,Eckhaus,DachSchwarz,FassadeGrau,FassadeBeige
AC WH Welkenratherstr50;Hochhaus,FassadeGelb
AC WH Welkenratherstr52;Hochhaus,FassadeGelb
AC WH Welkenratherstr7-9;FassadeZiegel,Stadthaus,Mehrfamilienhaus,DachSchwarz
AW Ablaufberg R2 Bude;Bahnbude,Wartehaus
AachenWest EG;Empfangsgebäude,FassadeBeige,DachGrau
AachenWest Gueterhalle1;Güterschuppen,FassadeZiegel,DachGrau
AachenWest Gueterhalle2;Mehrfamilienhaus,FassadeWeiss,Büro,DachSchwarz,Walmdach
AachenWest Gueterhalle3-4;Güterschuppen,Güterabfertigung,FassadeZiegel,DachGrau
AachenWest Gueterhalle5;Güterabfertigung,Spedition,FassadeBlau,Industrie,DachGrau
AachenWest Kohlenbuehne;Brücke,Steinbrücke
AachenWest Ringlokschuppen-16st;Lokschuppen
AachenWest Stw R2;Stellwerk
AachenWest Stw R3;Stellwerk
AachenWest Wagenhalle 71x18m;Lokschuppen
AachenWest Werkstatt;Industrie,Werkstatt,FassadeWeiss,DachSchwarz
AachenWest Werkstatt Gleis226;Industrie,Werkstatt,FassadeZiegel,FassadeGelb,DachGrau,Garage
Ausleger Fahrleitung Ueberwerfung;Fahrleitung
Bloecke;Industrie
Bruecke Turmstrasse;Brücke,Straßenbrücke,Betonbrücke
Bruecke Vaalserstrasse;Brücke,Stahlbrücke
Durchlass km4-7 Nordseite;Brücke,Steinbrücke
Gleiswaage;Waage
Halle IFS;Industrie
Industrie Suesterfeldstr1;Industrie,FassadeWeiss,DachGrau
Industrie Suesterfeldstr21-27;Industrie,FassadeWeiss,DachGrau
Kulisse Classenstr1-5;Mehrfamilienhaus,Stadthaus,Eckhaus,Reihenhaus,FassadeBeige,DachSchwarz
Kulisse Hochhaus Ruetscherstr;Hochhaus
Kulisse Junkerstr60;Mehrfamilienhaus,Stadthaus,Reihenhaus,Eckhaus,Gewerbe,FassadeWeiss,DachGrau,DachSchwarz
Kulisse Junkerstr62-66;Mehrfamilienhaus,Stadthaus,Reihenhaus,Eckhaus,FassadeGelb,FassadeWeiss,DachGrau,DachSchwarz
Kulisse Koenigstr69-73;Mehrfamilienhaus,Stadthaus,Reihenhaus,FassadeWeiss,FassadeZiegel,DachSchwarz
Kulisse Lochnerstr1-27;Mehrfamilienhaus,Stadthaus,Reihenhaus,DachBraun,FassadeWeiss,FassadeGelb
Kulisse Lochnerstr22-26;Mehrfamilienhaus,Stadthaus,Reihenhaus,Gewerbe,DachBraun,FassadeGrau,FassadeWeiss
Kulisse Luetticherstr1-3;Mehrfamilienhaus,Stadthaus,Reihenhaus,FassadeZiegel,FassadeGelb,DachGrau
Kulisse Mauerstrasse;Mehrfamilienhaus,Stadthaus,Reihenhaus,DachBraun,FassadeWeiss,FassadeGelb
Kulisse Schanz14-16;Mehrfamilienhaus,Stadthaus,Reihenhaus,DachSchwarz,FassadeGrau,FassadeWeiss
Kulisse Schanz18-26;Mehrfamilienhaus,Stadthaus,Reihenhaus,FassadeZiegel,DachGrau,DachSchwarz
Kulisse Templergraben13-47;Mehrfamilienhaus,Stadthaus,Reihenhaus,DachBraun,DachSchwarz,FassadeWeiss
Kulisse Templergraben8-32;Mehrfamilienhaus,Stadthaus,Reihenhaus,FassadeGrau,DachBraun,FassadeWeiss,DachSchwarz
Kulisse Tuchfabrik-Delius;Industrie,Büro,Verwaltung,FassadeZiegel,DachSchwarz
Kulisse Vaalserstr1-13;Mehrfamilienhaus,Stadthaus,Reihenhaus,DachSchwarz,FassadeZiegel,FassadeWeiss
Kulisse Vaalserstr15;Mehrfamilienhaus,Stadthaus,DachSchwarz,FassadeGelb,FassadeBeige
Kulisse Vaalserstr24-26;Mehrfamilienhaus,Stadthaus,Reihenhaus,Eckhaus,Gewerbe,FassadeZiegel,DachSchwarz
Kulisse Vaalserstr36-38;Mehrfamilienhaus,Stadthaus,Reihenhaus,FassadeBeige,DachSchwarz
LaurensbergerViadukt;Brücke,Viadukt,Straßenbrüce
Lousberg Drehturm;Turm
Moschee;Moschee
Portalkran BW;Kran
Portalkran Containerbf;Kran,Portalkran,Containerkran
RWTH Parkhaus;Parkhaus
RWTH Schinkelstr10;Büro,Verwaltung,FassadeGrau,DachGrau
RWTH Schinkelstr2;Büro,Verwaltung,FassadeWeiss,DachGrau
RWTH Schinkelstr3;Industrie,FassadeBeige,DachGrau,Büro
RWTH Schinkelstr6;Büro,FassadeBeige,DachGrau,Verwaltung
RWTH Turmstr;Industrie,FassadeBraun
RWTH Turmstr46;Büro,Verwaltung,Baustelle,FassadeGrau,DachGrau
RWTH Wuellnerstr5b;Büro,Verwaltung,Hochhaus,FassadeBeige
SchanzUnterfuehrung;Brücke,Straßenbrücke
Schornstein1970;Schornstein
Spundwand 7m;Spundwand
Stadtbahnviadukt;Brücke,Viadukt
Stahltraeger Bruecke;Brücke,Stahlbrücke
Stw Awf;Stellwerk
Stw R1;Stellwerk
Stw R2 Schuppen;Industrie,FassadeZiegel,Güterschuppen,DachGrau
Stw R3 Nebengebaeude;Industrie,Büro,FassadeZiegel,DachGrau
Stw R3 Stall;Schuppen,FassadeZiegel,DachGrau
Ueberwerfung Aachen-West El86bl;Überwerfungsbauwerk
Himm 05 Bstg Nieder rs;Bahnsteig,Bahnsteigabgang
Bruecke km12-0;Brücke,Straßenbrücke
Bruecke km12-5;Brücke,Straßenbrücke
Bruecke km7-4;Brücke,Viadukt
Bruecke km7-6;Brücke,Unterführung
Bruecke km7-8;Brücke,Stahlbrücke,Steinbrücke
Bruecke km8-3;Brücke,Straßenbrücke
Drachenzahn gross;Poller
Drachenzahn klein;Poller
Durchlass km10-4;Brücke,Betonbrücke
Durchlass km11-1;Durchlass
Durchlass km11-4;Durchlass
Durchlass km13-2;Durchlass
Durchlass km9-8;Durchlass
EBV-Haus;Industrie,FassadeZiegel,DachBraun,Büro,Verwaltung
EFH-1g-weiss;Einfamilienhaus,FassadeWeiss,DachBraun
EFH-weiss-mitAnbau;Zweifamilienhaus,Doppelhaus,FassadeWeiss,DachSchwarz
Entsorgungsbetrieb;Industrie,Halle,FassadeWeiss,DachGrau
Gewerbe 1;Industrie,FassadeGrau,DachGrau
Gewerbe 2;Industrie,FassadeWeiss,FassadeGrau,Halle,DachGrau
Gueterschuppen1;Güterschuppen
Handel 1;Industrie,Halle
Kirchturm Richterich;Kirche
Lager1;Industrie,Werkstatt,FassadeWeiss,DachGrau
Lager2;GrundrissDreieck,Industrie,Garage,FassadeWeiss,DachSchwarz
Laurensberg Kirche;Kirche
Logistik;Industrie
Logistik 2;Industrie
MFH-2g-dg-Klinker;Mehrfamilienhaus,FassadeZiegel,DachSchwarz,MitGarage
MFH-2g-dg-Klinker 2;Mehrfamilienhaus,FassadeZiegel,DachSchwarz,MitGarage
MFH-2g-dg-Klinker 3;Mehrfamilienhaus,FassadeZiegel,DachSchwarz,MitGarage
MFH-2g-mit Anbau;Mehrfamilienhaus,FassadeWeiss,DachGrau
Polizei Richterich;Polizei
Richterich HorbacherStr 28;Büro,Verwaltung,Fassadeweiss,DachSchwarz
RoermonderStr Haus1;FassadeBeige,DachRot,Stadthaus,Eckhaus
Stellwerk Kf alt;Stellwerk
Stw Ks;Stellwerk
Verwaltungsgebaeude;Büro,Verwaltung,FassadeZiegel,Hochhaus
A-Steiner-Str23-27;Mehrfamilienhaus,Stadthaus,Gewerbe,DachBraun,FassadeWeiss,FassadeZiegel,Reihenhaus
AmSchuerhof1;Mehrfamilienhaus,Stadthaus,Gewerbe,DachSchwarz,FassadeBruchstein
AmSchuerhof2;Mehrfamilienhaus,Hochhaus,FassadeGelb,Flachdach
Aufsicht;Bahnbude,Schuppen
Bahnhofstr1-9;Mehrfamilienhaus,Stadthaus,Reihenhaus,FassadeZiegel,DachSchwarz
Bahnhofstr16-18;Mehrfamilienhaus,Reihenhaus,FassadeBeige,FassadeGrau,DachSchwarz
Bk Pesch;Stellwerk
Bruecke km14-8;Brücke,Straßenbrücke
Bruecke km15-5;Brücke,Betonbrücke
Bruecke km15-8;Brücke,Stahlbrücke,Stahlfachwerkbrücke
Bruecke km18-5-VzG2570;Brücke,Betonbrücke
Bruecke km18-7-VzG2570;Brücke,Betonbrücke
Burg Rode;Burg
Durchlass km14-3;Durchlass
Durchlass km18-2;Durchlass
EFH-1;Einfamilienhaus,FassadeZiegel,FassadeGrau,DachSchwarz
EFH-DH1;Zweifamilienhaus,Doppelhaus,FassadeZiegel,DachSchwarz,MitGarage
EFH-DH2;Einfamilienhaus,FassadeZiegel,DachSchwarz
EFH-DH2a;Einfamilienhaus,FassadeZiegel,DachSchwarz
EFH-DH3;Zweifamilienhaus,FassadeZiegel,DachSchwarz
EFH-weiss-alt-Anbau;Einfamilienhaus,FassadeWeiss,DachSchwarz
Garage-Klinker;Schuppen,Garage,FassadeZiegel,DachSchwarz
GeschWohn-2g-Apotheke;Apotheke,FassadeZiegel,DachSchwarz
GeschWohn-2g-Klinker;Gewerbe,FassadeZiegel,DachBraun
GeschWohn-2g-weiss;Gewerbe,FassadeWeiss,DachBraun
GeschWohn-3g-KlinkerHellbraun;Gewerbe,FassadeZiegel,DachSchwarz
GeschWohn-3g-gelb;Gewerbe,FassadeGrün,DachSchwarz
GeschWohn-3g-rot;Gewerbe,FassadeBraun,DachSchwarz
GeschWohn-3g-weiss;Gewerbe,FassadeWeiss,DachSchwarz
Gevetex-Hallen1;Industrie,FassadeZiegel
Gevetex-Hallen2;Industrie
Glaswerke-Bruecke;Industrie
Gueterschuppen;Güterschuppen,Güterabfertigung
Haus km14-2;FassadeZiegel,DachSchwarz,Einfamilienhaus,Schrankenposten
Herzogenrath EG;Empfangsgebäude,FassadeGelb,DachSchwarz
Hochhaus-8g-2;Hochhaus,FassadeBlau
Hochhaus-8g;Hochhaus,FassadeSchiefer
Hof1;Bauernhof,FassadeGrau,DachGrau,DachBraun
Hof2 Anbau;Bauernhof,Scheune,FassadeZiegel,DachBraun,DachRot
Hof2 Backstein;Bauernhof,FassadeZiegel,DachSchwarz
HotelZurBruecke;Hotel,FassadeZiegel,DachBraun
Kirche-Himmelfahrt;Kirche
KirchratherStr16;Industrie,FassadeGelb,DachSchwarz
Kirchturm;Kirche
Kleikstr33-41;Stadthaus,Eckhaus,FassadeZiegel,DachSchwarz
Kleikstr36-38;Stadthaus,FassadeZiegel,DachSchwarz,Gewerbe
Kleikstr43-47;Stadthaus,Gewerbe,FassadeZiegel,DachBraun
Kleikstr44-50;Mehrfamilienhaus,Stadthaus,FassadeZiegel,DachSchwarz
Kleikstr49;Stadthaus,Gewerbe,FassadeZiegel,DachBraun
Kleikstr81-85;Stadthaus,Eckhaus,DachSchwarz,DachBraun,FassadeGrau,FassadeGrün
Kleikstr99;Stadthaus,FassadeZiegel,DachSchwarz
Lokschuppen;Lokschuppen,FassadeZiegel,DachSchwarz
MFH-2g-15x10m;Mehrfamilienhaus,FassadeZiegel,DachSchwarz
MFH-2g-beige-Ep1;Mehrfamilienhaus,FassadeBeige,DachGrau
MFH-2g-gelb-15x9m;Mehrfamilienhaus,FassadeWeiss,DachGrau
MFH-2g-grau-15x9m;Mehrfamilienhaus,FassadeGrau,DachGrau
MFH-2g dg-15x9m;Mehrfamilienhaus,FassadeZiegel,DachSchwarz
MFH-2g dg-20x12m;Mehrfamilienhaus,FassadeZiegel,DachSchwarz
MFH-2g dg-9x9m;Mehrfamilienhaus,FassadeZiegel,DachSchwarz
MFH-3g-gelb-15x9m;Mehrfamilienhaus,FassadeWeiss,DachGrau
MFH-3g-grau-15x9m;Mehrfamilienhaus,FassadeGrau,DachGrau
MFH-3g;Mehrfamilienhaus,Stadthaus,FassadeZiegel,DachBraun
MFH-3g dg-11x9m;Mehrfamilienhaus,Stadthaus,FassadeZiegel,DachSchwarz
MFH-3g dg-19x10m;Mehrfamilienhaus,Stadthaus,FassadeZiegel,DachSchwarz
MFH-4g-1;Mehrfamilienhaus,MitGarage,FassadeZiegel,DachSchwarz
MFH-4g-2;Mehrfamilienhaus,Stadthaus,FassadeZiegel,DachSchwarz,MitGarage
MFH-4g-3;Mehrfamilienhaus,MitGarage,FassadeZiegel,DachSchwarz,Stadthaus
MFH-4g-4;Mehrfamilienhaus,MitGarage,FassadeZiegel,DachSchwarz
MH-Beringhausen07 WHaus107;Einfamilienhaus,MitBalkon,FassadeZiegel,DachSchwarz
MH-Beringhausen07 WHaus109a;Einfamilienhaus,FassadeWeiss,FassadeGelb,DachRot
MH-Beringhausen07 WHaus111;Einfamilienhaus,FassadeGelb,DachRot
MH-Beringhausen07 WHaus134;Einfamilienhaus,FassadeWeiss,FassadeGrau,DachGrau,MitGarage
MH-Beringhausen07 WHaus134a;Einfamilienhaus,FassadeGrau,DachGrau,MitGarage
MH-Beringhausen07 WHaus30;Mehrfamilienhaus,FassadeGrau,DachBraun,FassadeLila
MH-Beringhausen07 WHaus41;Einfamilienhaus,FassadeZiegel,FassadeWeiss,DachRot
MH-Beringhausen07 WHaus66;Einfamilienhaus,FassadeBraun,DachRot
MH-Wh-1Etg-3-1;Einfamilienhaus,FassadeBeige,DachBraun
MH-Wh-1Etg-4-1;Einfamilienhaus,FassadeBeige,DachBraun
Mauer;Stützmauer
Post;Industrie,FassadeZiegel,DachSchwarz
Rangierbude;Bahnbude
Sandwerke;Industrie
Schild Gleis53;Schild,Gleis53
Schmetz;Industrie,FassadeZiegel
Schmetz Verwaltung;Industrie,Büro,Hochhaus,FassadeGrau
Schule;Schule
Sekurit-AlteGebaeude;Industrie,FassadeZiegel,DachSchwarz
Sekurit-Hallen1;Industrie,FassadeZiegel
Sekurit-Hallen2;Industrie,FassadeZiegel
Sekurit-Hallen3;Industrie
Sekurit-Hallen4;Industrie
Sekurit-Schornstein1;Schornstein
Sekurit-Schornstein2;Schornstein
Sekurit-Turm;Industrie,FassadeWeiss
Sekurit-Verwaltung;Büro,Verwaltung,FassadeWeiss,DachBraun,DachSchwarz
Stellwerk Hf;Stellwerk
Stellwerk Hs;Stellwerk
TypA-1-links-Klinker hell;Zweifamilienhaus,Reihenhaus,FassadeZiegel,DachSchwarz
TypA-1-rechts-Klinker hell;Zweifamilienhaus,Reihenhaus,FassadeZiegel,DachSchwarz
TypC 1links;Zweifamilienhaus,Reihenhaus,FassadeBeige,DachSchwarz
TypC 1links mGarage;Zweifamilienhaus,FassadeBeige,DachSchwarz,MitGarage
TypC 1rechts-mGarage;Zweifamilienhaus,FassadeBeige,DachSchwarz,MitGarage
TypC 1rechts;Zweifamilienhaus,FassadeBeige,DachSchwarz,Reihenhaus
TypC 2links;Zweifamilienhaus,FassadeWeiss,DachSchwarz,Reihenhaus
TypC 2links mGarage;Zweifamilienhaus,FassadeWeiss,DachSchwarz,MitGarage
TypC 2rechts;Zweifamilienhaus,FassadeWeiss,DachSchwarz,Reihenhaus
TypC 2rechts mGarage;Zweifamilienhaus,FassadeWeiss,DachSchwarz,MitGarage
TypD 1rechts;Mehrfamilienhaus,FassadeGelb,DachSchwarz,Reihenhaus
Whs-ab70er-H7m-B9m-braun-2;Mehrfamilienhaus,Reihenhaus,FassadeZiegel,DachSchwarz
Whs-ab70er-H7m-B9m-braun;Reihenhaus,Mehrfamilienhaus,FassadeZiegel,DachSchwarz
Whs-alt-H10m-B20m-stein;Mehrfamilienhaus,FassadeGrau,FassadeBruchstein,DachSchwarz,Reihenhaus
Whs-alt-H10m-ueberEck-weiss;Mehrfamilienhaus,Reihenhaus,Eckhaus,FassadeWeiss,DachSchwarz
Whs-alt-H7-10m-ueberEck;Mehrfamilienhaus,Stadthaus,Reihenhaus,FassadeGrau,DachSchwarz
Whs-alt-H7m-B10m-hell;Mehrfamilienhaus,Reihenhaus,FassadeGrau,DachSchwarz
Whs-alt-H7m-B11m-weiss;Mehrfamilienhaus,Reihenhaus,FassadeWeiss,DachSchwarz
Wohn-2g-1A;Einfamilienhaus,Reihenhaus,FassadeZiegel,DachBraun,DachRot
Wohn-2g-1B;Einfamilienhaus,Reihenhaus,FassadeZiegel,DachBraun,DachRot
Wohn-2g-Giebel vorne;Zweifamilienhaus,FassadeZiegel,FassadeWeiss,DachSchwarz
Wohn-2g-Giebel vorne Var1;Zweifamilienhaus,FassadeZiegel,FassadeWeiss,DachSchwarz
Wohn-2g-backstein-weiss;Mehrfamilienhaus,Reihenhaus,FassadeZiegel,DachBraun,FassadeGrau
Wohn-2g-backstein;Mehrfamilienhaus,FassadeZiegel,DachSchwarz
Wohn-2g-backstein10;Mehrfamilienhaus,FassadeZiegel,DachSchwarz
Wohn-2g-backstein2;Zweifamilienhaus,Reihenhaus,FassadeZiegel,DachSchwarz
Wohn-2g-backstein3;Mehrfamilienhaus,Reihenhaus,FassadeZiegel,DachSchwarz
Wohn-2g-backstein4;Zweifamilienhaus,FassadeZiegel,DachSchwarz
Wohn-2g-backstein4 Doppelbenennung;Zweifamilienhaus,Reihenhaus,FassadeZiegel,DachSchwarz
Wohn-2g-backstein5-19x10m;Mehrfamilienhaus,FassadeZiegel,DachSchwarz
Wohn-2g-backstein5;Mehrfamilienhaus,Reihenhaus,FassadeZiegel,DachSchwarz
Wohn-2g-backstein5A;Mehrfamilienhaus,Reihenhaus,FassadeZiegel,DachSchwarz
Wohn-2g-backstein6;Mehrfamilienhaus,Reihenhaus,FassadeZiegel,DachSchwarz
Wohn-2g-backstein6A;Mehrfamilienhaus,Reihenhaus,FassadeZiegel,DachSchwarz
Wohn-2g-backstein6B;Mehrfamilienhaus,Reihenhaus,FassadeZiegel,DachSchwarz
Wohn-2g-backstein7;Mehrfamilienhaus,FassadeZiegel,DachSchwarz
Wohn-2g-backstein7 Doppelbenennung;Mehrfamilienhaus,Reihenhaus,FassadeZiegel,DachSchwarz
Wohn-2g-backstein8;Mehrfamilienhaus,FassadeZiegel,DachSchwarz
Wohn-2g-backstein9 Anbau;Mehrfamilienhaus,Reihenhaus,FassadeZiegel,DachSchwarz
Wohn-2g-creme-gaube;Zweifamilienhaus,Reihenhaus,FassadeGrau,DachSchwarz
Wohn-2g-creme;Zweifamilienhaus,Reihenhaus,FassadeGrau,DachSchwarz
Wohn-2g-gelb-gaube;Zweifamilienhaus,Reihenhaus,FassadeBeige,DachSchwarz
Wohn-2g-gelb;Zweifamilienhaus,Reihenhaus,FassadeBeige,DachSchwarz
Wohn-2g-gelb breiter;Mehrfamilienhaus,Reihenhaus,FassadeBeige,DachSchwarz
Wohn-2g-weiss-2;Zweifamilienhaus,Reihenhaus,FassadeZiegel,FassadeGrau,DachSchwarz
Wohn-2g-weiss-gaube;Zweifamilienhaus,Reihenhaus,FassadeWeiss,DachSchwarz
Wohn-2g-weiss;Mehrfamilienhaus,Fassadeweiss,DachSchwarz
Wohn-2g-weiss2-gaube;Mehrfamilienhaus,Reihenhaus,FassadeWeiss,DachSchwarz
Wohn-2g-weiss2;Mehrfamilienhaus,FassadeGrau,DachSchwarz,DachGrau
Wohn-2g-weiss Doppelbenennung;Zweifamilienhaus,Reihenhaus,FassadeWeiss,DachSchwarz
Wohn-3g-A-weiss;Mehrfamilienhaus,Reihenhaus,FassadeWeiss,DachSchwarz
Wohn-3g-A-weiss 2;Mehrfamilienhaus,Reihenhaus,FassadeWeiss,DachSchwarz
Wohn-3g-B-weiss 3;Mehrfamilienhaus,Reihenhaus,FassadeGrau,DachSchwarz
Wohn-3g-B-weiss 4;Mehrfamilienhaus,Reihenhaus,FassadeGrau,DachSchwarz
Wohn-3g-C-lachs;Mehrfamilienhaus,Reihenhaus,FassadeBeige,DachSchwarz
Wohn-3g-backstein1A;Mehrfamilienhaus,Reihenhaus,FassadeZiegel,DachSchwarz
Wohn-3g-backstein2;Mehrfamilienhaus,Reihenhaus,FassadeZiegel,DachSchwarz
Wohn-3g-backstein3;Mehrfamilienhaus,Reihenhaus,FassadeZiegel,DachSchwarz,Büro,Verwaltung
Wohn-3g-backstein4;Mehrfamilienhaus,Reihenhaus,FassadeZiegel,DachSchwarz,Büro,Verwaltung
Wohn-3g-gelblich;Mehrfamilienhaus,Reihenhaus,FassadeZiegel,DachSchwarz
Wohn-3g-graugruen;Mehrfamilienhaus,Reihenhaus,FassadeGrau,DachGrau,Stadthaus
Wohn-3g-weiss;Hochhaus,FassadeWeiss
Wohn-3g-weiss Doppelbenennung;Mehrfamilienhaus,Reihenhaus,FassadeZiegel,DachSchwarz
Wohnhaus Bahnhofstr13;Mehrfamilienhaus,FassadeGrau,DachSchwarz,Gewerbe
Zugang Gleis2;Bahnsteigabgang
Bahnsteigzugang;Bahnsteigabgang
EG;Empfangsgebäude,FassadeZiegel,DachSchwarz
Garagen;Garage
Industriehalle;Industrie,Halle,FassadeGrün
Kapellenstr3-7;Hochhaus,FassadeGrau
Kapellenturm;Kirche
Scheune1;Bauernhof,Scheune
Scheune2;Bauernhof,Scheune
Schloss Zweibrueggen;Schloss,FassadeWeiss,DachSchwarz
Stellwerk Uef;Stellwerk
Tor;Mauer,Tor
Wohn-2g-backstein;Mehrfamilienhaus,FassadeZiegel,DachSchwarz
Wohngebaeude;Mehrfamilienhaus,FassadeGrau,DachBraun
Awo;Mehrfamilienhaus,FassadeZiegel,DachRot
Bruecke Strecke 2802;Brücke,Stahlbrücke,Stahlfachwerkbrücke
Bruecke Strecke 2823;Brücke,Stahlbrücke,Stahlfachwerkbrücke
Bruecke Strecke 2825;Brücke,Stahlbrücke,Stahlfachwerkbrücke
DM-Stahl;Industrie,FassadeZiegel
Danzas;Spedition,Güterabfertigung
Eckesey01 Halle;Industrie,Lokschuppen
Eckesey01 StwHr;Stellwerk
Eckesey01 Waerterhaus;Büro,FassadeBeige,DachBraun
EckeseyerStr75;Mehrfamilienhaus,FassadeGrau,DachGrau,FassadeZiegel
EckeseyerStr80;Mehrfamilienhaus,FassadeBraun,DachBraun,Büro,Walmdach
EckeseyerStr90;Mehrfamilienhaus,FassadeZiegel,DachBraun
Fahrleitungsmeisterei;Industrie,FassadeOrange
Krebeck;Industrie,Sägewerk
Schmiedag;Industrie,FassadeZiegel
Silo;Silo
Sozialbau;Industrie,FassadeWaschbeton
StwAbzwBechelte;Stellwerk
StwHn;Stellwerk
TVT-Halle;Lokschuppen
Tanklager;Tank
Waerterbude;Bahnbude
WhsEckeseyerStr89;Mehrfamilienhaus,FassadeZiegel,DachBraun
Wohnheim;Hochhaus,FassadeGrün
Haus145.3;FassadeZiegel,DachRot
Haus146.6 a;FassadeOrange,DachGrau
Haus146.6 b;Schuppen,FassadeOrange,DachGrau
Haus146.6 c;Schuppen,FassadeOrange,DachGrau
Haus147.8;FassadeZiegel,DachRot
Haus147.8 b;FassadeZiegel,DachRot
Haus148.6;FassadeOrange,DachRot,Schuppen
Vordach;Garage
Dach links;Bahnsteigdach
Dach rechts;Bahnsteigdach
EG Links;Empfangsgebäude,FassadeZiegel,DachGrau
EG Mitte;Empfangsgebäude,FassadeZiegel,DachGrau
EG Mitte links;Empfangsgebäude,FassadeZiegel,DachGrau
EG Mitte rechts;Empfangsgebäude,FassadeZiegel,DachGrau
EG Rechts;Empfangsgebäude,FassadeZiegel,DachGrau
Halle 1;Industrie,Halle,FassadeWeiss,DachGrau,Doppelhalle
Halle 2;Industrie,DachRot
Halle 3;Industrie,Halle,FassadeWeiss,DachGrau
Stellwerk Mf;Stellwerk
Stufe;Treppe
Ufg-Deckel;Unterführung
Vordach Geruest;Bahnsteigdach
AutobahnBrueckeStd;Brücke,Betonbrücke,Straßenbrücke
Bockwindmuehle;Windmühle
DurchlassBahn;Durchlass
DurchlassWeg;Durchlass
EG Stederdorf;Empfangsgebäude
NG Stederdorf;Schuppen,DachRot
Umkleiden;Sport,Sportplatz
ZuckerruebenverladungStd;Förderband
01 GrundplatteAusgeschachtet;Baustelle
02 SandhaufenGross;Baustelle
02 SandhaufenKlein;Baustelle
02 Steinpalette 1x;Baustelle,Ladegut
02 Steinpalette 3x;Baustelle
02 Steinpalette 5x;Baustelle
03 Keller;Baustelle
04 Aussenmauern Ecken;Baustelle
04 Aussenmauern Hoch;Baustelle
04 Aussenmauern Mittelhoch;Baustelle
05 Dachstuhl;Baustelle
06 Geruest 2x2x;Baustelle,Gerüst
06 Geruest 2x5x;Baustelle,Gerüst
06 Geruest 3x4x;Baustelle,Gerüst
21 Peine-Beethoven-15;Stadthaus,Eckhaus,FassadeGrau,DachShwarz,DachGrau
22 Peine-ZurEulenburg;Mehrfamilienhaus,Gasthaus,FassadeGrau,DachRot,DachBraun
23 Peine-Kirchhofstr-16;Stadthaus,FassadeGrün,DachRot,Eckhaus,FassadeGrau
BS Str15;Mehrfamilienhaus,Stadthaus,Eckhaus,FassadeZiegel,DachSchwarz
BS Str23;Mehrfamilienhaus,Stadthaus,Eckhaus,FassadeZiegel,DachSchwarz
Beamtenwohnung;Zweifamilienhaus,FassadeGelb,DachSchwarz
Blasstahlwerk;Industrie,Stahlwerk,FassadeZiegel
Fuhsebruecke km16-3;Brücke,Stahlbrücke
Durchlass1Gleis;Durchlass
Durchlass2Gleise;Durchlass
EckeTriftweg;Eckhaus,Mehrfamilienhaus,FassadeGrau,DachRot,DachBraun
EinfahrtStahlwerk;Brücke,Stahlbrücke
Fahrleitungsmast;Fahrleitung
Fahrradstaender;Fahrrad
FoerderturmGross;Zeche,Förderturm
FormsandsteineG1;Zeche
Gaswerke;Drehscheibe
GitterTorStahl 12m;Zaun,Tor
Gueterschuppen;Güterschuppen,Güterabfertigung,FassadeZiegel,DachGrau,DachSchwarz
KorbmacherFassade;Stadthaus,Eckhaus,FassadeBeige,DachGrau
Kuehlturm;Industrie,Stahlwerk,Kühlturm
Litfasssaeule 1;Litfaßsäule
MalzHeineBhf;Industrie,FassadeZiegel
MalzHeineTHStr;Industrie,Silo
MauerBS 1;Mauer
MauerWestfal;Mauer
PE EG DB;Empfangsgebäude,FassadeZiegel,DachSchwarz,DachGrau
PE EG Ladenzeile;Empfangsgebäude
PeinerEck;Stadthaus,Eckhaus,FassadeZiegel,DachBraun
Posten46;Schrankenposten
Posten47;Schrankenposten
Posten48;Schrankenposten
Prellbock;Prellbock
Pwf;Stellwerk
SchachtGebaeudeKomplex1;Zeche,Industrie,FassadeZiegel
Schraubenwerke;Drehscheibe
Schrotthaufen 01;Schrott
Schrotthaufen 02;Schrott
Schrotthaufen 03;Schrott
SchuppenFlachdach;Industrie,FassadeFachwerk
Schuppen hoch;Industrie,Schuppen,FassadeZiegel,DachSchwarz
Schuppen schraeg;Bauernhof,Industrie,Schuppen,FassadeZiegel,Scheune,DachRot
Stuetze Temp;Brücke,Stütze
StwPm;Stellwerk
StwPo;Stellwerk
StwPww;Stellwerk
Westfal;Drehscheibe
Wiederlager eingleisig;Brücke,Widerlager
Bachbruecke 10m 8m;Brücke,Straßenbrücke,Betonbrücke
Bachbruecke 12m einseitig;Brücke,Straßenbrücke,Betonbrücke
Bachbruecke 5m;Brücke,Straßenbrücke,Betonbrücke
Bachbruecke 7m5 5m;Brücke,Straßenbrücke,Betonbrücke
Bachbruecke 8m 4m;Brücke,Straßenbrücke,Betonbrücke
Bahnhofstr14;Mehrfamilienhaus,FassadeBruchstein,DachGrau
Bahnmeisterei;Industrie,Werkstatt
Bruecke B239 26m;Brücke,Straßenbrücke,Betonbrücke
Bruecke B239 Emmer;Brücke,Straßenbrücke,Betonbrücke
Bruecke km86 7;Brücke,Straßenbrücke,Betonbrücke
Bruecke km92 3;Brücke,Betonbrücke
DetmolderStr89;Doppelhaus,FassadeZiegel,DachRot
EU Radweg;Brücke,Betonbrücke
EUe B239 Widerlager1;Brücke,Widerlager
EUe B239 Widerlager2;Brücke,Widerlager
Emmer Flutbruecke;Brücke,Stahlbrücke
Emmerbruecke GGl;Brücke,Stahlbrücke
Emmerbruecke GGl1;Brücke,Stahlbrücke
Emmerbruecke GGl Schwellen;Schwelle
Emmerbruecke RGl;Brücke,Stahlbrücke
Emmerbruecke Widerlager1;Brücke,Widerlager
Emmerbruecke Widerlager2;Brücke,Widerlager
Fabrik;Industrie,Sägewerk
Flutbruecke Widerlager1;Brücke,Widerlager
Flutbruecke Widerlager2;Brücke,Widerlager
GelaenderBf li;Geländer
Gelaender 3m50;Geländer
Gewaechshaus;Gewächshaus,Treibhaus
Gewaechshaus Endteil;Gewächshaus,Treibhaus
Gewaechshaus Mittelteil;Gewächshaus,Treibhaus
Gitterrost 12m 0m55;Gitterrost
Gueterschuppen1;Güterschuppen,FassadeZiegel,DachGrau
Hobatex;Industrie,FassadeGrau
Hobatex2;Industrie
Hof VinsebeckerStr;Bauernhof,FassadeHolz,DachSchwarz
KircheWoebbel;Kirche
KornhsBuescher;Raiffeisen,FassadeZiegel,DachGrau,DachRot
Planschbecken 20m;Schwimmbad
Portalkran;Kran
Scheune;Scheune,FassadeHolz,DachGrau
Schwimmbecken 50x20;Schwimmbad
Sedanstr2;Mehrfamilienhaus,Stadthaus,FassadeBeige,DachSchwarz,Gewerbe
Sievering;Industrie
Speicherturm;Raiffeisen,DachBraun,FassadeBeige
Sportplatz Aschenbahn;Sport,Sportplatz
Steinheim Bf;Empfangsgebäude,FassadeWeiss,DachRot
Strato;Industrie,Ruine
Treppe 1;Treppe
Treppe 3;Treppe
VinsebeckerStr11;Industrie,GrundrissDreieck
Wegbruecke 87 9;Brücke,Stahlbrücke
Wegbruecke Woebbel;Brücke,Straßenbrücke,Betonbrücke
AuslassStausee;Wasser,Stausee
BahnwHaus;Einfamilienhaus,FassadeGelb,DachSchwarz,MitGarten
BrueckeL886;Brücke,Spundwand
BueroHainbergstr;Industrie
Durchlass 85-9;Durchlass
Durchlass KlingerBach;Durchlass
Emmerbruecke L948;Brücke,Betonbrücke,Straßenbrücke
Furnierwerk1;Industrie,FassadeBraun
Furnierwerk2;Industrie,FassadeGrau,DachSchwarz
Furnierwerk3;Industrie,FassadeGrau,DachSchwarz
Getreidelager1;Industrie,Werkstatt,FassadeZiegel
Getreidelager2;Industrie,FassadeZiegel
Getreidelager3;Industrie
GetreidelagerVilla;Einfamilienhaus,Villa,FassadeBeige,DachBraun
Pavillon;Pavillon
SchiederBf;Stellwerk,FassadeZiegel,DachGrau
SchiederMoebel;Industrie
SchiederMoebel2;Industrie
SchiederMoebel3;FassadeGrau,Büro,DachBraun,DachRot
SchiederMoebel4;Industrie,FassadeBraun
SchiederMoebel5;Industrie
SchiederMoebelTorhaus;Industrie,Pförtner
StwAbzwNoltehof;Stellwerk
Wasserrohr Rost;Rohr
Whs Glashuette1;Einfamilienhaus,DachRot,FassadeRot
03 Stw-Haemelerwald.Hw;Stellwerk
04 Stw-Haemelerwald.Ho;Stellwerk
BlSt34;Schrankenposten
GaststaetteZumBahnhof;Gasthaus,FassadeWeiss,DachRot
HPKE EG;Empfangsgebäude
HPKE Gueterboden;Treppe
Hae Empfangsgebaeude;Empfangsgebäude
Kopframpe;Laderampe
KraftfutterLichtenberg;Industrie
Laderampe;Schrankenposten
Posten34;Schrankenposten
Posten35;Schrankenposten
Posten36;Schrankenposten
Posten40;Schrankenposten
Schriever01;Industrie,FassadeZiegel
Wasserbehaelter;Wasserturm
lagerschuppen;Schuppen,FassadeHolz
01 Stw Voehrum-Vo;Stellwerk
02 Stw Voehrum-Vwf;Stellwerk
Posten41;Schrankenposten
Posten43;Schrankenposten
Posten45;Schrankenposten
Voe Empfangsgebaeude;Empfangsgebäude
Voe Gueterboden;Treppe
HammRbf01 Hrw;Stellwerk
HammRbf02 Hro;Stellwerk
HammRbf03 Hso;Stellwerk
HammRbf04 Vmo;Stellwerk
HammRbf05 Dienststelle;Büro,Verwaltung,FasadeGelb,DachBraun
HammRbf06 Wagenwerk;Lokschuppen
HammRbf07 Hochhaus Edison 1;Hochhaus,FassadeGrau
HammRbf08 Fahrdrahthalter;Fahrleitung
HammRbf08 Stahlbruecke;Brücke,Stahlbrücke,Stahlfachwerkbrücke
HammRbf10 RtVI Dach;Dach
HammRbf11 Bunker;Bunker
Selmig01 Stellwerk;Stellwerk
Gitterquertraverse;Fahrleitung
HildHbf 01 EG;Empfangsgebäude
HildHbf 02 Ho;Stellwerk
HildHbf 03 Bahnsteigabgang 3-4;Bahnsteig,Bahnsteigabgang
HildHbf 03 Bahnsteigabgang 6-7;Bahnsteig,Bahnsteigabgang
HildHbf 03 Bahnsteigdach 2;Bahnsteig,Bahnsteigdach
HildHbf 04 BASA;Büro,Verwaltung,FassadeZiegel,DachSchwarz,Walmdach
HildHbf 05 Lagerhalle;Industrie,Halle
HildHbf 06 Hochhaus;Hochhaus,FassadeBeige
HHRS 01 Stellwerk Hf;Stellwerk
HHRS 02 Apotheke;Apotheke,Gewerbe,FassadeBlau,DachBraun
HHRS 03 Wedekin;Industrie,Halle
HHRS 04 Korn;Silo,Raiffeisen
HHRS 05 Roggemann;Industrie
HHRS 06 Fahrradunterstand;Fahrrad
HALG 01 GebrWeiterer;Silo,Industrie
HALG 02 Autowaschanlage;Waschanlage
HALG 03 AbgangStrasse;Bahnsteig,Bahnsteigabgang
HALG 04 JosLinkogel;Mehrfamilienhaus,Gewerbe,FassadeZiegel,DachSchwarz
HALG 05 AbgangBahnsteig;Bahnsteig,Bahnsteigabgang
HALG 06 EG;Empfangsgebäude,FassadeZiegel,DachSchwarz
HALG 07-Bahnsteigdach;Bahnsteig,Bahnsteigdach
HSEN 01 JVA;Gefängnis,Mehrfamilienhaus,FassadeZiegel,DachBraun
HSEN 01 JVA Tor;Industrie,FassadeZiegel
HSEN 03 Stellwerk Sf;Stellwerk
HSEN 04 RaiffeisenSaaten;Raiffeisen
HSEN 06 Kaliberg Hugo;Kali,Berg
HSEN 09 Kali Friedrichshall I;Kali,Berg
Halle 01;Industrie,Halle
Sehnde S-STB 62m;Brücke,Stahlbrücke,Stahlbogenbrücke,Stabbogenbrücke,S-STB
BaustelleWest;Baustelle
Emmerbruecke;Brücke,Steinbrücke
Friedhofskapelle;Kirche,Kapelle
Hoexterstr16;Zweifamilienhaus,FassadeBeige,DachRot
Kilianskirche;Kirche
Kilianstr1;Mehrfamilienhaus,FassadeZiegel,DachGrau
Kilianstr4;Einfamilienhaus,FassadeZiegel,DachGrau
Kilianstr6;Mehrfamilienhaus,FassadeWeiss,DachBraun
Kilianstr7;Einfamilienhaus,FassadeWeiss,DachGrau
Kreuzstr12;Mehrfamilienhaus,FassadeWeiss,DachGrau,DachSchwarz,MitBalkon
LuegdeBf;Empfangsgebäude,FassadeZiegel,DachSchwarz
RadwegZiegelei;Brücke,Straßenbrücke,Stahlbrücke
Rohbau;Baustelle
SchwarzeBruecke;Brücke,Stahlbrücke
StMarien;Kirche
StwLuegdeLs;Stellwerk
Trafohaus;Trafostation
WestfaelischerHof;Gasthaus,FassadeWeiss,DachRot
AbdeckungTreppe;Beton,Treppe
Bahnhofstrasse;Brücke,Straßenbrücke,Betonbrücke
Bahnsteigdach;Bahnsteig,Bahnsteigdach
Bahnsteigtreppe 1;Bahnsteig,Bahnsteigabgang
Bahnsteigtreppe 2;Bahnsteig,Bahnsteigabgang
DringenauerStr14;Industrie
DringenauerStr14a;Industrie
Emmerbruecke;Brücke,Stahlbrücke
EmmerbrueckeWiderlager;Brücke,Widerlager
Fussgaengertunnel;Durchlass
GbfHalle;Industrie,FassadeBeige,DachGrau
Grundplatte;Baustelle,Beton
Gueterbahnhof;Güterschuppen,FassadeZiegel,DachSchwarz
Haus1;Mehrfamilienhaus,Verwaltung,FassadeGrau,DachBraun
Hochbau;Baustelle
Holzhandlung;Industrie,FassadeZiegel,DachBraun
Pfeiler;Baustelle
Phoenix1;Industrie,Büro
Phoenix2;Industrie,Baustelle
Recyclinghof;Industrie,FassadeGrau,DachSchwarz
Reitverein;Reitverein,FassadeGrau,DachBraun
Schaltbude;Schalthaus
StwPf;Stellwerk
Teleskop;Antenne,Funkturm
UhrenturmWerbeblock;Uhr
Betonmauer;Beton
Bude 128;Bahnbude,Schrankenposten
Bude 183;Bahnbude,Schrankenposten
Buerogebaeude;Büro,Verwaltung,Hochhaus
Geb Landhandel;Silo,Raiffeisen
Geb Landhandel Anbau1;Industrie,FassadeGelb,FassadeBeige,DachRot,DachBraun
Geb Landhandel Halle1;Industrie,FassadeGelb,FassadeBeige,DachRot,DachBraun
Geb Landhandel Halle2;Industrie,DachSchwarz,FassadeGrün
Geb Landhandel Halle3;Industrie,FassadeGrün,DachSchwarz
Geb Landhandel Halle4;Industrie,Halle,FassadeBeige,DachSchwarz
Halle 1;Industrie,Halle,FassadeHolz,DachGrau,Scheune
Halle 1a;Industrie,Halle,Scheune,FassadeHolz,DachGrau
Halle 2;Industrie
Halle 3;Industrie,Garage,Halle
Halle 3a;Industrie,Schuppen
Halle KleinerWeg;Industrie,FassadeGelb,DachSchwarz
Hedemuenden Anbau 1;Stellwerk
Hedemuenden Anbau 2;Schuppen,FassadeGelb,DachSchwarz
Hedemuenden EG Links;Empfangsgebäude,FassadeGelb,DachSchwarz
Hedemuenden EG Mitte;Empfangsgebäude,FassadeGelb,DachSchwarz
Hedemuenden EG Rechts;Empfangsgebäude,FassadeGelb,DachSchwarz
Hedemuenden Vordach;Dach
Holzstapel 3x9;Holzstapel
Holzstapel 3x9a;Holzstapel
Holzstapel 3x9x7;Holzstapel
Lagerhalle;Scheune,FassadeHolz,DachBraun
Lagerhalle gross;Industrie
Schuppen 183-3;Schuppen,FassadeGelb,FassadeZiegel,DachRot
Turm;Silo
NLUH Luitpoldhuette 2;Industrie,FassadeBeige,DachSchwarz
NLUH Stellwerk Lf;Empfangsgebäude,FassadeBeige,DachBraun
NLUH Stellwerk Lw;Stellwerk,FassadeGrau,DachGrau
NAM Bahnsteigdach;Bahnsteig,Bahnsteigdach
NAM Busbahnhof 1;Bus,Bahnsteigdach
NAM Busbahnhof 2;Bus,Bahnsteigdach
NAM Busbahnhof Bude;Bus,Toilette,Bahnbude,FassadeBlau
NAM Busbahnhof Wartehaus;Wartehaus
NAM Dreifaltigkeitskirche;Kirche
NAM EG;Empfangsgebäude,FassadeGrau,DachSchwarz
NAM Fa Rosenthal Glaskathedrale;Industrie
NAM Fa Rosenthal Lager;Industrie,FassadeBeige,DachBraun,Büro,Verwaltung
NAM Fa Rosenthal Schornstein;Schornstein
NAM Frauendorfer;Industrie,Hochhaus,FassadeWeiss,DachGrau,Möbelhaus
NAM Hl Familie Kirchturm;Kirche
NAM Lokschuppen;Lokschuppen
NAM Molkerei Kulisse;Industrie,Kulisse,FassadeWeiss,DachWeiss
NAM Plakathalter;Reklame
NAM Plakathalter Anbau;Reklame
NAM Post;Industrie,Verwaltung,Büro,FassadeBeige
NAM Schornstein Krankenhaus;Schornstein
NAM Stellwerk Amf;Stellwerk,FassadeBeige
NAM Voit Beton;Turm
Treppenabgang Ruoffstr;Bahnsteigabgang,Treppe
NHIL Stw2;Stellwerk,FassadeBeige,DachGrau
NHIL Wasserschloss;Schloss,FassadeGelb,DachBraun
NHIL ehem EG;Empfangsgebäude,FassadeBeige,DachBraun
NHIL ehem Gueterschuppen;Güterschuppen,FassadeBeige,DachBraun
NFR Freihoels EG;Empfangsgebäude,FassadeGelb,DachGrau
NFR Gueterschuppen;Schuppen,Werkstatt,FassadeBeige,DachGrau,Güterschuppen,FassadeGelb
NIR EG;Empfangsgebäude,FassadeGrau,FassadeBeige,DachRot
NIR Schalthaus;Betonschalthaus,Trafostation
Aufsicht;Bahnsteig,Bahnbude,FassadeFliesen,DachWeiss
Bahnsteiglampe;Lampe
Bruecke Oberbilk;Brücke,Stahlbrücke
DD-Finanzamt;Hochhaus,FassadeBeige
DD-Philipshalle;Industrie,Messe,Halle,DachSchwarz
Dreischeibenhaus;Hochhaus,FassadeGrau
Friedrichstad1;Mehrfamilienhaus,Stadthaus,FassadeGelb,DachBraun
GAP15;Hochhaus
Immermann Tower DD;Hochhaus,FassadeWeiss,FassadeGrau
Johanneskirche;Kirche,FassadeZiegel,DachGrün
LVAHauptgebaeude;Hochhaus
Stuetze Zielanzeige;Zugzielanzeiger
Stw Df;Stellwerk,FassadeGelb
Ueberwerfung Abzw Berg;Überwerfungsbauwerk
Ueberwerfung Emma gesamt;Überwerfungsbauwerk
Werkstatt Bw2;Lokschuppen
ZZA Fallblatt doppelt;Zugzielanzeiger
elevator2;Aufzug,FassadeFliesen,DachWeiss
DD-Lagerhalle;Industrie,FassadeWeiss
ReisholzRf;Stellwerk
Reisholz Rn;Stellwerk,FassadeZiegel,DachGrau,DachSchwarz
Aufhaengung Dach;Schild
Bahnsteigzugang links;Treppe
Bahnsteigzugang rechts;Treppe
Damstahl;Industrie,Kulisse
Langenfeld;Bahnsteigdach
Langenfeld Stw Lf;Stellwerk
Saltigo;Büro,Parkhaus
Sportplatz1;Sport,Sportplatz,Fußball
Sportplatz2;Sport,Sportplatz,Fußball
Sportplatz3;Sport,Sportplatz,Fußball
TheodorLittRealschule;Schule
Ueberwerfung km24 3;Überwerfungsbauwerk
Bahnsteigniedergang ueberdacht;Bahnsteigabgang
Bayerwerk;Industrie,FassadeZiegel
Bruecke km7-9;Brücke,Straßenbrücke,Betonbrücke
Durchlass 4 gleisig;Durchlass
Durchlass 4 gleisig Bach;Durchlass
Forum Leverkusen;Messe,FassadeZiegel
Hauptpost;Post,FassadeZiegel
Lichtturm;Lampe
Schallschutzwand Autobahn;Lärmschutz
Asstel1;Industrie,FassadeZiegel,DachGrau
Asstel2;Industrie,FassadeZiegel,DachGrau
Asstel3;Industrie,FassadeBeige,DachGrau,FassadeGrau
Aufhaengung Fallblatt;Zugzielanzeiger
Bahnsteigueberdachung Muelheim Gl1;Bahnsteigdach
Bahnsteigueberdachung Muelheim Gl1 Ende;Bahnsteigdach
Bruecke Koeln-Buchforst;Brücke,Stahlbrücke,Bogenbrücke,Stabbogenbrücke
Bruecke km 6-3 El997gn;Brücke,Betonbrücke
Durchlass Bf;Brücke,Steinbrücke,Viadukt
Fahrdrahthalter untere Bruecken;Fahrleitung
Gelaender Mittelteil Bf;Geländer
Mittelwand Bf;Pfeiler
Muelheim Aufzugsturm;Aufzug
ProKilo;Industrie,Kulisse
S Bahnbruecke Koeln Muelheim;Brücke,Stahlbrücke,Stahlfachwerkbrücke
Seitengang Stahltraegerbruecke km 5-6;Brücke,Geländer
Signalbruecke Muelheim;Signal,Signalbrücke
Stahltraegerbruecke km 5-6;Brücke,Stahlbrücke
Stahltraegerbruecke km 5-6 oberes Gleis;Brücke,Stahlbrücke
Supermarkt Stellwerk Mf;Industrie,Kulisse
Ueberwerfung km 3-6 El1605bl;Überwerfungsbauwerk
Ueberwerfung km 42-8 El4233bl;Überwerfungsbauwerk
Ueberwerfung km 5-5 El659gn;Überwerfungsbauwerk
Aufzug;Aufzug
Bahnverwaltung;Industrie
Baumarkt;Baumarkt,Bauhaus
Bogenbruecke 1gl;Brücke,Steinbrücke,Viadukt
Bogenbruecke 2gl;Brücke,Steinbrücke,Viadukt
Constantin1;Büro,Hochhaus
Dachstuetze Tiefbahnsteig;Bahnsteigdach
Deutz Stahlgitterbruecke S-Bahn 1gl;Brücke,Stahlbrücke,Stahlfachwerkbrücke
Deutz Stahlgitterbruecke S-Bahn 2gl;Brücke,Stahlbrücke,Stahlfachwerkbrücke
Dienstgebaeude1;Büro,FassadeZiegel,DachGrau
Dienstgebaeude2;Werkstatt,FassadeZiegel,DachGrau
Flachmast an Bruecke;Fahrleitung,Mast,Flachmast
Harles 4etage 3Eingaenge grau;Mehrfamilienhaus,Stadthaus,FassadeGrau,FassadeWeiss,DachBraun
Haus1;Mehrfamilienhaus,FassadeZiegel,DachSchwarz,Walmdach
Haus2;Güterschuppen,FassadeZiegel,DachSchwarz
Haus3;Stellwerk,FassadeZiegel,DachSchwarz
Koeln-Arena;Veranstaltungshalle,Büro
Koeln Messe;Industrie,Kulisse
Koeln Messe Querhalle;Messe,Industrie,DachGrau,FassadeZiegel
Koeln Triangle;Büro,Hochhaus
Koeln neben Triangle;Büro,Verwaltung,FassadeGrau,DachGrau
Lokhalle1;Lokschuppen,FassadeZiegel,DachGrau,DachSchwarz
Lokhalle2;Lokschuppen,FassadeZiegel,DachGrau
Lufthansa Turm;Hochhaus
Messehalle;Messe
Niedergang;Bahnsteigabgang
Odysseum;Veranstaltungshalle
Pfeiler;Pfeiler
RTL;Büro,FassadeZiegel
Schild Bremsweg;Schild
Schild U;Schild,U-Bahn
SignalauslegerP639;Signalbrücke
Stahlgitterbruecke S-Bahn;Stahlfachwerkbrücke,Stahlbrücke
Stw R3;Stellwerk,FassadeZiegel,DachSchwarz
Treppenaufgang;Bahnsteigabgang
Ueberwerfung Ausziehgleis Elmnt1763gn;Überwerfungsbauwerk
Ueberwerfung Deutzerfeld El5344gn;Überwerfungsbauwerk
Ueberwerfung S-Bahn El1134gn;Überwerfungsbauwerk
Verwaltung;Büro,FassadeZiegel,DachGrau
neben RTL;Büro,Verwaltung,FassadeZiegel
Achteckpfeiler;Pfeiler
Anzeiger Einfahrt unten;Signal
Anzeiger Fahrt;Signal
Anzeiger Gleis1;Signal
Anzeiger Gleis2-3;Signal
Anzeiger Gleis3-7 Mitte;Signal
Anzeiger Gleis8-9;Signal
Anzeiger Rangierfahrt;Signal
Direktion;Büro,FassadeBeige,DachSchwarz
Hall;Bahnhofshalle
Kabelhalterung Halle;Deckenhalterung
Kabelhalterung QTW;Deckenhalterung
KircheSt Martin;Kirche,FassadeBeige,DachSchwarz
KoelnQTWMast 12m5;Fahrleitung,Fahrleitungsmast
Museum Koeln;Museum
Musicalhall Koeln;Veranstaltungshalle
Sperrsignalhalterung Hallenbogen;Deckenhalterung
Stellwerk Koeln KF;Stellwerk,FassadeZiegel
Zugdeckungssignal-KoelnHbf;Signal
LGWU 01 Zugang Sued;Bahnsteigzugang
LGWU 02 Ruinenhalle;Industrie,Ruine,Halle
LSM 01 Stellwerk;Stellwerk,FassadeGrau,DachGrau
LSM 03 Muellbunker;Schuppen
Schoenh 01 EG;Empfangsgebäude,FassadeZiegel,DachBraun
Schoenh 02 ESTW;Stellwerk,ESTW-A
Schoenh 03 Kleinbahn;Empfangsgebäude,Mehrfamilienhaus,FassadeBeige,DachSchwarz
Goe39 Jacobikirche Turm;Kirche,Kulisse
Goe40 Kugelgasbehaelter;Gas,Gastank
Gittermastlampe oU;Lampe,Lampenaufsatz
MAOB Bahnsteiggelaender;Geländer
MAOB Bahnsteiggelaender 3m;Geländer
MAOB Bahnsteiggelaender 3m6;Geländer
MAOB Bahnsteiggelaender 4m5;Geländer
MAOB Bahnsteiggelaender 6m;Geländer
MAOB Bahnsteigzugang A;Bahnsteigdach,Bahnsteigabgang
MAOB Bahnsteigzugang B;Bahnsteigdach,Bahnsteigabgang
MAOB Brueckenlichtoeffnung;Brücke
MAOB EG;Empfangsgebäude,FassadeGrün,DachRosa
MAOB EUE August-Wessels-Str;Durchlass
MAOB EUE Hessenbachstr;Durchlass
MAOB EUE UlmerStr;Brücke,Eisenbahnüberführung
MAOB Ebnerstr47;Mehrfamilienhaus,FassadeBeige,DachBraun,Stadthaus,Reihenhaus,Eckhaus
MAOB Edeka;Supermarkt
MAOB Garagen1;Garage,FassadeZiegel,DachBraun
MAOB Gaskessel;Gas,Gastank
MAOB IHK Akademie;Schule,FassadeWeiss,DachGrau,Büro,Verwaltung
MAOB Maibaum;Schützenverein
MAOB Petelstr17;Mehrfamilienhaus,Stadthaus,Eckhaus,FassadeGrün,DachBraun
MAOB Sallingerstr11;Sparkasse,Hochhaus,FassadeWeiss
MAOB Schuhfabrik Hauptgebaeude;Industrie,Büro,Verwaltung,DachBraun,FassadeGrau
MAOB Schuhfabrik Hauptgebaeude2;Industrie,FassadeGrau,DachBraun
MAOB Schuhfabrik Nebengebaeude1;Industrie,FassadeGrau,DachGrau
MAOB Schuhfabrik Nebengebaeude2;Industrie,FassadeGrau,DachBraun
MAOB Schuhfabrik Nebengebaeude3;Industrie,FassadeGrau,DachBraun
MAOB Schuhfabrik Nebengebaeude4;Industrie,FassadeGrau,DachBraun
MAOB Schuhfabrik Turm;Industrie,FassadeGrau,DachBraun
MAOB Schumannstr20;Mehrfamilienhaus,Stadthaus,FassadeRot,DachGrau,Hochhaus,MitBalkon
MAOB St Thaddaeus;Kirche,FassadeZiegel,DachRot
MAOB Teleskopgasbehaelter 1;Gas,Gastank
MAOB Teleskopgasbehaelter 2;Gas,Gastank
MMTG Bauernhof 01;Bauernhof,DachRot,FassadeWeiss
MMTG Bauernhof 02;Bauernhof,Einfamilienhaus,FassadeWeiss,DachBraun
MMTG Bauernhof 03;Bauernhof,FassadeWeiss,DachBraun
MMTG Bauernhof 04;Bauernhof,Scheune,FassadeWeiss,DachBraun
MMTG EG;Empfangsgebäude,DachBraun,DachRot,FassadeOrange
MMTG Nebengebaeude;Stellwerk,Bahnbude,Schuppen,DachGrau,FassadeOrange
MMTG Teppich;Teppich
MMTG Treppenabgang Gl1;Bahnsteigabgang
MMTG Treppenabgang Gl3-4;Bahnsteigabgang
AlteBrueckeThal;Brücke,Steinbrücke,Fußgängerbrücke
Bahnhof;Empfangsgebäude,FassadeBeige,DachRot
Bahnhof Nebenbau;Schuppen,FassadeBeige,DachRot
Bahnwaerterhaus;Einfamilienhaus,FassadeZiegel,FassadeGelb,DachBraun
Bruchfeld7;Einfamilienhaus,FassadeGrün,DachRot,MitGarage
Bruchfeld7Schuppen;Schuppen,FassadeRot,DachRot
Bruecke km62;Brücke,Ruine
Bruecke km64 7;Brücke,Stahlbrücke
Haemelschenburg;Schloss,Burg,DachGrau
HausNr1;Zweifamiienhaus,FassadeWeiss,DachBraun
HausNr1Garage;Bauernhof,Scheune,FassadeZiegel,DachBraun
HausNr5;Einfamilienhaus,FassadeZiegel,DachBraun
HausNr5Hinterhof;Bauernhof,FassadeGrau,DachBraun
HausNr8;Einfamilienhaus,FassadeZiegel,DachBraun
Kegelpfeiler;Brücke,Pfeiler
Natursteinwerk;Industrie
Schlosscafe;Schloss,Burg,DachGrau,FassadeGrau
Tragseilhalterung Brucke km62;Fahrleitung
WelsederHof;Gasthaus,FassadeGrau,DachBraun,DachSchwarz
Abluftkamin;Schornstein
Agravis;Raiffeisen,Silo
EmmerthalBf;Empfangsgebäude,FassadeZiegel,DachSchwarz
EmmerthalGbf;Industrie,Silo
EmmerthalStwEof;Stellwerk,FassadeWeiss,DachSchwarz
EmmerthalStwEw;Stellwerk,FassadeZiegel,DachSchwarz
GbfSilo;Silo
Kuehlturm;Kraftwerk,Kühlturm
Reaktorgebaeude;Kraftwerk,Atomkraftwerk
TreppendachGleis1;Bahnsteigabgang
TreppendachGleis2;Bahnsteigabgang
UfuehrungL424;Brücke,Stahlbrücke
UfuehrungL424Hagenohsen;Brücke,Stahlbrücke
Valentinbruecke;Brücke,Stahlbrücke,Stahlfachwerkbrücke
Valentinbruecke Vorbr;Brücke,Stahlbrücke,Stahlfachwerkbrücke
Wandertafel;Schild
Weserbruecke;Brücke,Stahlbrücke,Stahlfachwerkbrücke
Weserbruecke Fahrdrahthalter;Fahrleitung
Weserbruecke Fussweg;Brücke,Seitenweg
Weserbruecke Pfeiler;Pfeiler
Weserbruecke Tragseilhalter;Fahrleitung
Weserbruecke Treppe;Treppe
Weserbruecke Treppe Nord;Treppe
Weserbruecke Widerlager;Widerlager
LWH Wahlitz EG;Empfangsgebäude,FassadeZiegel,DachSchwarz
Geb Bhf Sued;Büro,FassadeGrau,DachGrau,DachSchwarz
Gewaechshaus;Gewächshaus,Treibhaus
Halle Sued 1;Industrie,FassadeGrün
Schutzplatte;Beton
Witzenhausen EG Anbau links;Schuppen,Bahnbude,FassadeBruchstein
Witzenhausen EG Links;Empfangsgebäude,FassadeBruchstein,DachGrau
Witzenhausen EG Rechts;Empfangsgebäude,FassadeBruchstein,DachGrau
Witzenhausen Fachwerkhaus;FassadeFachwerk,DachGrau,Mehrfamilienhaus
Witzenhausen Stw;Stellwerk,Empfangsgebäude
Abdeckblech;Unterführung
Arnstein;Kulisse,Burg,Schloss,FassadeBeige,DachRot,Verwaltung,Schule
Bahnsteigabgang 1011;Bahnsteigabgang,FassadeZiegel
Bahnsteigdach 34;Bahnsteigdach
Bebenroth Nordportal;Tunnel,Tunnelportal
Betriebsbau;Unterwerk,Industrie,Werkstatt,FassadeBraun,DachGrau
Bruecke 2258;Brücke,Viadukt,Steinbrücke
Bruecke Brandenburg 1;Brücke,Steinbrücke,Viadukt
Bruecke Brandenburg 2;Brücke,Steinbrücke,Viadukt
Doppel-T-Traeger;Peinerträger,IPB,HEB
EG Links;Empfangsgebäude,FassadeZiegel,DachSchwarz
EG Mitte;Empfangsgebäude,FassadeZiegel,DachSchwarz
EG Rechts;Empfangsgebäude,FassadeZiegel,DachSchwarz
Fahrradstaender;Fahrrad,Fahrradständer
Gelaender-Blende;Geländer
Gelaender-Blende 7;Geländer
Halle West;Industrie,FassadeBeige,DachSchwarz
Halle West 1;Industrie,FassadeBeige,DachGrau
Schuppen 1;Industrie,Werkstatt,FassadeBeige,DachSchwarz
Schuppen 2;Industrie,Werkstatt,FassadeBeige,DachSchwarz
Schuppen 3;Industrie,FassadeBeige,DachSchwarz,Werkstatt
Schuppen 4;Schuppen,FassadeBeige,DachSchwarz
Schuppen Gleis 1011;Schuppen,Bahnbude,FassadeBlau,DachSchwarz,DachBraun
Schuppen Gleis 56;Schuppen,Bahnbude,FassadeZiegel
Schutzgitter 1;Geländer
Stellwerk Ef;Stellwerk
KHEN01 Breuer Gaertnerei;Industrie,Gartencenter
KHEN02 Lidl;Supermarkt
KHEN03 Bruecke Hanfbach;Brücke,Steinbrücke
KHEN04 FDL;Stellwerk
KHEN05 Mittelstrasse 3;Mehrfamilienhaus,Stadthaus,Hochhaus,FassadeGrau
KHEN07 Parkhaus Lagerstrasse;Parkhaus
KHEN08 Matratzen Concord;Stadthaus,Gewerbe,FassadeRot,DachSchwarz
KHEN09 Saturn;Industrie
KHEN10 EG;Empfangsgebäude,FassadeOrange,DachSchwarz
KHEN10 EG Vordach;Bahnsteigdach
KHEN11 GEDACO;Büro,Hochhaus,FassadeOrange
KHEN12 Unterfuehrung;Bahnsteigzugang
KHEN13 Bahnsteigdach Alt;Bahnsteigdach
KHEN13 Bahnsteigdach Modern;Bahnsteigdach
KHEN14 Aufzug;Aufzug
KHEN15 Parkhaus Humperdinckstrasse;Parkhaus
KHEN16 Immo FALC;Mehrfamilienhaus,Stadthaus,Gewerbe,FassadeGrau,DachSchwarz
KHEN17 CONET H;Industrie,Büro,FassadeGrau,FassadeZiegel
KHEN18 Aertztehaus;Büro,Hochhaus,FassadeRot
KHEN19 Malteser;Büro,FassadeGrau,DachBraun,MitGarage
KHEN20 CONET T;Büro,Eckhaus,FassadeGrau
KHEN21 GEBRA;Industrie,FassadeZiegel
KHEN23 DWA;Industrie,FassadeZiegel
KHEN24 Meysfabrik;Industrie,FassadeZiegel
KHEN26 Busbahnhof DFI;Zugzielanzeiger
KHEN26 Busbahnhof Dach 1fach;Bahnsteigdach
KHEN26 Busbahnhof Dach 3fach;Bahnsteigdach
KHEN27 Schutzwand Penny;Mauer
KHEN28 Frankfurter 29;Mehrfamilienhaus,Reihenhaus,FassadeZiegel,DachSchwarz
KHEN29 Baptisten Kirche;Kirche
KHEN30 BAB Bruecke;Brücke,Betonbrücke,Straßenbrücke
KHEN31 Bruecke 29 1;Brücke,Betonbrücke
KHEN32 Bruecke A3;Brücke,Betonbrücke
KHEN33 Bruecke Rosenhain;Brücke,Betonbrücke,Durchlass
KHEN34 Im Rosengarten 12;Zweifamilienhaus,FassadeWeiss,DachSchwarz,Flachdach
KHEN37 Bruecke Strasse Siegau;Brücke,Straßenbrücke,Steinbrücke
KHEN38 Bruecke Bahn Siegau 2gl;Brücke,Steinbrücke
KHEN38 Bruecke Bahn Siegau 2gl WL;Widerlager
KHEN39 Durchlass Siegau 2Gl;Durchlass
KHEN40 Masthalter Betonbruecke;Fundament,Fahrleitung
KHEN41 Bahnsteigbeet;Blumenbeet
KHEN43 Abfallbehaelter;Abfallbehälter
KHES01 Pfeiler;Pfeiler
KHES01 Treppe;Treppe
KHES02 Aufzug;Aufzug
ABbmdz21-90 Alex Standmodell;Fahrzeugattrappe,Wagen
Bmz21-9 Alex Standmodell;Fahrzeugattrappe,Wagen
Gelaender Adenauerbruecke;Geländer
NSCH Bahnmeisterei Magazin;Werkstatt,FassadeGrau,DachBraun
NSCH Bahnsteigdach;Bahnsteigdach
NSCH Bahnsteigzugang A;Bahnsteigabgang
NSCH Bahnsteigzugang B;Bahnsteigabgang
NSCH Bahnsteigzugang C;Bahnsteigabgang
NSCH Bhfplatz 6;Mehrfamilienhaus,Gewerbe,Eckhaus,Stadthaus,FassadeGrau,DachBraun
NSCH BuPol;Empfangsgebäude,Büro,FassadeGrau,DachRot
NSCH BudeBstgB;Bahnbude,FassadeGrau,DachBlau
NSCH Busbf;Toilette,Busbahnhof
NSCH Busbf2;Bahnsteigdach,Busbahnhof
NSCH Busbf2b;Bahnsteigdach,Busbahnhof
NSCH EG;Empfangsgebäude,FassadeGelb,DachSchwarz
NSCH EG Bstgdach;Bahnsteigdach
NSCH EUE 421;Durchlass,Unterführung
NSCH EUE Amberger Str;Durchlass
NSCH Eisenhart;Industrie,FassadeBeige,DachBraun,DachRot
NSCH FGU Glaetzl;Bahnsteigabgang
NSCH FGU Steinb;Bahnsteigabgang
NSCH Gelaender Laderampe;Geländer
NSCH Kreuzbergkirche;Kirche,FassadeGelb,DachRot
NSCH LaenderbBW;Industrie,Lokschuppen
NSCH Lokschuppen;Lokschuppen,Ringlokschuppen
NSCH Pesserlstr 1;Zweifamilienhaus,FassadeBlau,DachBraun
NSCH Pesserlstr 10;Mehrfamilienhaus,Eckhaus,FassadeBeige,DachSchwarz,DachBraun
NSCH Pesserlstr 2;Mehrfamilienhaus,Gewerbe,Eckhaus,DachBraun,DachRot
NSCH Pesserlstr 3-22;Mehrfamilienhaus,Gewerbe,FassadeBeige,FassadeBlau,DachBraun
NSCH Pesserlstr 4-5;Mehrfamilienhaus,Gewerbe,FassadeBeige,DachSchwarz
NSCH Pesserlstr 7;Mehrfamilienhaus,FassadeGrau,DachSchwarz
NSCH Pesserlstr 8;Mehrfamilienhaus,Reihenhaus,FassadeBeige,DachBraun
NSCH Pesserlstr 9;Gasthaus,FassadeBeige,DachSchwarz
NSCH Portalkran;Kran
NSCH Portalkran2;Kran
NSCH ReweCenter;Supermarkt,REWE
NSCH ReweCenter Spk;Sparkasse,Geldautomat
NSCH Schild Lidl dm;Werbung,Schild,Supermarkt
NSCH Schild REWE und co;Werbung,Schild
NSCH Sn;Stellwerk,FassadeWeiss,DachGrau
NSCH Sozialgeb;Büro,Eckhaus,FassadeBeige,DachSchwarz
NSCH Sr;Stellwerk,Schrankenposten,Einfamilienhaus,FassadeGrau,DachBraun
NSCH Ssf;Stellwerk,FassadeGrau,DachGrau
NSCH Tedox;Industrie,Baumarkt
Bruecke Naab 1;Brücke,Steinbrücke
AVL 02 Schleuse;Schleuse
AVL 03 Bahnsteig;Bahnsteig
AVL 03 Snackautomat;Automat
AVL 05 HarburgerChaussee;Mehrfamilienhaus,Stadthaus,Büro,Verwaltung,FassadeZiegel,DachSchwarz
AVL 06 Zoll;Mehrfamilienhaus,Büro,Verwaltung,FassadeZiegel,DachSchwarz
AVL 07 AmGleise36;Mehrfamilienhaus,Stadthaus,Hochhaus,FassadeZiegel,DachGrau
AVL 07 AmGleise75;Mehrfamilienhaus,Stadthaus,Hochhaus
AVL 08 Eingang-2;Schuppen,FassadeZiegel
AVL 08 Eingang;Bahnsteigzugang,FassadeZiegel
AVL 09 Gz-Gleis;Schild
AVL 09 Hafen-Gleis;Schild
AVL 09 Pz-Gleis;Schild
AVL 10 Reklame01;Reklame
AVL 10 Reklame02;Reklame
AVL 10 Reklame03;Reklame
AVL 10 Reklame04;Reklame
AVL 10 Reklame05;Reklame
AVL 10 Reklame06;Reklame
AVL 10 Reklame07;Reklame
AVL 10 Reklame08;Reklame
AVL 10 Reklame09;Reklame
AVL 12 Saalehafen49;Büro,Hochhaus
AVL 12 Saalehafen50;Industrie,FassadeZiegel,DachSchwarz
AVL 12 Schumacherwerder;Industrie,Hafen
AVL 25 Neue-Elbbruecken;Brücke,Stahlbrücke
AVL 35 Parkhaus;Parkhaus
AVL 36 Wohngebaeude-Passierzettel;Mehrfamilienhaus,Stadthaus,Hochhaus,FassadeZiegel,Eckhaus
AWLB 01 Sen;Stadthaus,Mehrfamilienhaus,Hochhaus
AWLB 04 BSU;Hochhaus,Büro,Verwaltung
AWLB 06 LunaCenter;Stadthaus,Gewerbe,Parkhaus
AWLB 07 Budde;Stadthaus,FassadeZiegel
AWLB 11 Leipeltstrasse Hochhaus Blau;Mehrfamilienhaus,Hochhaus,FassadeWeiss,DachGrau,MitBalkon
AWLB 11 Leipeltstrasse Hochhaus Gruen;Hochhaus,Mehrfamilienhaus,FassadeWeiss,DachGrau,MitBalkon
AWLB 11 Leipeltstrasse Hochhaus Rot;Hochhaus,Mehrfamilienhaus,FassadeWeiss,DachGrau,MitBalkon
AWLB 12 Bruecke Brackstrasse;Brücke,Stahlbrücke
AWLB 13 Nordwandhalle;Sport,Hafen
AWLB 14 Krieterstrasse;Hochhaus,Mehrfamilienhaus,FassadeGrau
AWLB 14 Krieterstrasse 50;Hochhaus,Mehrfamilienhaus,Stadthaus,Eckhaus,FassadeZiegel,FassadeWeiss,DachGrau
AWLB 15 Bruecke Thielenstrasse;Brücke,Stahlbrücke
AWLB 16 Bahnsteig-Info;Bahnsteig,Aushang
AWLB 16 Bahnsteig-Laden;Bahnsteig,Bäckerei
AWLB 16 Bahnsteig-SOS-INFO-1;Bahnsteig,Aushang
AWLB 16 Bahnsteig-SOS-INFO-2;Bahnsteig,Aushang
AWLB 16 Bahnsteig-Windfang;Bahnsteig,Windschutz
AWLB 16 Bahnsteig;Bahnsteigdach
AWLB 17 Stellwerk SBahn;Stellwerk,FassadeZiegel,DachRot
AWLB 18 Fahrradkaefig;Fahrrad,Fahrradständer
AWLB 19 Bruecke-Peute;Brücke,Stahlbrücke,Stahlfachwerkbrücke
AWLB 20 Bruecke-Zollhafen;Brücke,Stahlbrücke,Stahlfachwerkbrücke
AWLB 21 Ueberwerfung SBahn Veddel;Überwerfungsbauwerk
AWLB 22 Zugang SBahn;Bahnsteigzugang
AWLB 25 HCU;Büro,Verwaltung,FassadeZiegel
AWLB 26 Container;Container
AlleBruecken;Brücke,Stahlbrücke
Freihafenbruecke Dummy;Brücke,Stahlbrücke
S-STB 50m 1gl;Brücke,Bogenbrücke,Stahlbrücke,S-STB,Stabbogenbrücke
SBruecken;Brücke,Stahlbrücke,Bogenbrücke
Stellwerk Veddel;Stellwerk
AMast 110kV;Freileitung,Hochspannung
AMast 220kV;Freileitung,Hochspannung
NKDF Hundepension Hecht;Stellwerk,FassadeBraun
NKDF ehem EG;Empfangsgebäude,FassadeRot,DachBraun
TMast 110kV;Freileitung,Hochspannung
TMast 110kV 2;Freileitung,Hochspannung
TMast 220 110 62m;Freileitung,Hochspannung
TMast 220 110 73m;Freileitung,Hochspannung
TMast 220kV;Freileitung,Hochspannung
FLIR Bahnstrom 46m;Freileitung,Hochspannung
FLIR Bahnstrom 57m;Freileitung,Hochspannung
FLIR Bahnstrom A 23m;Freileitung,Hochspannung
FLIR Bahnstrom A 29m;Freileitung,Hochspannung
FLIR Bahnstrom A 42m;Freileitung,Hochspannung
FLIR Bahnstrom T 29m;Freileitung,Hochspannung
FLIR Bahnstrom T 46m;Freileitung,Hochspannung
FLIR Bahnstrom T 57m;Freileitung,Hochspannung
A-Bock Morschen;Brücke,Betonbrücke
Altmorschen02 EG;Empfangsgebäude,FassadeZiegel,DachGrün
Leitplanke 4m0;Leitplanke
A-Bock Pfieffetal;Brücke,Betonbrücke
Betonwand Weltkugel Sued;Stützmauer
Kaiserau 01 Stellwerk;Stellwerk,DachBraun,FassadeBraun
A-Bock Muelmischtal;Brücke,Betonbrücke
FKOT 03 Unterwerk;Unterwerk,K8
Pfeiler Muelmischtal;Brücke,Pfeiler
Anzeiger FREH;Zugzielanzeiger
FREH AMast 110kV;Freileitung
FREH TMast 110kV;Freileitung
Fussgaengerbruecke FREH;Bahnsteigzugang,Fußgängerüberführung
Pfeiler SFS Fuldabrueck;Pfeiler
Stw Rf Rengershausen;Stellwerk,FassadeGelb,DachRot
Stw Rn Rengershausen;Stellwerk,FassadeZiegel,DachGrau
Mastfussanbau Betonwand;Fahrleitung,Fundament
Oberzwehren03 Laermschutz Modul braun 4m50x2m50;Lärmschutz
Oberzwehren 04 KrBw Portal MWB;Tunnel,Tunnelportal
Oberzwehren 04 KrBw Portal Rengershausen Nord;Tunnel,Tunnelportal
Oberzwehren 04 KrBw Portal SFS Nord;Tunnel,Tunnelportal
Oberzwehren 04 KrBw Portal SFS Sued;Tunnel,Tunnelportal
Oberzwehren Thomaskirche;Kirche,DachGrau,FassadeBruchstein
Pfeiler Treppe Oberzwehren;Pfeiler
Treppe Oberzwehren;Treppe,Bahnsteigzugang
Northeim 01 Bahnhofszugang;Dach,Bushaltestelle,Bahnsteigdach
Northeim 01 EG;Empfangsgebäude,FassadeWeiss,DachGrau
Northeim 02 Schalthaus;Schalthaus,FassadeZiegel
Northeim 02 Stellwerk Nf;Stellwerk,FassadeGelb
Northeim 02 Stellwerk Nmf;Stellwerk,FassadeZiegel
Northeim 03 Bahnsteig 2;Bahnsteigdach
Northeim 03 Bahnsteigdach 1;Bahnsteigdach
Northeim 03 Bahnsteigdach 2 Blende;Bahnsteigdach
Northeim 03 Bahnsteigdach 2 Treppenbereich;Bahnsteigdach
Northeim 04 Raiffeisen;Industrie,Raiffeisen,FassadeGelb,FassadeBeige
Northeim 05 Trafo E41-gn4;Fahrzeugattrappe,Heizlokomotive
Northeim 06 Posten 89c;Stellwerk,Schrankenposten,FassadeZiegel
Northeim 07 Schwellenwerk 1;Industrie,Büro,FassadeBeige,DachSchwarz
Northeim 08 Rhumebruecke;Brücke,Steinbrücke
Northeim 08 Stahltraegerbruecke 12m;Stahlbrücke
Northeim 09 Zuckerfabrik 1;Industrie,FassadeBeige,DachGrau
Northeim 09 Zuckerfabrik Pfeiler 13m0;Pfeiler
Northeim 09 Zuckerfabrik Pfeiler 3m0;Pfeiler
Northeim 09 Zuckerfabrik Pfeiler 8m5;Pfeiler
Northeim 10 Lokschuppen;Lokschuppen
Northeim 12 Bahnhofsmission;FassadeBeige,DachGrau
BHW;Büro,Hochhaus,FassadeGrau
BHW Bruecke;Fußgängerbrücke
BHWuerfel;Büro,Verwaltung
Bahnmeisterei;Industrie,Werkstatt,FassadeGrau,DachGrau
Bahnsteigbeleuchtung 2m5;Lampe,Lampenaufsatz
Bahnsteigbeleuchtung 5m;Lampe,Lampenaufsatz
Bahnsteigstuetze;Bahnsteigdach
Bahnsteigstuetze 11m;Bahnsteigdach
Bahnsteigstuetze 12m;Bahnsteigdach
Bahnsteigstuetze Querverbindung;Bahnsteigdach
Bahnsteigstuetze Treppe;Bahnsteigdach
Bahnsteigstuetze TypWannsee 10m;Bahnsteigdach
Bahnsteigstuetze TypWannsee 10m 1St;Bahnsteigdach
Bahnsteigstuetze TypWannsee 13m;Bahnsteigdach,Wannsee
Bahnsteigstuetze TypWannsee 6m5;Bahnsteigdach,Wannsee
Binder;Büro,Mehrfamilienhaus,FassadeGelb,DachGrau
BrueckeDeisterstr;Brücke,Stahlbrücke
EUe Hastenbecker Weg;Brücke,Betonbrücke
EUe km50 1;Brücke,Betonbrücke
EUe km50 1 innen;Brücke,Stahlbrücke
EckhsKoppenstr1;Eckhaus,Stadthaus,FassadeZiegel,DachBraun
Fluthamelbruecke;Brücke,Stahlbrücke
Flutlicht;Lampe
Garage 5tlg;Garage
HamelnBf;Empfangsgebäude,FassadeGrau,DachBraun
HamelnGbf;Güterabfertigung,DachGrau,FassadeZiegel
HamelnStwHf;Stellwerk
HamelnerStr;Durchlass
HamelnerStrB1;Brücke,Stahlbrücke
HamelnerStrB1Widerlager li;Brücke,Widerlager
HamelnerStrB1Widerlager re;Brücke,Widerlager
HampelmannG1;Zugzielanzeiger
HampelmannG6;Zugzielanzeiger
HastenbeckerWeg4;Mehrfamilienhaus,Stadthaus,FassadeGelb,FassadeGrau,DachGrau
Heerstrasse;Brücke,Betonbrücke
Hinweisschild;Schild
Kuhlmannstr;Brücke,Betonbrücke
Lokleitung;Bahnbude,FassadeZiegel,DachGrau
Pavillon;Kiosk
Post;Post
Ringlokschuppen;Lokschuppen,FassadeZiegel,DachGrau
Scala;FassadeBeige,DachGrau,Disco
Schuppenanbau;Industrie,Bauernhof,FassadeZiegel,DachBraun
Sintermann;Stadthaus,Eckhaus,Gewerbe,FassadeGrau,DachBraun
Treppe 2m5 3m24;Treppe
Treppe 2m 4m14;Treppe
Tunnelstr li;Brücke,Betonbrücke
Tunnelstr re;Brücke,Betonbrücke
Verwaltung;Büro,FassadeZiegel,DachBraun
Waerterbude;Schuppen,Bahnbude,FassadeBeige,DachGrau
Wesermuehle;Industrie,Silo
BehrenserWeg alt;Brücke,Betonbrücke,Straßenbrücke
BessingerStr;Brücke,Betonbrücke,Straßenbrücke
CoppenbrueggeBf;Empfangsgebäude,FassadeBeige,DachSchwarz
Klinik;Krankenhaus,Stadthaus,Büro,Eckhaus,FassadeBeige,DachBraun
Leiter;Leiter
TankWeichenheizung;Tank
VoldagsenBf;Empfangsgebäude,FassadeBeige,DachGrau
Warnschild;Schild
Abbruchhaus2;FassadeBlau,Ruine,DachBraun,DachGrau
AuebrOsterwStr;Brücke,Betonbrücke,Straßenbrücke
AuebrueckeSchutz;Geländer
Bachbruecke;Durchlass
ElzerBackwarenBuero;Büro,Pförtner,FassadeBeige,DachBraun,DachRot
ElzerBackwarenHalle;Industrie,Bäckerei,FassadeBeige,DachGrau
HolzfabrikSilo;Silo
MehleBf;Empfangsgebäude,FassadeBraun,DachGrau
OsterwaldBf;Empfangsgebäude,FassadeBeige,DachBraun,DachRot
Bahnhofstr64;Mehrfamilienhaus,FassadeGrau,DachGrau,MitGarage
BahnsteigdachGl1;Bahnsteigdach
BahnsteigdachGl2;Bahnsteigdach
BahnsteigstuetzeGl1;Bahnsteigdach
BahnsteigstuetzeGl2;Bahnsteigdach
ElzeBf;Empfangsgebäude,FassadeBeige,DachGrau,DachSchwarz
ElzeGbf;Güterschuppen,FassadeZiegel,DachGrau
ElzeStwEf;Stellwerk,FassadeZiegel
Elze Riehebruecke 1821;Stahlbrücke,Stahlfachwerkbrücke
Fertigungshalle;Industrie,Halle,FassadeGrau,DachGrau
Leinebruecke km28 7;Brücke,Bogenbrücke,Stabbogenbrücke
Poppenburg;Burg,Schloss,FassadeBeige,DachRot
Portalkran;Kran
Raiffeisen;Raiffeisen,Silo
Riehe Gitterbogenbruecke;Brücke,Stahlbrücke,Bogenbrücke,Stabbogenbrücke
SaalebrGl1;Brücke,Stahlbrücke
SaalebrGl2;Brücke,Stahlbrücke
SaalebrGl3;Brücke,Stahlbrücke
Treppendach;Bahnsteigzugang,FassadeGrau,DachBraun
Unterstand;Dach
Waerterbude;Bahnbude,Schuppen,FassadeWeiss,DachSchwarz
Wartehaus;Wartehaus,FassadeZiegel
Wasserturm;Wasserturm,FassadeZiegel
Wehr;Stauwehr,Wasserbauwerk
Werkhalle;Industrie,FassadeBlau,DachGrau
Werkstatt;Industrie,FassadeGrau,DachGrau
Wiegehaus;Waage,Schuppen,FassadeZiegel,DachGrau
Bruecke Naab 2;Brücke,Fußgängerbrücke,Stahlfachwerkbrücke
Bruecke Naab Pfeiler 1;Pfeiler
Bruecke Naab Pfeiler 2;Pfeiler
Bruecke Naab Widerlager;Widerlager
NSDO EG;Empfangsgebäude,FassadeBeige,DachGrau
NSDO Edeka;Supermarkt,Edeka,DachBraun,FassadeWeiss,Kulisse
NSDO Gueterschuppen;Güterschuppen,FassadeZiegel,FassadeGrau,DachGrau
NSDO zu den Gleisen;Schild,CDC
NAS Stellwerk Asf;Stellwerk,FassadeBeige
NAS WAA Modulteststaende;Industrie,FassadeGrün
FKHM 01 Stellwerk;Stellwerk,FassadeZiegel,DachBraun
FKHM 02 Lokschuppen;Lokschuppen,FassadeZiegel,DachBraun
FKHM 03 IDS;Industrie,Spedition,FassadeGrau,DachGrau
FKHM 04 GLS Ost;Industrie,Spedition,GLS,FassadeWeiss,DachSchwarz
FKHM 04 GLS West;Industrie,Spedition,GLS,FassadeWeiss,DachSchwarz
FKHM 05 Erdungsschrank;Erdungsstange
FKHM 06 Unterwerk;Unterwerk,K8,FassadeBraun
FKHM 110kV A 25m;Freileitung,Hochspannung
FKHM 110kV A 38m;Freileitung,Hochspannung
FKHM 110kV A 41m;Freileitung,Hochspannung
FKHM 110kV A 41m 2;Freileitung,Hochspannung
FKHM 110kV T 25m;Freileitung,Hochspannung
FKHM 110kV T 31m;Freileitung,Hochspannung
FKHM 110kV T 39m;Freileitung,Hochspannung
FKHM 110kV T 41m;Freileitung,Hochspannung
FKHM 110kV T 45m;Freileitung,Hochspannung
FKHM 110kV T 45m 2;Freileitung,Hochspannung
FKHM 110kV T 51m;Freileitung,Hochspannung
FKHM 110kV T 52m;Freileitung,Hochspannung
Lampe Triangel am EG;Lampe
NRGF AMast Mittelspannung 1;Freileitung,Mittelspannung
NRGF AMast Mittelspannung 2;Freileitung,Mittelspannung
NRGF Bahnsteig Treppe 1;Treppe
NRGF Bahnsteig Treppe 2;Treppe
NRGF Bahnsteig Treppe 3;Treppe
NRGF Bruecke Regen;Brücke,Steinbrücke
NRGF EG;Empfangsgebäude,FassadeWeiss,DachSchwarz
NRGF EUe Diesenb;Brücke,Steinbrücke
NRGF Erdschluss Mittelspannung;Freileitung,Mittelspannung
NRGF FGU Schwanen Treppe;Treppe
NRGF Fahrradstaender;Fahrrad
NRGF Halterung FA;Signal
NRGF Kiessling 1;Industrie,Spedition,FassadeGrau,DachGrau
NRGF Kiessling 2;Industrie,Spedition,FassadeGrau
NRGF Kiessling 3;Industrie,Halle,FassadeGrau
NRGF Max Maurer Str;Einfamilienhaus,FassadeWeiss,FassadeHolz,DachGrau
NRGF Max Maurer Str 2;Mehrfamilienhaus,FassadeWeiss,FassadeHolz,DachGrau
NRGF REWE;Industrie,REWE,Supermarkt,FassadeGrau,DachGrau
NRGF Rathaus;Büro,Verwaltung,DachRot,DachBraun,FassadeBeige
NRGF TMast Mittelspannung;Freileitung,Mittelspannung
NRGF TMast Mittelspannung 2;Freileitung,Mittelspannung
NRGF Treppenabg;Bahnsteigabgang
TMast 110kV Regensburg-Ponholz 1;Freileitung,Hochspannung
TMast 110kV Regensburg-Ponholz 2;Freileitung,Hochspannung
TMast 220 110kV Regensburg Schwandorf;Freileitung,Hochspannung
TMast 3Ebenen 220 110kV Regensburg Schwandorf;Freileitung,Hochspannung
NWDF Bruecke Breitwiesstr;Brücke,Steinbrücke
Ausleger Sperrsignal;Signal
NMXH Bruecke Leonb;Brücke,Fußgängerbrücke
NMXH EG;Empfangsgebäude,FassadeGelb,FassadeBeige,DachBraun
NMXH Schild Aufzug links;Schild,CDC
NMXH Schild Aufzug rechts;Schild,CDC
NMXH Treppe;Bahnsteigabgang
KISB32 Gleistor;Gleistor
AMast 110kV Regensburg-Ponholz;Freileitung,Hochspannung
AMast 110kV Umspannwerk;Freileitung,Hochspannung
NPO Bruecke Oberhub;Brücke,Steinbrücke
NPO Bruecke Pirkensee;Brücke,Steinbrücke
KSIB01 Aggerbruecke Pfeiler Bahnstrecke;Pfeiler
KSIB01 Aggerbruecke Pfeiler Strasse;Pfeiler
KSIB02 Treppe;Treppe
KSIB03 EG;Büro,Hochhaus,FassadeWeiss
KSIB03 Feuerschutztreppe;Treppe
KSIB04 KKA20 A;Parkhaus,FassadeWeiss,FassadeGrau
KSIB04 KKA20 B;Parkhaus
KSIB05 Cineplex A;Kino,FassadeGelb,Stadthaus
KSIB05 Cineplex B;Kino
KSIB05 Cineplex Treppe;Treppe
KSIB06 Parkhaus Kreishaus;Parkhaus
KSIB07 Kreishaus;Hochhaus,Büro,Verwaltung,FassadeGrau
KSIB08 Berufskollegium;Schule,Büro,Verwaltung,FassadeZiegel
KSIB09 Berufsschule TypA;Schule,Büro,Verwaltung,FassadeBeige
KSIB09 Berufsschule TypB;Schule,Büro,Verwaltung,FassadeBeige
KSIB10 ARAL;Tankstelle
KSIB12 RSAG;Büro,Verwaltung,FassadeZiegel,DachSchwarz
KSIB13 Schule GLW IHK;Schule,Industrie,FassadeWeiss,DachGrau
KSIB14 Dachdecker HM;Industrie,Halle,Garage,FassadeZiegel
KSIB15 Arbeitsagentur;Verwaltung,FassadeGrau
KSIB16 SOK Market;Supermarkt,FassadeZiegel,DachBraun
KSIB17 Lidl;Supermarkt,DachRot
KSIB18 Wohnblock Mozartstrasse TypA2 2OG;Mehrfamilienhaus,Reihenhaus,FassadeBeige,DachGrau,Flachdach
KSIB18 Wohnblock Mozartstrasse TypA2 4OG;Mehrfamilienhaus,Reihenhaus,FassadeBeige,DachGrau,Hochhaus,Flachdach
KSIB18 Wohnblock Mozartstrasse TypA2 6OG;Mehrfamilienhaus,Reihenhaus,FassadeBeige,DachGrau,Hochhaus,Flachdach
KSIB18 Wohnblock Mozartstrasse TypA3 2OG;Mehrfamilienhaus,Reihenhaus,FassadeBeige,DachGrau,Flachdach
KSIB18 Wohnblock Mozartstrasse TypA 2OG;Mehrfamilienhaus,Reihenhaus,FassadeBeige,DachGrau,Flachdach
KSIB18 Wohnblock Mozartstrasse TypA 3OG;Mehrfamilienhaus,Reihenhaus,FassadeBeige,DachGrau,Flachdach
KSIB18 Wohnblock Mozartstrasse TypA 4OG;Mehrfamilienhaus,Reihenhaus,FassadeBeige,DachGrau,Hochhaus,Flachdach
KSIB18 Wohnblock Mozartstrasse TypA 6OG;Mehrfamilienhaus,Reihenhaus,FassadeBeige,DachGrau,Hochhaus,Flachdach
KSIB18 Wohnblock Mozartstrasse TypB 8OG;Mehrfamilienhaus,Reihenhaus,FassadeBeige,DachGrau,Hochhaus
KSIB18 Wohnblock Mozartstrasse Uebergang;Mehrfamilienhaus,Reihenhaus
KSIB19 KOHR A;Stadthaus,Mehrfamilienhaus,Gewerbe,FassadeBeige,DachSchwarz
KSIB19 KOHR B;Industrie,FassadeBeige
KSIB19 KOHR Halle;Industrie,Garage,FassadeGrau,DachGrau
KSIB20 Siegmed;Stadthaus,Gewerbe,Büro,Verwaltung
KSIB20 Siegmed Parkhaus;Parkhaus,FassadeWeiss
KSIB20 Siegmed Parkhaus Einfahrt;Schild
KSIB20 Siegmed Parkhaus Lueftungsrohr;Schornstein
KSIB20 Siegmed Schild Tiefgarage;Schild
KSIB21 Pumpenwerk;Wasserwerk,FassadeBeige,DachGrau,Schuppen
KSIB22 Wilhelmstr 66;Mehrfamilienhaus,Hochhaus,FassadeBeige
KSIB23 Wilhelmstr 64;Mehrfamilienhaus,FassadeBeige,DachBraun,Reihenhaus
KSIB24 Wilhelmstr 62;Mehrfamilienhaus,Stadthaus,FassadeBeige,DachGrau,DachSchwarz
KSIB25 Wilhelmstr 68 A;Mehrfamilienhaus,Stadthaus,Reihenhaus,FassadeBeige,DachGrau
KSIB25 Wilhelmstr 68 B;Mehrfamilienhaus,Reihenhaus,FassadeBeige,DachGrau,Stadthaus
KSIB26 Wilhelmstr 60;Mehrfamilienhaus,Stadthaus,FassadeBeige,DachBraun,Reihenhaus,Gewerbe
KSIB27 Wilhelmstr 58;Mehrfamilienhaus,Stadthaus,FassadeOrange,Reihenhaus,DachBraun,Gewerbe
KSIB28 Holzland;Industrie,GrundrissDreieck,FassadeWeiss
KSIB29 Bahnstrom Umspanner;Trafo,Bahnstrom,Unterwerk
KSIB29 Bahnstrom Umspanner Standplatz;Trafo,Bahnstrom,Unterwerk
KSIB30 OBI Baustoffhalle;Baumarkt,FassadeOrange
KSIB30 OBI Gartencenter;Baumarkt,FassadeOrange
KSIB30 OBI Hauptgebaeude A;Baumarkt,FassadeOrange
KSIB31 Michaelsberg;Schloss
KSIB32 Gleistor Siegwerk Fassung;Gleistor
KSIB33 Siegwerk Gebaude G;Industrie,FassadeWeiss,DachSchwarz,Büro
KSIB33 Siegwerk Gebaude H;Industrie,FassadeZiegel,DachBraun
KSIB33 Siegwerk Torwest;Pförtner,FassadeZiegel,DachSchwarz
KSIB34 Fluchttreppe;Treppe
KSIB35 Gueteraufzug Gitterbahn;Aufzug,Turm
KSIB35 Gueteraufzug Korb;Aufzug
KSIB35 Gueteraufzug Tuer;Aufzug
KSIB36 Bauwerk km228 Gelaender;Geländer
KSIB36 Bauwerk km235 Gelaender;Geländer,Lärmschutz
KSIB36 Bstg Gelaender 2651 24256;Geländer
KSIB36 Bstg Gelaender 2651 24292;Geländer
KSIB36 Bstg Gelaender 2690 23330;Geländer
KSIB36 Bstg Gelaender 2690 23330 2;Geländer
KSIB36 Bstg Gelaender 2690 26000;Geländer
KSIB38 Bstg Gelaender 15m;Geländer
KSIB38 Bstg Gelaender 16m;Geländer
KSIB38 Bstg Gelaender 18m;Geländer
KSIB38 Bstg Gelaender 20m;Geländer
KSIB38 Bstg Gelaender 39m;Geländer
KSIB38 Zwiesel Dachsegment 8m 3000;Bahnsteigdach
KSIB38 Zwiesel Dachsegment 8m 3000 Halb;Bahnsteigdach
KSIB38 Zwiesel Endsegment 4m 3000;Bahnsteigdach
KSIB38 Zwiesel Spezial Gl2 Gl3;Bahnsteigdach
KSIB38 Zwiesel Spezial Gl2 Gl3 Steg;Bahnsteigdach
KSIB38 Zwiesel Spezial Gl3;Bahnsteigdach
KSIB38 Zwiesel Stuetze E 76;Bahnsteigdach
KSIB38 Zwiesel Stuetzsegment 1m 3000;Bahnsteigdach
KSIB38 Zwiesel Stuetzsegment 1m 3000 Halb;Bahnsteigdach
KSIB39 Porenbetonaumer;Mauer
KSIB40 Schild Bremsweg 800m;Schild
KSIB40 Schild Bremsweg 900m;Schild
A1;Industrie,Zuckerfabrik,FassadeZiegel
B1;Industrie,Zuckerfabrik,Zementwerk,Förderband
B2;Industrie,Zuckerfabrik
B3;Industrie,Zuckerfabrik
B4;Industrie,Zuckerfabrik,FassadeGrau
B5;Industrie,Zuckerfabrik,Zementwerk
Bbez;FassadeZiegel,DachSchwarz,Industrie
Bunker;Bunker
C1;Industrie,Zuckerfabrik
C2;Industrie,Zuckerfabrik
C3;Industrie,Zuckerfabrik,Tank,FassadeGrau,DachSchwarz
C4;Industrie,Zuckerfabrik,FassadeGrau
C5;Industrie,Zuckerfabrik,FassadeZiegel
D1;Industrie,Zuckerfabrik,Schornstein
D2;Industrie,Zuckerfabrik,FassadeGrau
Durchlass km26 2;Durchlass
Durchlass km50 0;Durchlass
Fahrkartenausgabe;Empfangsgebäude,FassadeZiegel,DachBraun,DachSchwarz,FassadeFachwerk
Hauptstr100;Eckhaus,Gewerbe,FassadeZiegel,DachRot,DachBraun,Mehrfamilienhaus
Hauptstr101;Mehrfamilienhaus,FassadeZiegel,DachRot,DachBraun
Hauptstr102;Mehrfamilienhaus,FassadeZiegel,DachRot,DachBraun,Gewerbe
Hauptstr103;Einfamilienhaus,DachRot,DachBraun,Gewerbe,FassadeZiegel,FassadeGrau
Hauptstr104;Einfamilienhaus,Gewerbe,FassadeZiegel,DachSchwarz
Hauptstr105;Gasthaus,FassadeGrau,DachGrau,DachSchwarz
Hauptstr106;Einfamilienhaus,FasssadeZiegel,DachBraaun,Gewerbe
Hauptstr107;Mehrfamilienhaus,Gewerbe,FassadeZiegel,DachSchwarz
Hauptstr109;Einfamilienhaus,Gewerbe,DachGrau,DachSchwarz
Hauptstr94;Bauernhof,FassadeBeige,DachRot,Dreiseithof
Hauptstr97;Mehrfamilienhaus,Doppelhaus,FassadeZiegel,FassadeBeige,DachGrau,MitGarage
HinweisschildAbgang1;Schild,Gleis2,Gleis3
HinweisschildAbgang2;Schild,Gleis1,Gleis11,Gleis12,Gleis13
HinweisschildGl1;Schild,Gleis2,Gleis3,Gleis11,Gleis12,Gleis13
HinweisschildGl11;Schild,Gleis1,Gleis2,Gleis3,Gleis12,Gleis13
Kohle;Schüttgut,Haufwerk
Marienbergstr1;Stadthaus,Eckhaus,Gewerbe,FassadeOrange,DachGrau
Marienbergstr2;Einfamilienhaus,Villa,FassadeWeiss,DachRot
Marienburg;Schloss
NordstemmenBf;Empfangsgebäude,FassadeZiegel,DachGrau
Personalunterfuehrung;Bahnsteigzugang
Posten26;Stellwerk,FassadeZiegel,DachGrau
Posten28;Schrankenposten,DachGrau
Rampe Bahnhof;Bahnsteigzugang
Rathausstrasse;Brücke,Straßenbrücke,Betonbrücke
Roessingbach Bahn;Durchlass
Silo Gleis;Silo,FassadeBeige
Silo Hinterland;Silo,Fassadebeige
StellwerkNf;Stellwerk,FassadeZiegel,DachGrün
Stuetzturm;Zuckerfabrik,Zementwerk,Förderband
Turm;Industrie
Zuckerrueben;Schüttgut,Haufwerk
Bruecke 24 5;Brücke,Stahlbrücke,Fischbauchbrücke
Bruecke 26 1;Brücke,Stahlbrücke
EG Uetze;Empfangsgebäude,FassadeBeige,DachRot
Kopframpe;Laderampe
NG Uetze;Schuppen,FassadeBeige,DachRot
StrassenBrueckeNebenarm;Durchlass
Viadukt 25 2;Brücke,Steinbrücke,Stahlbrücke
Friedland 01 EG;Empfangsgebäude,DachGrau,DachSchwarz,FassadeZiegel
Friedland 02 Stellwerk;Stellwerk,FassadeZiegel,DachSchwarz
Friedland 03 GS;Güterschuppen,FassadeSchwarz
Hsh01 Stellwerk;Stellwerk,FassadeBeige,DachGrau
Hsh02 Bahnsteigabgang1;Bahnsteigabgang
Hsh02 Bahnsteigabgang2;Bahnsteigabgang
Hsh02 Bahnsteigdach 142m;Bahnsteigdach
Hsh03 Aufzugsturm;Aufzug,Schachtgerüst
Hsh03 Bahnsteigdach;Bahnsteigabgang
Hsh03 Rohrleitungsbruecke;Rohrleitung
Hsh03 Rohrleitungsbruecke Stuetze;Pfeiler,Rohrleitung
Hsh03 ServiceStore;Kiosk
Hsh03 Treppe Sued;Treppe
Hsh03 Treppenhaus Fernbahn;Treppe
Hsh03 Zugang Nord Dach;Bahnsteigzugang
Hsh03 Zugang Sued Dach;Bahnsteigzugang
Hsh04 Bahnsteigdach 46m;Bahnsteigdach
Hsh04 Bahnsteigzugang;Treppe
Hsh04 S-Wuerfel;S-Bahn
Hsh05 Gehrenseebruecke Pfeiler;Pfeiler
Hsh05 Hohenschhsn Pfeiler x2;Pfeiler
Hsh05 Hohenschhsn Pfeiler x3;Pfeiler
Hsh05 Hohenschhsn Pfeiler x4;Pfeiler
Hsh05 Hohenschhsn Pfeiler x5;Pfeiler
Hsh06 WBS AmBreitenLuch2-12;Hochhaus,Kulisse
Hsh06 WBS EgonErwinKischStr3-29;Hochhaus,Kulisse,FassadeWeiss
Hsh06 WBS EgonErwinKischStr31-35;Hochhaus,Kulisse
Hsh06 WBS EgonErwinKischStr67-77;Hochhaus,Kulisse
Hsh06 WBS EgonErwinKischStr81-99;Hochhaus,Kulisse
Hsh06 WBS FalkenbergerChaussee91;Hochhaus,Kulisse
Hsh06 WBS NeubrandenburgerStr6-28;Hochhaus,Kulisse
Hsh06 WBS PabloPicassoStr13-25;Hochhaus,Kulisse
Hsh06 WBS PabloPicassoStr27-54;Hochhaus,Kulisse
Hsh06 WBS PabloPicassoStr 1-11;Hochhaus,Kulisse
Hsh06 WBS Randowstr40-52;Hochhaus,Kulisse
Hsh06 WBS WarnitzerStr27-33;Hochhaus,Kulisse
Hsh06 WBS WustrowerStr15-25;Hochhaus,Kulisse
Hsh06 WBS WustrowerStr43-53;Hochhaus,Kulisse
Hsh06 WBS WustrowerStr6;Hochhaus,Kulisse
Hsh06 WBS WustrowerStr7-13;Hochhaus,Kulisse
Plakat BerlinPartner;Reklame
Plakat DitIsBerlin;Reklame
Plakat Prost;Reklame
Plakat Residualdruck;Reklame
Plakat Zonengrenze;Reklame
WuhlhRbf 10 KoetztingerStrasse34-40;Hochhaus,Kulisse
WuhlheideRbf 01 Stw B1;Stellwerk,FassadeBeige,DachSchwarz
WuhlheideRbf 02 Stw W2;Stellwerk,FassadeGrau,DachGrau
WuhlheideRbf 03 Stw R3;Stellwerk,FassadeGrau,FassadeWeiss,DachSchwarz
WuhlheideRbf 06 Stw W6;Stellwerk
WuhlheideRbf 07 Zugabfertigung Nord;Industrie,Werkstatt,Schuppen,FassadeWeiss,DachGrau
WuhlheideRbf 08 Stw B8;Stellwerk,FassadeGelb
WuhlheideRbf 09 Widerlager StralsunderKurve;Widerlager
WuhlheideRbf 11 Bremserhaus;Stellwerk,FassadeBeige,DachGrau
Achtungschild;Schild
AlterTurm;Turm
Brueckenstrasse;Brücke,Betonbrücke,Straßenbrücke
EBR Dikebast;Betonbrücke,Brücke
EBR Schafangerweg;Brücke,Betonbrücke
EBR Wenderter Str;Brücke,Betonbrücke
EBR Wirtschaftsweg;Brücke,Betonbrücke
Fluchttuer;Lärmschutz
Innerstebruecke;Brücke,Steinbrücke
SarstedtBf;Empfangsgebäude,FassadeBeige,DachSchwarz
StellwerkSf;Stellwerk,FassadeBeige,DachGrau
Widerlager Kreuzungsbauwerk 1732;Widerlager
Abspannmast Kreuz 1;Freileitung,Hochspannung
Abspannmast Kreuz 2;Freileitung,Hochspannung
AmBahnhof3;Mehrfamilienhaus,FassadeGrau,DachBraun
Durchlass km12 6;Brücke,Betonbrücke,Durchlass
Hildesh250 Garage;Schuppen,FassadeWeiss,DachGrau
HildesheimerStr250;Einfamilienhaus,FassadeZiegel,FassadeWeiss,DachGrau,DachSchwarz
Mastfuss;Fahrleitung
Maststuetze;Fahrleitung
Meineckestr10;Industrie,FassadeWeiss,FassadeGrau,DachGrau,DachWeiss
Meineckestr12a;Einfamilienhaus,Villa,FassadeGrau,DachRot
Meineckestr14;Industrie,FassadeZiegel
Meineckestr20;Silo,FassadeWeiss
Meineckestr8;Büro,Verwaltung,FassadeBraun,DachGrau
Pfeiler 10m75 3m25;Pfeiler
Pfeiler 11m5 3m25;Pfeiler
Pfeiler 1m5 1m75;Pfeiler
Pfeiler 3m4 3m25;Pfeiler
Pfeiler 3m65 3m25;Pfeiler
Pfeiler 5m75 3m25;Pfeiler
Pfeiler 7m5 3m25;Pfeiler
Pfeiler 8m25 3m25;Pfeiler
Pfeiler 9m25 3m25;Pfeiler
RethenBf;Empfangsgebäude,FassadeBeige,DachBraun
StellwerkRf;Stellwerk,FassadeBeige
UestraBahnsteig;Straßenbahn
UestraBahnsteigleuchte doppelt;Lampe
UestraBahnsteigleuchte einfach;Lampe
UestraMast;Fahrleitung,Straßenbahn
UestraMastausleger kurz;Fahrleitung,Straßenbahn
UestraMastausleger lang;Fahrleitung,Straßenbahn
Uestra Signalblende;Straßenbahn
Widerlager Krbw1732;Widerlager
Zuckerhaus;Stadthaus,Mehrfamilienhaus,FassadeZiegel,DachRot
10 Bstg Blende 1;Bahnsteigdach
10 Bstg Blende 730;Bahnsteigdach
10 Bstg Teil 1;Bahnsteigdach
10 Bstg Teil 2;Bahnsteigdach
11 Bstg-Niedergang;Bahnsteigabgang
12 Stw Waf;Stellwerk,FassadeZiegel
20 Bruecke km-17-7;Brücke,Viadukt,Steinbrücke
30 FA-MGruppe-Halle-1;Industrie,FassadeGrau,DachGrau
30 FA-MGruppe-Halle-2;Industrie,Halle,FassadeBlau,DachGrau
30 Industrie-K-1-1;Industrie,FassadeZiegel,DachGrau
30 Industrie-K-1-2;Industrie,FassadeZiegel,DachGrau
30 Industrie-K-1-3;Industrie,Kulisse,FassadeGrau,DachGrau,Halle
30 Industrie-K-1-4;Industrie,FassadeGrau,DachGrau,Halle
30 Thyssen-Halle-1;Industrie,FassadeZiegel,DachGrau
30 Thyssen-Halle-2;Industrie,FassadeZiegel,zweistöckig
30 Thyssen-Halle-3;Industrie,FassadeZiegel,zweistöckig
30 Thyssen-Halle-4;Industrie,FassadeZiegel,dreistöckig
30 Thyssen-Halle-5;Industrie,FassadeZiegel,dreistöckig
30 Thyssen-Turm-3;Industrie,Turm,FassadeZiegel
30 Witten-A-N-Futterhaus;Industrie,Kulisse,FassadeGrau
30 Witten-A-N-VEW;Industrie,Werkstatt,GrundrissDreieck,FassadeGrau,DachGrau
30 Witten-Annen-Nord-Fa-ARDEX-H-Haus-2;Industrie,FassadeGtrau
30 Witten-Annen-Nord-Fa-ARDEX-H-Haus;Hochhaus,Büro,Verwaltung,FassadeBlau
40 WBlock-3;Mehrfamilienhaus,Stadthaus,Reihenhaus,FassadeRot,FassadeGelb,DachRot,DachSchwarz
40 WBlock-5;Stadthaus,Eckhaus,DachSchwarz,FassadeRot,Reihenhaus
41 Annenstr-Tedi;Supermarkt,FassadeZiegel,Parkhaus
20 Krueckenweg-154;Hochhaus,FassadeGrau,Kulisse,FassadeRot
20 Krueckenweg-152;Hochhaus,FassadeGrau,Kulisse,FassadeRot
20 Baroper Bf-Str-Wh-5;Zweifamilienhaus,FassadeGrau,DachBraun
20 Baroper Bf-Str-Wh-3;Zweifamilienhaus,FassadeGelb,DachBraun
20 Baroper Bf-Str-Wh-1;Mehrfamilienhaus,FassadeGrau,DachSchwarz
10 WHalle-1;Industrie
02 Do Barop-Stw;Stellwerk
01 Do Barop-Bstg Gl-1-2-Dach;Bahnsteigdach
01 Do Barop-Bstg-Niedergang-links-komplett;Bahnsteigdach,Bahnsteigabgang
01 Do Barop-Bstg-Nieder-rechts;Bahnsteigabgang
20 Krueckenweg-158;Hochhaus,FassadeGrau,Kulisse,FassadeRot
20 Krueckenweg-160;Hochhaus,FassadeGrau,Kulisse,FassadeRot
20 Stockumer-230a;Werkstatt,FassadeGrau
Hoppecke03 BHof101a;Bauernhof,DachBraun,DachRot,FassadeGrau
Dortmunderfeld Wsb;Stellwerk,FassadeBraun
NR 10 FaMiebach Verwaltung-1;Industrie,DachSchwarz,Büro,FassadeZiegel
NR 11 FaMiebach Halle-1;Industrie,FassadeGrau
NR 11 FaMiebach Halle-2;Industrie,FassadeGrau,DachGrau
NR 11 FaMiebach Halle-3;Industrie,FassadeZiegel
NR 11 FaMiebach Halle-4;Industrie,Kulisse
NR 12 FaMiebach Anbau-1;Industrie,Büro,FassadeZiegel
NR 12 FaMiebach Anbau-2;Industrie
NR 12 FaMiebach Anbau-3;Industrie,FassadeZiegel
NR 12 FaMiebach Anbau-3b;Industrie,FassadeWeiss
NR 12 FaMiebach Anbau-4;Industrie,FassadeZiegel
NR 19 Bachkanal-Eingang;Durchlass
NR 20 RE Buero-1;Industrie,Büro,FassadeZiegel
NR 20 RE DreKra-3er-Sta-3m-strost;Industrie,Ladegut
NR 20 RE DreKra-3er-Sta-4m-stblau;Industrie,Ladegut
NR 20 RE Halle-1;Industrie,Kulisse,FassadeWeiss
NR 20 RE Halle-1a;Industrie,FassadeWeiss
NR 20 RE Halle-1b;Industrie,FassadeWeiss
NR 20 RE Halle-2;Industrie,FassadeWeiss
NR 20 RE Halle-3;Industrie,FassadeGrau,DachSchwarz
NR 20 RE Halle-4;Industrie,FassadeWeiss
NR 20 RE Halle-4b;Industrie,FassadeWeiss
NR 20 RE Halle-4c;Industrie,FassadeWeiss
NR 20 RE SG-Stapel-Vormat-1m-12m-stblau;Industrie,Ladegut
NR 20 RE SG-Stapel-Vormat-1m-12m-strost;Ladegut
NR 20 RE Verwaltung-1;Industrie,Zeche,FassadeZiegel,Büro
NR 20 RE Verwaltung-2;Industrie,Zeche,FassadeZiegel,DachSchwarz
NR 20 RE WStatt-1;Industrie,Werkstatt,FassadeGrau,DachSchwarz
Portalkran;Kran
Portalkran kurz;Kran
Sigbrk-4gl;Signal,Signalbrücke
NR 10 F Bruecke Stuetze km-172-4;Pfeiler,Rohrleitung
NR 10 F Bruecke km-172-4;Rohrleitung,Brücke
NR 11 Ph West Gebaeude-1;Industrie,FassadeZiegel,DachRot
NR 11 Ph West Gebaeude-2;Industrie,FassadeZiegel,DachBraun
NR 13 Ph West Ho Cowper-1;Industrie,Stahlwerk
NR 13 Ph West Ho Gicht-Beladung-1;Industrie,Stahlwerk
NR 13 Ph West Hochofen-1;Stahlwerk
NR 14 Institut-1-3-Stock;Büro,Verwaltung,FassadeBlau
NR 14 Institut-1-4-Stock;Büro,Verwaltung,FassadeBlau
NR 14 Institut-1;Büro,Verwaltung,FassadeBlau
NR 14 Institut-1b;Büro,FassadeBeige
NR 15 MPG-Anbau-1;Büro,Verwaltung,FassadeGrau
NR 15 MPG-Gesamt;Büro,Verwaltung,Schule,FassadeGrau
NR 16 T-Turm;Büro
NR 16 Turnhalle;Sport,Turnhalle,FassadeZiegel
NR 18 Wh-1;Mehrfamilienhaus,FassadeBeige,Hochhaus,Flachdach
NR 19 P-Residenz;Büro,FassadeWeiss,FassadeGrau
NR 20 Schuppen 2;Schuppen,Garage
NR 21 Bachkanal-Eingang;Durchlass
NR 21 Bauwerk;Durchlass
NR 22 Viadukt;Viadukt,Steinbrücke
NR 23 Stuetze-kurz-Verlaengerung;Rohrleitung,Pfeiler
NR 23 Stuetze-kurz;Rohrleitung
NR 23 Stuetze-lang;Rohrleitung
NR 25 Stadion-RE;Stadion
NR 26 UF Ardeystr;Brücke,Betonbrücke
NR 31 Stadion-WM;Stadion
Pfeiler-750er-Ziegel;Pfeiler
Roehre--20m-1;Rohrleitung
Roehre--50m-1;Rohrleitung
Roehre--Kruemmer-10-Grad;Rohrleitung
Roehre--Kruemmer-30-Grad;Rohrleitung
Rosdorf05 Fussballplatz 100x70;Sport,Sportplatz,Fußball
Widerlager-750er-Ziegel;Widerlager
Springpfuhl 01 Backshop;Kiosk
Springpfuhl 01 Bahnsteigabgang KMS;Bahnsteigabgang
Springpfuhl 01 Bahnsteigdach;Bahnsteigdach
Springpfuhl 01 Bahnsteigdach KMS;Bahnsteigdach
Springpfuhl 03 AdK47;Industrie,Kulisse,FassadeWeiss
Springpfuhl 03 Alba;Industrie,Kulisse,FassadeWeiss
Springpfuhl 03 FrankZappaStr16;Hochhaus,Kulisse,FassadeBeige
Springpfuhl 03 HeleneWeigelPlatz13;Hochhaus,Kulisse,FassadeGelb
Springpfuhl 03 MaerkischeAllee162;Hochhaus,Kulisse,FassadeGelb
Springpfuhl 03 MaerkischeAllee171;Industrie,Kulisse
Springpfuhl 03 MarzahnerChaussee231;Kulisse,Büro,Verwaltung,FassadeZiegel,DachGrau
Springpfuhl 03 MeeranerStr11;Industrie,Kulisse
Springpfuhl 03 NVZ1;Industrie,Kulisse,Supermarkt
Springpfuhl 03 NVZ2;Industrie,Kulisse,Supermarkt
Springpfuhl 03 ORWOhaus;Hochhaus,Kulisse
Springpfuhl 03 Poco;Industrie,Kulisse,Möbelhaus
Springpfuhl 03 Poelchaustr2-4;Hochhaus,Kulisse,FassadeWeiss
Springpfuhl 03 Polizei;Büro,Verwaltung,Kulisse,FassadeWeiss
Springpfuhl 04 KrBw;Kreuzungsbauwerk
Springpfuhl 04 Ueberbau 110m;Brücke,Stahlbrücke
BiesdKr 01 Stellwerk;Stellwerk
BiesdKr 02 Bahnsteigdach;Bahnsteigdach
BiesdKr 02 Bahnsteigzugang Ost;Bahnsteigzugang,Bahnsteigabgang
BiesdKr 02 Zugangsbruecke;Brücke,Fußgängerbrücke,Bahnsteigzugang
BiesdKr 03 P3;Stellwerk,Schrankenposten,FassadeBeige
BiesdKr 04 AdK60-62;Hochhaus,Kulisse
BiesdKr 04 Altfriedrichsfelde68;Hochhaus,Kulisse,FassadeWeiss
BiesdKr 04 GensingerStr53;Kulisse,Reihenhaus,Stadthaus,Mehrfamilienhaus,FassadeWeiss,Hochhaus
BiesdKr 04 GensingerStr65b;Hochhaus,Kulisse,FassadeWeiss
BiesdKr 04 GensingerStr88-98;Hochhaus,Kulisse,FassadeWeiss
BiesdKr 04 Hoeffner;Kulisse,Möbelhaus,Industrie
BiesdKr 04 Hornbach;Kulisse,Baumarkt
BiesdKr 04 MaerkAllee40-66;Kulisse,Hochhaus
BiesdKr 04 Sconto;Kulisse,Industrie,Möbelhaus
BiesdKr 04 SeddinerStr22;Gewerbe,Kulisse,FassadeGelb
BiesdKr 05 HKW Kesselhaus;Kraftwerk,Kulisse
BiesdKr 05 HKW Schornstein 1 169m;Schornstein
BiesdKr 06 Balkenbruecke 6011;Stahlbrücke
BiesdKr 06 Balkenbruecke 6070;Stahlbrücke
BiesdKr 06 Balkenbruecke 6070 Wuhlheide;Stahlbrücke
BiesdKr 06 Balkenbruecke 6080;Stahlbrücke
BiesdKr 06 Balkenbruecke Pfeiler;Pfeiler
BiesdKr 06 Durchlass Strecke 6077;Durchlass
BiesdKr 06 KrBw S-Bahn;Kreuzungsbauwerk
BiesdKr 06 KrBw Suedost;Kreuzungsbauwerk
BiesdKr 06 Stahltraegerbruecke 20m;Stahlbrücke
BiesdKr 06 Stahltraegerbruecke 20m Randweg;Brücke
BiesdKr 06 Widerlager 6011;Widerlager
BiesdKr 07 DHL 1;Post,Briefzentrum,Paketzentrum
BiesdKr 07 DHL 2;Post,Briefzentrum,Paketzentrum
AdendorfBf;Empfangsgebäude,DachGrau,FassadeZiegel
Elbe-Seitenkanal;Stahlbrücke,Stahlbogenbrücke,Bogenbrücke
Elbe-Seitenkanal innen;Brücke
Schiffshebewerk;Kanal,Schleuse
DB Schild;Schild
EchemBf;Empfangsgebäude,FassadeZiegel,DachGrau
EchemStwEf;Stellwerk,FassadeRot
NRWU EG;Empfangsgebäude,FassadeGelb,DachBraun
NRWU HCR Halle;Industrie,Unterstand,Carport,FassadeGrün,DachBraun
NRWU HCR Turm;Silo
NRWU Hofer Str 12 1;Industrie,Halle,FassadeGrau,DachGrau
NRWU Hofer Str 12 2;Industrie,Halle,FassadeGrau,DachGrau
NRWU Hofer Str 14;Industrie,FassadeGrau,DachGrau
NRWU Hofer Str 22;Industrie,Spedition,FassadeGrau,DachGrau
NRWU Hofer Str 8;Industrie,Büro,FassadeGrau
NRWU Muellumladestation;Industrie,FassadeBraun,DachBraun
NRWU Treppe CoburgerStr;Treppe
NRWA Baltenstr 26;Hochhaus,FassadeBeige
NRWA Baltenstr 28;Hochhaus,FassadeBeige
NRWA Baltenstr 30;Hochhaus,FassadeBeige
NRWA Baltenstr 32;Hochhaus,FassadeBlau
NRWA Betonwerk 1;Industrie,Silo
NRWA Betonwerk 2;Silo
NRWA Betonwerk 3;Industrie,FassadeGrau,DachSchwarz
NRWA EBR DonaustauferStr;Steinbrücke
NRWA EG;Empfangsgebäude,FassadeBeige,DachBraun
NRWA Gelaender 6;Geländer
NRWA Gueterschuppen;Güterschuppen,FassadeBeige,DachRot
NRWA Pfeiler BrandlbergerBr;Pfeiler
NRWA Treppe Brandlberger Bruecke;Treppe
NRWA Walhalla Kalk 1;Industrie,Kulisse,Kalksteinbruch
NRWA Walhalla Kalk 2;Industrie,Kulisse,Kalksteinbruch
NRWA Walhalla Kalk 3;Industrie,Kulisse,Kalksteinbruch
NRWA Walhalla Kalk 4;Industrie,Kulisse,Kalksteinbruch
NRWA Walhalla Kalk 5;Industrie,Kulisse,Kalksteinbruch
NRWA Walhalla Kalk 6;Industrie,Kulisse,Kalksteinbruch
Bahnhofswirtschaft;Gasthaus,FassadeGrau,DachRot
DurchlassKM32 7;Durchlass
DurchlassKM32 7 Weg;Durchlass
EG Wipshausen;Empfangsgebäude,FassadeGrau,DachRot
Ersestrasse52;Bauernhof,FassadeZiegel,DachRot
Ersestrasse56;Industrie,FassadeGrau,DachRot,Raiffeisen,Silo
Feld 01;Bauernhof,Feld,Spargel
Feld 02;Bauernhof,Feld,Spargel
Feld 03;Bauernhof,Feld,Spargel
Feld 04;Bauernhof,Feld,Spargel
Feld 05;Bauernhof,Feld,Spargel
Feld 06;Bauernhof,Feld,Spargel
Feld 07;Bauernhof,Feld,Spargel
Feld 08;Bauernhof,Feld,Spargel
WipshausenNG;Güterschuppen,FassadeGrau,DachRot
Betonrohr;Durchlass
DurchlassGrabenBeton;Durchlass
EG Wense;Empfangsgebäude,FassadeGrau,DachRot
WenseNG;Güterschuppen,Schuppen,FassadeGrau,DachRot
Alte Fabrik;Industrie,FassadeBeige,DachGrau,DachSchwarz
Anbau Gs;Schuppen,FassadeZiegel
Ausgang li;Schild,CDC
Ausgang re;Schild,CDC
Bahnwaerterhaus;Stellwerk,FassadeZiegel
Bellevue;Mehrfamilienhaus,Stadthaus,FassadeZiegel,DachGrau
Fuldabruecke;Brücke,Betonbrücke,Bogenbrücke,Betonbogenbrücke
Gelaender 1344 E;Zaun,Geländer
Gelaender 1344 M;Zaun,Geländer
Gueterhalle;Industrie,Güterschuppen,FassadeWeiss,DachGrau
Guntershausen EG;Empfangsgebäude,FassadeBeige,DachGrau,DachSchwarz
Halbe Steinbruecke;Brücke,Steinbrücke
Haupthaus;Bahnbude,Büro,FassadeZiegel,DachGrau
Nebengebauede;Schuppen,FassadeBeige,DachSchwarz
Nebenhaus;Bahnbude,Büro,FassadeZiegel,DachGrau
Pfeilerfuss 1;Pfeiler
Pfeilerfuss 2;Pfeiler
Schild Ost li;Schild,CDC
Schild Ost re;Schild,CDC
Schild West li;Schild,CDC
Schild West re;Schild,CDC
Schuppen;Schuppen,Bahnbude,FassadeZiegel,DachGrau,DachSchwarz
Sportplatzhuette;Sport,Sportplatz,FassadeGrau,DachGrau
Steinbruecke;Brücke,Steinbrücke
Stellwerk Gm;Stellwerk,FassadeZiegel,DachGrau
Stellwerk Gs;Stellwerk,FassadeZiegel,DachGrau
Stellwerk Guf;Stellwerk,FassadeBeige,DachGrau
Strassenbruecke;Brücke,Betonbrücke
Unterfuehrung Bahnsteig;Bahnsteigabgang,Bahnsteigzugang
Unterfuehrung Weg;Bahnsteigabgang,Bahnsteigzugang
Wohnhaus 1;Mehrfamilienhaus,FassadeZiegel,DachGrau
Wohnhaus 2;Zweifamilienhaus,FassadeWeiss,FassadeGrau,DachGrau
Brueckenrahmen;Brücke,Steinbrücke
Gleis1-2;Schild,Gleis1,Gleis2
Guntershausen;Güterschuppen,FassadeFachwerk,DachGrau
Guxhagen EG;Empfangsgebäude,FassadeBeige,DachGrau
Guxhagen Nordportal;Tunnel,Tunnelportal
Guxhagen Suedportal;Tunnel,Tunnelportal
Guxhagen Suedportal Links;Tunnel,Tunnelportal
Lagerhalle 1;Raiffeisen,FassadeBeige,DachBraun,DachGrau
Lagerhalle 2;Raiffeisen,FassadeBeige,DachGrau,DachBraun
Pfeiler Nordportal;Tunnelportal
Pfeiler Suedportal;Tunnel,Tunnelportal
Raiffeisen Anbau;Mehrfamilienhaus,FassadeBeige,DachGrau
Raiffeisen Haus;Raiffeisen,FassadeBeige,DachGrau
Bruecke B5;Stahlbrücke,Stahlfachwerkbrücke,Straßenbrücke,Brücke
Bruecke Dorfstr;Brücke,Steinbrücke
EUe Stecknitz;Brücke,Betonbrücke
Elbbr Flutbruecke;Stahlbrücke,Brücke
Elbbr Ueberbau;Brücke,Stahlbrücke,Stahlfachwerkbrücke
Elbbr Vorbau Hohnstorf;Stahlbrücke,Brücke
Fussgaengerbr 149 6;Brücke,Steinbrücke
Hafenbruecke;Straßenbrücke,Brücke,Betonbrücke
Hafenbruecke Gurt;Brücke,Stahlbrücke,Stahlbogenbrücke,Bogenbrücke
Lauenburg EG;Empfangsgebäude,FassadeZiegel,DachGrau
Lauenburg Gbf;Güterschuppen,Spedition,FassadeZiegel,DachGrau
Magdalenenkirche;Kirche,FassadeZiegel,DachGrau,DachRot
Raiffeisen;Raiffeisen,Silo,FassadeGrau,DachGrau
Schiffshalle;Industrie,Werft
SchildBrueckengehweg;Schild
SchildSchleswHolstein;Schild
Schleuse im Bau;Schleuse
Schleusentor;Schleuse,Trockendock
Stadtkulisse;Kulisse,FassadeZiegel,DachRot
Suedwerft;Industrie,Werft,FassadeZiegel,DachGrau
UnterrichtungstafelElbe;Schild
Werftkran;Kran
Kanalbruecke;Brücke,Stahlbrücke,Stahlfachwerkbrücke
AStw;Stellwerk,FassadeZiegel,FassadeGelb,DachGrau
Bauernhof-Kulisse 1;Scheune,Kulisse,FassadieZiegel,FassadeBeige
Bauernhof-Kulisse 2;Scheune,FassadeBeige,DachSchwarz,DachRot,Kulisse,FassadeZiegel
Bauernhof-Kulisse 3;Bauernhof,FassadeZiegel,DachRot
Bauernhof-Kulisse 4;FassadeFachwerk,DachGrau,FassadeGelb,Bauernhof,Mehrfamilienhaus
Bauernhof-Kulisse 5;Bauernhof,Scheune,FassadeZiegel,DachBraun
Bauhof Koerle;Scheune,Halle,FassadeHolz,DachRot
Gb Rohleder;Gewerbe,FassadeWeiss,DachGrau
Geb Geruestbau;Büro,FassadeBeige,DachGrau
Geb Landhandel-Kulisse 1;Raiffeisen,Industrie,FassadeWeiss,FassadeFachwerk,DachBraun
Geb Landhandel-Kulisse 2;Industrie,Raiffeisen,FassadeWeiss,DachRot
Gemeindetafel;Aushang
Halle 243-6;Industrie,FassadeBeige,FassadeGelb
Halle 246-0;Industrie,FassadeBeige,zweistöckig,DachGrau
Halle 246-1;Industrie,Werkstatt,FassadeGrau,FassadeBeige,DachGrau
Halle Anbau 246-1;Industrie,FassadeBeige,FassadeGrau,DachGrau
Halle Landhandel;Garage,FassadeZiegel,DachGrau
Halle Rohleder;Garage,FassadeGrau,DachRot
Haus 1;Mehrfamilienhaus,FassadeSchiefer,FassadeBeige,DachGrau
Haus 246-3;Schrankenposten,FassadeZiegel,DachRot
Haus 4;Sport,FassadeBeige,DachRot
Haus 9;Bahnbude,FassadeZiegel,DachGrau
Netto-Markt;Supermarkt
Schuppen 1;Schuppen,FassadeBeige,DachRot
Schuppen 2;Schuppen,FassadeBruchstein,DachGrau
Steg 243;Steg
Wh 1;Mehrfamilienhaus,Eckhaus,FassadeWeiss,DachRot
Wh 2;Mehrfamilienhaus,MitGarage,FassadeWeiss,FassadeGrau,DachRot
Wh 3;Mehrfamilienhaus,FassadeOrange,DachRot
Wh 4 Kulisse;Einfamilienhaus,Kulisse,FassadeWeiss,DachSchwarz
Blechtraeger-1;Brücke,Stahlbrücke
NR-11 Werkstatt-1;Industrie,FassadeZiegel
NR-11 Werkstatt-2;Industrie,FassadeZiegel,DachSchwarz
NR 10-1-WBlock-1;Stadthaus,Reihenhaus,Mehrfamilienhaus,FassadeZiegel,DachRot
NR 10-1-WBlock-2;Stadthaus,Reihenhaus,Mehrfamilienhaus,FassadeZiegel,DachRot
NR 10-1-WBlock-3;Stadthaus,Reihenhaus,Mehrfamilienhaus,FassadeZiegel,DachRot
NR 10-1-WBlock-LK-1;Stadthaus,Reihenhaus,Mehrfamilienhaus,Eckhaus,FassadeZiegel,DachRot
NR 10-1-WBlock-RK-1;Stadthaus,Reihenhaus,Mehrfamilienhaus,Eckhaus,FassadeZiegel,DachRot
NR 10 Rheinische-130-b;Stadthaus,Reihenhaus,Mehrfamilienhaus,Gewerbe,FassadeGrau,DachSchwarz
NR 10 Rheinische-130;Stadthaus,Reihenhaus,Mehrfamilienhaus,FassadeGrau,DachSchwarz
NR 12 O-und-K-Halle-1-Gesamt;Industrie,FassadeBlau,DachGrau
NR 12 O-und-K-Halle-2;Industrie,FassadeZiegel,DachGrau
NR 12 O-und-K-Halle-3-Gesamt;Industrie,FassadeBlau,DachGrau
NR 12 O-und-K-Halle-4a-Gesamt;Industrie,Halle,zweistöckig,FassadeGrau,DachSchwarz
NR 13 M S Zugang-1;Fußgängerbrücke
NR 13 M S Zugang-2;Fußgängerbrücke,Bahnsteigzugang
NR 14 Indu-Verwaltung-1;Industrie,Büro,FassadeGrau
NR 14 Industrie-Halle-1;Industrie,FassadeZiegel,DachGrau
NR 14 Industrie-Halle-1a;Industrie,FassadeZiegel,FassadeGrau
NR 14 Industrie-Halle-1b;Industrie,FassadeZiegel,FassadeGrau
NR 14 Industrie-Halle-1c;Industrie,Halle,FassadeGlas
NR 15 Industrie-Halle-1;Industrie,FassadeGrau
NR 15 Industrie-Halle-1b;Industrie,FassadeGrau,DachGrau
NR 15 Industrie-Verwaltung-1;Industrie,FassadeZiegel
NR 16 Marten-Kirche;Kirche,FassadeZiegel
NR 17 Marten-Schule-Turnhalle;Sport,Schule,Turnhalle,FassadeZiegel
NR 17 Marten-Schule;Schule,FassadeZiegel,DachBlau
NR 18 Do Dorstfeld Stw-Ddf;Stellwerk,FassadeZiegel
NR 18 Do Dorstfeld Stw-NG;Industrie,Büro,FassadeZiegel
NR 19 W U-Halle-1-Komplex;Industrie,FassadeZiegel
NR 19 W U-Halle-2-Komplex;Industrie,FassadeGrau,DachGrau
NR 19 W U-Verwaltung;Industrie,FassadeZiegel,DachSchwarz
NR 6 Stuetze-1;Stütze,Pfeiler
NR 7-Bstg 1-Nieder;Bahnsteigabgang
NR 7-Bstg 2-Nieder;Bahnsteigabgang
NR 8 Bf-Dorstfeld-EG-Bereich-1-Komplex;Empfangsgebäude
NR 8 Bf-Dorstfeld-EG-Bereich-2-Komplex;Empfangsgebäude
NR 8 Bf-Dorstfeld-UG-Stuetze;Pfeiler
NR 8 Bf-Dorstfeld-UG-linke-Stuetze-Bstg;Pfeiler
NR 8 Bf-Dorstfeld-UG-rechte-Stuetze-Bstg;Pfeiler
NR 8 Bf-Dorstfeld-Uebergang-82m;Fußgängerbrücke
NR 9 Wasserturm;Wasserturm
Nr 8 Bf-Dorstfeld-Abgang-Gl-3-4;Bahnsteigzugang
Nr 8 Bf-Dorstfeld-Abgang-Gl-5-6;Bahnsteigzugang
SBK-8gl;Signalbrücke
Bruecke km47 0;Brücke,Straßenbrücke,Steinbrücke
Buechen EG;Empfangsgebäude,FassadeZiegel,DachBraun
Buechen Stw Bf;Stellwerk,FassadeZiegel
Buechen Tor;Denkmal
DB Keks Rundmast;Fahne
Kanalbruecke km238 2;Brücke,Stahlbrücke,Bogenbrücke,Stabbogenbrücke
Post;Post,FassadeZiegel,DachBraun
Rollbandanzeiger1;Zugzielanzeiger,Gleis1
Rollbandanzeiger140;Zugzielanzeiger,Gleis140
Rollbandanzeiger4;Zugzielanzeiger,Gleis4
Rollbandanzeiger40 41;Zugzielanzeiger,Gleis40,Gleis41
Spasskasse;Sparkasse,FassadeZiegel,DachGrau
Treppenabgang;Bahnsteigabgang,FassadeZiegel
Vordach Bf;Dach,Fahrrad
Wasserturm;FassadeZiegel,DachSchwarz
GuesterStwGf;Stellwerk,FassadeZiegel,DachGrau
RoseburgBf;Empfangsgebäude,FassadeGelb,DachGrau
02 Do Bstg-Aufsicht;Bahnbude,FassadeZiegel,Bahnsteigaufsicht
02 Do Bstg 1-Nieder;Bahnsteigabgang
03 Do Bruecke-Unionstr-Ges-Endteil;Brücke,Betonbrücke
03 Do Bruecke-Unionstr-Ges-Mittenteil;Brücke,Betonbrücke
04 Do Stw Anbau;Werkstatt,Bahnbude,FassadeZiegel
04 Do Stw Dhf;Stellwerk,FassadeZiegel
10 Do-AOK;Büro,Verwaltung,FassadeBeige,FassadeRot
10 Do-Aerztehaus;Hochhaus,Büro,Verwaltung,FassadeZiegel
10 Do-Arbamt;Büro,Verwaltung,Arbeitsagentur
10 Do-BW-Hotel-1;Hotel,FassadeRot,DachGrau
10 Do-BW-Hotel-2;Stadthaus,Eckhaus,Reihenhaus,FassadeBeige
10 Do-Bender;Mehrfamilienhaus,FassadeGrau,DachBraun
10 Do-Bf-Hotel;Hotel,FassadeRosa
10 Do-Bf-VP-1;Hochhaus,FassadeGrau
10 Do-Brueggemann-BBZ;Büro,Verwaltung,FassadeLila
10 Do-Brueggemann-SpH-2;Industrie,FassadeGrau,Büro
10 Do-Brueggemann-SpH;Industrie,FassadeGrau
10 Do-Cinema;Cinestar,Kino
10 Do-Continental;Hochhaus,Büro,FassadeGrau
10 Do-Dekra;Industrie,Werkstatt,FassadeGrau,FassadeBlau
10 Do-Dolberg;Stadthaus,Eckhaus,Reihenhaus,Büro,DachGrau,FassadeBeige,FassadeGrau
10 Do-FW;Feuerwehr
10 Do-FZW;Industrie,Disco,FassadeBlau
10 Do-Harenberg;Hochhaus,FassadeBeige
10 Do-Hbf-NG-1-1;Büro,FassadeGrau,DachGrau
10 Do-Hbf-NG-1-2;Büro,FassadeGrau
10 Do-Hornbach;Baumarkt
10 Do-Hotel-Leonardo-gesamt;Büro,Verwaltung,Hotel,FassadeGrau
10 Do-Hun-Traenke-Kombi-5;Mehrfamilienhaus,FassadeGrau,DachGrau
10 Do-Hun-Traenke-Wh-1-Eck;Mehrfamilienhaus,Stadthaus,Eckhaus,FassadeGrau,DachGrau
10 Do-Hun-Traenke-Wh-1b;Mehrfamilienhaus,Reihenhaus,FassadeGrau,DachGrau
10 Do-Hun-Traenke-Wh-3-Einzel;Mehrfamilienhaus,Stadthaus,Eckhaus,FassadeGrau,Reihenhaus,DachGrau
10 Do-IWO;Hochhaus,FassadeSchwarz,FassadeBlau
10 Do-K-Museum;Stadthaus,Museum,FassadeLila,FassadeSchwarz
10 Do-Katharienen;Treppe,Reklame
10 Do-Kfz-Handel;Büro,FassadeGrau
10 Do-Lanbiblio;Bibliothek,FassadeZiegel,FassadeGlas
10 Do-Musikschule;Schule,FassadeRot
10 Do-Plan-Amt;Büro,Verwaltung,FassadeWeiss
10 Do-Post;Post,FassadeZiegel
10 Do-RSB-Kolleg;Schule,FassadeLila
10 Do-SB-Moebel;Möbelhaus,Industrie,FassadeGrau,DachGrau
10 Do-Sparkasse;Sparkasse,Hochhaus,FassadeZiegel
10 Do-Spielstation;Spielhalle,Industrie,FassadeBlau,DachGrau
10 Do-U-Brauerei;Brauerei,Industrie,FassadeZiegel
10 Do-VEW-Eingang;Industrie,Pförtner,FassadeZiegel,DachGrau
10 Do-VEW-Kuehlturm;Kraftwerk,Kühlturm
10 Do-VEW-MHalle-1;Industrie,FassadeZiegel
10 Do-VEW-Prod-Halle-1;Kraftwerk,Gaskraftwerk,Industrie,FassadeZiegel,FassadeBlau
10 Do-VEW-T-Werkstatt;Industrie,FassadeZiegel,DachGrau
10 Do-VEW-Verwaltung;Büro,Verwaltung,FassadeGrau,DachGrau
10 Do-VHS;Mehrfamilienhaus,Stadthaus,Eckhaus,FassadeBeige,DachRot
10 Do BWall Fa-1-gesamt;Mehrfamilienhaus,Gewerbe,FassadeGrau,DachGrau
10 Do BWall GHaus-1;Hochhaus,Büro,FassadeGrau,DachGrau
10 Do Leuth-Wh-3;Mehrfamilienhaus,FassadeGrau,Gewerbe,DachGrau
10 Do Leuth-Wh-Bl-1;Mehrfamilienhaus,FassadeOrange,FassadeGrau,Hochhaus
10 Do R-Schauhaus;Hochhaus,FassadeGrau
15 Do-SBK-5gl;Signalbrücke
21 Peine Beethoven-15;Mehrfamilienhaus,Stadthaus,Eckhaus,FassadeGrau,DachGrau
Bstg 11 31 Dach-solo;Bahnsteigdach
Bstg 11 31 Dach 1;Bahnsteigdach
Bstg 11 31 Teil 1;Bahnsteigdach
Bstg 11 31 Teil 2;Bahnsteigdach
Bstg Blende 730;Bahnsteigdach
Bstg Gl-7-6;Bahnsteigdach
Bstg Gl-8-10-Dach;Bahnsteigdach
Bstg Gl-8-10;Bahnsteigdach
Do-Hbf-EG-Gelaender;Zaun,Geländer
Do-Hbf-EG-Treppe;Treppe
Do-Hbf-EG;Empfangsgebäude,FassadeRot
Do-Hbf-Nord-EG;Empfangsgebäude
Do-Hbf EG-Gelaender-2;Zaun,Geländer
10 Do-Bbf-FaASD-PKran;Kran
10 Do-Bbf-FaASD;Industrie,Halle,FassadeGrau,DachGrau
10 Do-Bbf-FaFricke;Industrie,FassadeBlau,DachGrau
10 Do-Bbf-FaHermes;Industrie,FassadeBlau,DachBlau
10 Do-Bbf-FaPoeppel-Hallen-1-2;Industrie,FassadeGrau,DachGrau
10 Do-Bbf-FaPrange;Industrie,Halle,FassadeBlau,DachGrau
10 Do-Bbf-FaRhenus-2;Industrie,FassadeLila,DachGrau,Halle
10 Do-Bbf-FaRhenus-3-1;Spedition,Industrie,FassadeBlau,DachGrau,Halle
10 Do-Bbf-FaRhenus-3-2-Komplex;Industrie,Spedition,FassadeGrau,DachGrau
10 Do-Bbf-FaRhenus;Industrie,FassadeBlau,DachGrau,Spedition
10 Do-Bbf-WHalle-6;Industrie,FassadeBeige,DachGrau
10 Do-GSP-Werkstatt;Industrie,FassadeBraun,DachGrau
10 Do-Lagerhalle-1-4er-Komplex;Industrie,FassadeBraun,DachGrau
10 Do-Mypado;Industrie,FassadeGrau,DachGrau
10 Do-Verwaltung-1;Büro,Verwaltung,FassadeGrau,DachGrau
10 Do-Verwaltung-2;Büro,Verwaltung,FassadeRot,DachSchwarz,DachGrau
10 Do-Wburger-Halle-1;Industrie,FassadeGrau,DachSchwarz,DachGrau
10 Do-Werkhalle-1;Industrie,FassadeGrau,FassadeRot,DachGrau
10 Do-Werkhalle-2;Industrie,FassadeGrau,FassadeZiegel,DachGrau
10 Do-Werkhalle-2b;Industrie,FassadeWeiss,FassadeGrau,DachGrau,DachSchwarz
10 Do-Werkhalle-3;Industrie,FassadeZiegel,DachGrau
10 Do-Werkhalle-3b-1;Industrie,FassadeZiegel,DachGrau
10 Do-Werkhalle-3b-2;Industrie,FassadeGrau,FassadeZiegel,DachGrau
10 Do-Werkhalle-4-2;Industrie,Werkstatt,FassadeGrau,DachRot,DachSchwarz
10 Do-Werkhalle-4;Industrie,FassadeGrau,DachSchwarz
10 Do-Werkstatt-2b;Industrie,FassadeGrau,DachGrau
11 Do-Bbf-VEW-1;Industrie,FassadeZiegel,DachSchwarz
11 Do-Bbf-VEW-2;Industrie,FassadeZiegel,FassadeWeiss,DachGrau
13 Do-Bbf-WHalle-4;Industrie,FassadeGrau,DachWeiss
13 Do-Bbf-WHalle-5;Industrie,FassadeGrau,DachWeiss
13 Do-Bbf-Werkstatt-3;Industrie,Werkstatt,Bus,FassadeZiegel,DachGrau
21 Do-Bbf-Soccer-World;Industrie,FassadeGrau,DachWeiss,Sport,Fußball
30 Do-Bbf-Schiebebuehne;Schiebebühne
30 Do SB-Grube;Schiebebühne
31 Do-Bbf-LW Buero;Industrie,Büro,Lokschuppen,FassadeZiegel,DachSchwarz
31 Do-Bbf Rolltor;Tor
31 Do-Lokwerkstatt;Lokschuppen,FassadeRot,DachGrau
32 Do-ICE-Werk-1;Industrie,Lokschuppen,FassadeGrau,DachWeiss
32 Do ICE-Halle-3;Industrie.Lokschuppen,FassadeGrau,DachWeiss
32 Do ICE-Waschkaue;Büro,Verwaltung,FassadeGrau,DachWeiss,DachGrau
33 Do-Bbf-D-Waschanlage;Industrie,Lokschuppen,ARA,Außenreinigungsanlage,FassadeGrau,DachGrau
33 Do-Bbf-E-Waschanlage;Industrie,FassadeGrau,DachGrau
33 Do-Bbf ARA-Hallentor;Tor,Lokschuppen
34 Do-Bbf-Ausbildung-Werkstatt;Industrie,Werkstatt,FassadeRot,DachGrau
35 Do Bbf-WM-Str-3;Industrie,FassadeBlau,DachGrau
36 Do-Bbf-WTurm;Turm,FassadeZiegel
37 Do-Bbf-Schule-1;Schule,FassadeRot
38 Do-Bbf-Schule-2;Industrie,FassadeGrau,DachGrau
39 Do Bbf-Buero-1;Büro,Verwaltung,FassadeZiegel,DachGrau
40 Do Bbf-Stw-Dbw;Stellwerk,FassadeZiegel
41 Do Bbf-Stw-Dbl-Anbau;Bahnbude,Fassadeziegel,Schuppen,DachSchwarz
41 Do Bbf-Stw-Dbl;Stellwerk,FassadeZiegel
42 Do Bbf-Stw-Dbh;Stellwerk,FassadeGrau
43 Do Bbf-Stw-Dbs;Stellwerk,FassadeSchiefer
44 Do Bbf-Stw-Dbn;Stellwerk,Bahnbude,FassadeZiegel,DachSchwarz
45 Do Bbf-Stw-Dba;Stellwerk,FassadeZiegel
50 Do-Bbf-Osterland-35;Industrie,FassadeGrau,DachGrau
Do-Rush-Hour-gesamt;Disco,FassadeGrau
Stahltraeger-Fundament;Fundament
Stahltraeger-senkrecht;Stahlträger,Kranbahn
Stahltraeger;Stahlträger,Kranbahn
01 Do-Scharnhorst-Stw;Stellwerk,FassadeZiegel,FassadeBeige
02 Do-Scharn-Brue km 125-320;Brücke,Stahlbrücke,Stahlfachwerkbrücke
03 Do-Scharn-FG-Bruecke;Brücke,Fußgängerbrücke,Bahnsteigzugang
04 Do-Scharn-UF;Durchlass
05 Do-Scharn-Bk-Eingang;Durchlass
10 Do-Scharn-BStopp;Industrie,Werkstatt,FassadeGrau,DachGrau
10 Do-Scharn-HS-Halle-18m-50m;Industrie,Halle,FassadeGrau,DachGrau
10 Do-Scharn-HS-Halle-24m-50m;Industrie,Halle,FassadeGrau,DachGrau
10 Do-Scharn-HS-Halle-30m-50m;Industrie,Halle,FassadeGrau,DachGrau
10 Do-Scharn-Handy-Shop;Industrie,Halle,FassadeGrau,DachGrau
10 Do-Scharn-NIDEC;Industrie,FassadeGrau,DachGrau
10 Fa-Hessling-10-Werkhalle-1;Industrie,FassadeGrau,DachGrau
10 Fa-Hessling-12-Werkhalle-1;Industrie,FassadeGrau,DachGrau
10 Fa-Hessling-14;Industrie,FassadeGrau,DachGrau
10 Fa-Hessling-16;Industrie,FassadeGrau,DachGrau
10 Fa-Schirmer-gesamt-1;Industrie,FassadeGrau,DachGrau,FassadeRot,Kaffee
10 VEW-Luefter;Schacht
01 Do-Kurl-EG;Empfangsgebäude,FassadeZiegel,DachSchwarz
02 Do-Kurl-Bstg-NG-2;Bahnsteigabgang
03 Do-Kurl-Treppe-1;Treppe
10 Do-Kurler-Str-132;Gasthof,FassadeFachwerk,DachBraun
10 Do-Kurler-Str-132b;Mehrfamilienhaus,FassadeGrau,DachGrau
10 Do-Kurler-Str-134;Mehrfamilienhaus,Stadthaus,Hochhhaus,FassadeGrau,DachGrau
15 Do-Deilmann-AEG-1;Empfangsgebäude,FassadeZiegel,DachSchwarz
15 Do-Deilmann-BG-1;Büro,FassadeZiegel,DachGrün
15 Do-Deilmann-Verwaltung;Industrie,FassadeZiegel,DachGrau
15 Do-Halle-1;Industrie,Halle,FassadeGrau,DachGrau
15 Do-Halle-2;Industrie,Halle,FassadeGrau,DachGrau
15 Do-Halle-3-4;Industrie,Halle,FassadeGrau,DachGrau
15 Do-Halle-5;Industrie,FassadeGrau,DachGrau
15 Do-Halle-5a;Industrie,FassadeGrau,DachGrau
15 Do-Halle-6;Industrie,FassadeGrau,FassadeBraun,DachGrau
20 Do-Kurl-Lidl;Supermarkt,Lidl
21 Do-Kurl-Rewe-Getraenke;Supermarkt,Rewe,FassadeZiegel
21 Do-Kurl-Rewe;Supermarkt,Rewe,FassadeZiegel
22 Do-Kurl-Rossmann;Supermarkt,Drogerie,Rossmann
30 Do-Kurl-Plasstr-73a;Mehrfamilienhaus,FassadeGrau,DachGrau
30 Do-Kurl-Plasstr-73b;Mehrfamilienhaus,FassadeGrau,DachGrau
31 Do-Kurl-WH-3;Mehrfamilienhaus,Doppelhaus,FassadeGrau,DachRot,DachSchwarz
03 03 Bstg 2 3 Teil 1;Bahnsteigdach
03 03 Bstg 2 3 Teil 2;Bahnsteigdach
Bruecke km 4-098;Brücke,Betonbrücke,Straßenbrücke
Bstg Blende 730;Bahnsteigdach
Do Hoerde 01 EG;Empfangsgebäude,FassadeZiegel,DachGrau
Do Hoerde 01 GHaus aEG;Werkstatt,Schuppen,FassadeZiegel,DachSchwarz
Do Hoerde 02-Bstg-Nieder 02;Bahnsteigabgang
Do Hoerde 03 UF km 172-77;Brücke,Steinbrücke
Do Hoerde 04 WHaus12;Mehrfamilienhaus,Stadthaus,Eckhaus,FassadeWeiss,DachRot
Do Hoerde 04 WHaus14;Mehrfamilienhaus,Stadthaus,Reihenhaus,FassadeGrün,DachSchwarz
Do Hoerde 04 WHaus16;Mehrfamilienhaus,Stadthaus,Reihenhaus,FassadeBeige,DachSchwarz
Do Hoerde 04 WHaus18;Mehrfamilienhaus,Stadthaus,Reihenhaus,FassadeWeiss,FassadeGrau,DachGrau
Do Hoerde 05 UF km 173-397;Brücke,Steinbrücke
Do Hoerde 06 SPK-1;Sparkasse,DachGrau
Do Hoerde 06 SPK-2;Büro,FassadeRot,DachGrau
Do Hoerde 07 WHaus 1;Mehrfamilienhaus,Stadthaus,Reihenhaus,Gewerbe,FassadeZiegel,DachRot
Do Hoerde 08 WStatt;
Do Hoerde 09 Stadt Verw;Büro,Verwaltung,FassadeBlau,DachGrau
Do Hoerde 10 Stw-Hoef;Stellwerk,FassadeZiegel
Do Hoerde 11 Josef-Hospital;Krankenhaus,FassadeZiegel,DachGrau
Do Hoerde 12 AmClarenberg 1;Hochhaus,FassadeGrau,DachGrau
Do Hoerde 13 Wh 133;Mehrfamilienhaus,Stadthaus,Reihenhaus,DachBraun,DachSchwarz,FassadeGrau,FassadeBeige,FassadeRosa
Do Hoerde 13 Wh 143;Mehrfamilienhaus,Gewerbe,FassadeGrau,DachSchwarz
Abgang Bstg1;Bahnsteigabgang
Abgang Bstg2;Bahnsteigabgang
Bahnmeisterei;Einfamilienhaus,FassadeGelb,FassadeBeige,DachSchwarz
Bahnsteigdach Gl1;Bahnsteigdach
EG;Empfangsgebäude,FassadeGrau,DachSchwarz,DachGrau
FachwerkbrueckeBf;Brücke,Straßenbrücke,Stahlfachwerkbrücke
Gbf;Güterabfertigung,FassadeBeige,DachGrau
HME;Industrie,FassadeZiegel,DachSchwarz
HME2;Industrie,DachSchwarz,FassadeGrau
Hinweisschild;Schild
Hoennebruecke;Brücke,Stahlbrücke
Hoennebruecke Mittelpfeile;Pfeiler
MendenMf;Stellwerk,FassadeZiegel
NachGleis1;Schild
Schmelzwerk;Industrioe,FassadeBeige,DachGrau
Schmoele;Industrie,FassadeZiegel,DachSchwarz
Schmoele2;Industrie,FassadeZiegel,DachSchwarz
Schmoele Kran;Kran
Brueckenpfeiler;Pfeiler
Garagen1;Garage
Garagen2;Garage
Geilenkirchen EG;Empfangsgebäude,FassadeGrau,DachGrau
Geilenkirchen EG Nebengeb;Schuppen,FassadeGrau,DachGrau
Halle1;Industrie,FassadeBlau,DachBraun
Halle2;Industrie,Halle,FassadeBlau,DachBraun
Kirche Geilenkirchen;Kirche,FassadeGrau
Kran;Kran
MFH-3g-Klinker;Stadthaus,Reihenhaus,FassadeZiegel,DachBraun,DachSchwarz,FassadeWeiss,Gewerbe
Postgebaeude;Post,FassadeGrau,DachSchwarz
Rest-Hotel-3g;Stadthaus,Eckhaus,FassadeZiegel,DachSchwarz,Gewerbe
Rest-Wohn-3g;Stadthaus,Eckhaus,DachSchwarz,FassadeWeiss,FassadeZiegel,Reihenhaus
Rest-Wohn-4g;Stadthaus,Mehrfamilienhaus,FassadeZiegel,DachRot
StellwerkGf;Stellwerk,FassadeZiegel
Verwaltung;Büro,Verwaltung,FassadeZiegel,DachGrau
wohnhaus frelenberg;Mehrfamilienhaus,FassadeWeiss,DachSchwarz
Stw Mettertal Freudenstein;Stellwerk,FassadeZiegel,DachSchwarz
TFST Holzbruecke Mettertal;Fußgängerbrücke
WilfenbergT Bel;Tunnel
TIL Abgang;Bahnsteigabgang
TIL Elements Tower;Hochhaus,Büro,FassadeGlas,FassadeBeige
TIL Schallschutz beige5m;Lärmschutz
TIL Schallschutz beige5m trans1;Lärmschutz
TIL Schallschutz gruen5m;Lärmschutz
TIL Speidel;Industrie,FassadeWeiss,DachGrau,FassadeGrau
TIL Suedwestkarton;Industrie,DachRot
Prologis1;Industrie,FassadeGrau,DachGrau
Stellwerk Vf;Stellwerk,FassadeZiegel
TV Abgang;Bahnsteigabgang
TV Bahnsteigabgang;Bahnsteigabgang
TV Bahnsteigdach 20m;Bahnsteigdach
TV Bahnsteigdach 20m Ende;Bahnsteigdach
TV Bahnsteiglampe;Lampe
TV Wartehaus;Wartehaus
SchallschutzEnztalTB;Lärmschutz
SchallschutzGlems;Lärmschutz
SchallschutzGlemsTB;Lärmschutz
SchallschutzGlems Mast;Lärmschutz
SchallschutzGlems k;Lärmschutz
Stw Glems;Stellwerk,DachSchwarz,FassadeRot,FassadeBeige
LangesFeld IBP 4m;Fahrleitung
SchallschutzLF1;Lärmschutz
SchallschutzLF2;Lärmschutz
Zaun stuetzmauer;Zaun
AMast 110kV 23m 20m 1Tr;Freileitung,Hochspannung
AMast 110kV 25m 24m 1Tr;Freileitung,Hochspannung
AMast 110kV 35m 22m 1Tr;Freileitung,Hochspannung
AMast 110kV 41M 2Tr 1Q 32m5;Freileitung,Hochspannung
AMast 110kV 46M 1Tr 24m;Freileitung,Hochspannung
AMast 110kV 46M 3Tr 25m;Freileitung,Hochspannung
AMast 110kV 48M 3Tr 2Q 25m;Freileitung,Hochspannung
AMast 110kV 49M 3Tr 25m;Freileitung,Hochspannung
AMast 110kV 70M 3Tr 25m;Freileitung,Hochspannung
AbzweigMast 110kV 46M 2Tr 2Q 21m;Freileitung,Hochspannung
AbzweigMast 110kV 74M 3Tr 2Q 26m;Freileitung,Hochspannung
BayWa Lagerhaus Leingarten;Raiffeisen,Silo,DachGrau,DachSchwarz,FassadeFachwerk
EG Leingarten Bf;Empfangsgebäude,FassadeZiegel,DachBraun
Fahrraddach Leingarten Bf;Fahrrad,DachRot,DachBraun
FgBruecke LG Mitte;Brücke,Fußgängerbrücke
Gelaender 25m dunkelgrau;Zaun,Geländer
Gelaender 25m dunkelgruen;Zaun,Geländer
Gelaender HT 16x7.5m dunkelgrau;Geländer
Gelaender HT 18x7.5m dunkelgrau;Geländer
Gelaender HT 20x7.5m dunkelgrau;Geländer
Gelaender HT 26x7.5m dunkelgrau;Geländer
Gelaender HT 40x7.5m dunkelgrau;Geländer
Gueterschuppen Leingarten;Güterschuppen,FassadeHolz,DachSchwarz,DachGrau
Info Tafel rot;Bahnsteig,Aushang
Isolator Dreieck;Isolator,Hochspannung
Leingarten West EG;Schuppen,FassadeHolz,DachBraun
Lg West Wetterschutz;Bahnsteig,Wartehaus,Wetterschutz
Mast220kV 43m 38m 3Tr;Freileitung,Hochspannung
Mast 380kV 41m 31m 2Tr;Freileitung,Hochspannung
Mast 380kV 45m 31m 2Tr 3xErdseil;Freileitung,Hochspannung
Mast 380kV 50m 40m 2Tr;Freileitung,Hochspannung
Mast 380kV 50m Donaumast 2Erdseile;Freileitung,Hochspannung
Mast 380kV 52m 40m 2Tr;Freileitung,Hochspannung
Mast 380kV 54m 32m 2Tr;Freileitung,Hochspannung
Mast 380kV 54m 32m 2Tr 3xErdseil;Freileitung,Hochspannung
Mast 380kV 61m 38m 2Tr;Freileitung,Hochspannung
Mast 380kV 65m 37m 3Tr;Freileitung,Hochspannung
Mast 380kV 81m 34m 3Tr;Freileitung,Hochspannung
Mast 380kV 94m 40m 2Tr;Freileitung,Hochspannung
Muehle Gessmann;Industrie,FassadeBeige,Mühle,DachBraun
Sammelschiene Alu Abzweig;Umspannwerk,Hochspannung
Sammelschiene Alu Anschlussbank;Umspannwerk,Hochspannung
Sammelschiene Alu Bogen;Umspannwerk,Hochspannung
Sammelschiene Alu Hoehenstufe;Umspannwerk,Hochspannung
Schuppen;Schuppen,FassadeHolz,DachGrau
TMast 110kV 46M 2Tr 25m;Freileitung,Hochspannung
NRWA Betonwerk 4;Silo
NAM Werkstatt AKB;Werkstatt,Bahnmeisterei,Industrie
NAM Vereinsheim AKB;DachRot,FassadeBeige
MBHM Bahnhofstr10;Mehrfamilienhaus,MitBalkon,FassadeRosa,DachBraun
MBHM Bahnhofstr48;Mehrfamilienhaus,FassadeGrün,Flachdach,MitGarage
MBHM Bruecke 384;Brücke,Durchlass
MBHM Domino Schild Parkplatz;Schild
MBHM Domino;Gasthaus,DachRot,FassadeWeiss,FassadeBeige
MBHM Donauwoerther Str 2;Doppelhaus,Zweifamilienhaus,MitGarage,FassadeGrau,DachRot,DachBraun
MBHM Donauwoerther Str 6;Zweifamilienhaus,DachRot,FassadeWeiss,MitBalkon
MBHM Donauwoerther Str 9;Mehrfamilienhaus,MitBalkon,FassadeGrün,DachRot
MBHM Donauwoerther Str 12;Einfamilienhaus,Gewerbe,FassadeWeiss,DachRot
MBHM EG;Empfangsgebäude,FassadeGelb,Gewerbe
MBHM EG Hamlar;Empfangsgebäude,FassadeGelb,DachBraun
MBHM EUE Zusamweg;Durchlass
MBHM Bahnstrom AMast 25m;Freileitung,Hochspannung
MBHM Bahnstrom AMast 28m;Freileitung,Hochspannung
MBHM Bahnstrom TMast 25m;Freileitung,Hochspannung
MBHM Bahnstrom TMast 25m 2;Freileitung,Hochspannung
MBHM Bahnstrom TMast 28m;Freileitung,Hochspannung
MBHM Bahnstrom TMast 28m 2;Freileitung,Hochspannung
MBHM Mast 110kV;Freileitung,Hochspannung
MBHM Fussgaengertunnel;Durchlass
MBHM Hamlar EUE Asbacher;Brücke,Durchlass,Unterführung
MBHM Hamlar EUE Ostkopf;Brücke,Durchlass,Unterführung
MBHM Hamlar Baumschule;Scheune,Bauernhof,FassadeHolz,DachRot
MBHM Hamlar Rockmusik;Bauernhof,DachRot,FassadeBeige
MBHM Nordheim BHaus HG;Bahnwärterhaus,Einfamilienhaus,FassadeGelb,DachRot
MBHM Nordheim BHaus NG;Schuppen,FassadeWeiss
MBHM Nordheim SMuehle;Industrie
MBHM Nordheim SMuehle2;Industrie
MBHM Schrotthandel;Industrie,Unterstand,Halle,DachRot
MBHM Schallschutz;Lärmschutz
MBHM Tankstellentafel;Tankstelle
MBHM Technikgebaeude;Schalthaus
MBHM Widerlager Flutmulde;Widerlager
Aldi;Supermarkt,DachGrau
Altstadt 1 Kulisse;Kulisse,DachGrau,FassadeFachwerk,FassadeGrau,Mehrfamilienhaus
Altstadt 2 Kulisse;Kulisse,DachRot,Mehrfamilienhaus,FassadeFachwerk
Altstadt 8 Kulisse;Mehrfamilienhaus,Büro,Gewerbe,FassadeWeiss,DachGrau
Anbau;Schuppen,FassadeGelb,DachRot
Bahnhofstr 1 Anbau;Büro,FassadeBeige,DachGrau
Bartenwetzer Ausgang L;Schild,CDC
Bartenwetzer Ausgang R;Schild,CDC
Bartenwetzer Ausgang SR;Schild,CDC
Bauhofhalle;Garage,Industrie,FassadeBeige,DachRot
Bogen 1 0-9 1-14;Brücke,Steinbrücke
Bogen 2 0-8 1-3;Brücke,Steinbrücke
Bogen 3 0-95 1-3;Brücke,Steinbrücke
Bogen 4 0-85 1-36;Brücke,Steinbrücke
Braun 1;Industrie,Büro,DachGrau
Braun 2;Hochhaus,Büro,Verwaltung,FassadeGrau
Braun 3;Industrie,FassadeBeige,DachGrau,Büro,Verwaltung
Bruecke;Förderbrücke
Deckel Unterfuehrung;Fundament,Beton
EG-Melsungen;Empfangsgebäude,FassadeGrau,DachRot
ESTW-Melsungen;FassadeGrau,Stellwerk,ESTW,DachRot
Empfang;Pförtner
Halle Schneidegasse;Garage,FassadeBeige,DachRot,Industrie
Halle THW;FassadeWellblech,FassadeGrau,Garage,DachGrau
Haus 1;Mehrfamilienhaus,FassadeBeige,DachRot
Haus 238-1 Kulisse rt;Mehrfamilienhaus,Doppelhaus,FassadeBeige,DachRot
Haus 238-1 Kulisse sw;Mehrfamilienhaus,Doppelhaus,FassadeBeige,DachGrau
Haus 240-8;Mehrfamilienhaus,FassadeBeige,DachGrau
Haus 241-3;Mehrfamilienhaus,FassadeGrau,DachGrau
Haus 71;Büro,DachGrau
Bogen 5 1 1-3;Brücke,Steinbrücke
Haus 73;Büro,DachGrau
Haus Bahnhofstr 1;Mehrfamilienhaus,FassadeFachwerk,DachGrau
Haus Bahnhofstr 14;Hotel,FassadeFachwerk,DachRot
Haus Bahnhofstr 16;Büro,FassadeGrau,DachSchwarz
Haus Bahnhofstr 18;Apotheke,Gewerbe,Mehrfamilienhaus,FassadeFachwerk,DachGrau
Haus Bahnhofstr 19;Büro,FassadeGrau,DachRot
Haus Carl-Braun 1;Büro,FassadeBeige,DachRot
Haus Huberg 4 Kulisse;Büro,Mehrfamilienhaus,FassadeFachwerk,DachGrau
Haus Nuernbergerstr 6;Gasthaus,FassadeGrau,DachRot
Haus Schwalbenweg 1;Büro,FassadeGrau,DachBraun
Haus Schwalbenweg 1 Anbau;Büro,FassadeGrün,FassadeSchwarz,DachSchwarz
Haus Schwalbenweg 1a;Büro,MitGarage,FassadeBeige,DachGrau
Haus THW;Büro,FassadeWeiss,DachGrau,FassadeBeige
Holzschuppen;Scheune,FassadeHolz,DachBraun
Lagerhalle;Güterschuppen,FassadeBeige,DachBraun
Pfeiler;Pfeiler
Pfeiler 1;Pfeiler
Raiffeisen Halle;Güterschuppen,Spedition,FassadeGrau,DachBraun
Raiffeisenhaus;Raiffeisen,Silo,FassadeGrau,DachBraun
Schalthaus 238-4;Schalthaus,Weichenheizung,Trafo
Schornsteine;Schornstein
Silo gross;Silo
Silo schmal;Silo
Silosteg 1;Silo,Förderbrücke
Silosteg 2;Silo,Förderbrücke
Silosteg 3;Silo,Förderbrücke
Stuetze 1;Gerüst
Stuetze 2;Gerüst
Treppe;Treppe
Viadukt-Bogen;Viadukt,Steinbrücke
WH Vorstadt 10 Kulisse;Reihenhaus,FassadeFachwerk,DachRot,Einfamilienhaus
WH Vorstadt 12;Reihenhaus,FassadeFachwerk,DachRot,Mehrfamilienhaus
WH Vorstadt 14;Reihenhaus,FassadeFachwerk,DachRot
WH Vorstadt 2;Mehrfamilienhaus,FassadeFachwerk,DachRot,MitGarage
WH Vorstadt 4 Kulisse;Mehrfamilienhaus,FassadeFachwerk,DachRot,Gewerbe
WH Vorstadt 6 Kulisse;Mehrfamilienhaus,FassadeFachwerk,DachRot,Gewerbe
WH Vorstadt 8 Kulisse;Reihenhaus,FassadeFachwerk,DachRot,Mehrfamilienhaus,Gewerbe
Wartehalle;Wartehaus
MA AmAltenHessenb;Mehrfamilienhaus,Stadthaus,Hochhaus,FassadeGrau,FassadeBlau
MA Bahnsteigdach10m;Bahnsteigdach
MA Bahnsteigdach8m;Bahnsteigdach
MA Bahnsteigdach AnschlPost;Bahnsteigdach
MA Bahnsteigdach Halter;Signal
MA Bahnsteigdach Traeger;Bahnsteigdach
MA Bahnsteigdach kurz;Bahnsteigdach
MA Bahnsteigzugang;Bahnsteigabgang
MA Bahnsteigzugang neu E;Bahnsteigabgang
MA Bahnsteigzugang neu F;Bahnsteigabgang
MA Beleuchtungstraeger;Lampe,Beleuchtung
MA Bohus;Stadthaus,Gewerbe,Hochhaus,FassadeGrau,FassadeBeige
MA Bude Bahnsteig E;Bahnbude,FassadeWeiss,FassadeGrau
MA Bude Bahnsteig F;Bahnbude,Container,FassadeGrau
MA Bude Bahnsteige;Bahnbude,FassadeGrau
MA EG;Empfangsgebäude,FassadeBeige,DachSchwarz
MA Feuerloeschgeraet;Schrank,Feuerlöscher
MA Goegginger Bruecke Pfeiler 6 Lager;Pfeiler
MA Goegginger Bruecke Pfeiler 7 Lager;Pfeiler
MA Goegginger Bruecke Pfeiler 9 Lager;Pfeiler
MA Goegginger Bruecke Widerlager 6re Lager;Widerlager
MA Goegginger Bruecke Widerlager 9li Lager;Widerlager
MA Goegginger Bruecke Widerlager 9re Lager;Widerlager
MA Helio;Einkaufszentrum,FassadeGrau
MA Hotelturm;Hochhaus,Hotel
MA Kapelle Hermanfrhf;Kirche,FassadeBeige,DachSchwarz
MA Lehrwerkstatt;Werkstatt,FassadeSchwarz
MA PferseerU;Unterführung
MA Portal West;Bahnsteigzugang
MA Posttunnel BstgA-C;Bahnsteigabgang,FassadeSchwarz,DachGrau
MA RangierdstL;Büro,FassadeGrau,DachGrau
MA Rangiererbude;Bahnbude,FassadeGrau,DachBraun
MA Riegele;Industrie,Brauerei,FassadeBeige,DachBraun
MA Riegele 2;Industrie,Brauerei,FassadeBeige,DachBraun,Schornstein
MA Riegele Tor;Tor
MA Rosenaustr 4;Mehrfamilienhaus,Fassadegrau,DachSchwarz
MA Schalthaus;Schalthaus,FassadeGrau,DachSchwarz
MA Schild Gepaeckband 120m;Schild,CDC
MA Schild Gepaeckband 80m;Schild,CDC
MA Schild Nord;Schild,CDC
MA Schild Sued;Schild,CDC
MA Schild fernblau Ausgang;Schild
MA SchlettererU;Unterführung
MA Skl Schuppen;Lokschuppen,Halle,Scheune,FassadeGrün,DachGrau
MA Stellwerk VII;Stellwerk,FassadeGrau
MA Stuetzmauer Rosenaustr;Stützmauer
MA Suedhaus;Bahnbude,FassadeSchwarz,DachGrau
MA Technikgeb;Schalthaus,FassadeGrau,DachRot
MA Trafostation;Trafo,FassadeGrau
MA Treppenabgang F;Bahnsteigabgang
MA WagenM;Industrie,FassadeGrau,DachGrau
MA Zentralstellwerk;Stellwerk,FassadeWeiss
Orientierungszeichen 1xET440 li;Schild,CDC
Orientierungszeichen 2xET440;Schild,CDC
Orientierungszeichen 3xET440;Schild,CDC
QTW Betonmast18;Fahrleitung,Betonmast
Schild Gleis 1 Ausgang;Schild,CDC
Wandersleben 03 Bahnsteigabgang;Bahnsteigabgang,FassadeGrau,DachBraun
20m gruen;Geländer
24m dgrau;Geländer
8m gruen;Geländer
ErfurtGbf01 GS 1;Güterabfertigung,FassadeZiegel,DachSchwarz
ErfurtGbf03 KrBw;Kreuzungsbauwerk
Fgraefenstr1;Reihenhaus,Eckhaus,FassadeZiegel,DachSchwarz,Mehrfamilienhaus
Fgraefenstr2;Reihenhaus,Mehrfamilienhaus,FassadeZiegel,DachSchwarz
Fgraefenstr3;DachRot,FassadeGrau,Reihenhaus,Mehrfamilienhaus
Giesserei1;Industrie,FassadeZiegel
Giesserei2;Industrie,FassadeZiegel,DachSchwarz
GrambekerWeg5;Stadthaus,FassadeZiegel,DachBraun,Gewerbe
Gueterbahnhof;Güterschuppen,FassadeZiegel,DachGrau
Hauptstr 11;Mehrfamilienhaus,FassadeOrange,DachRot
Hauptstr 14;Stadthaus,Reihenhaus,Gewerbe,DachRot,FassadeZiegel
Hauptstr 15;Mehrfamilienhaus,FassadeGrau,DachRot
Hauptstr 16;Reihenhaus,Gewerbe,FassadeBeige,DachGrau
Hauptstr 17;Mehrfamilienhaus,Gewerbe,FassadeGrau,FassadeWeiss,DachRot
Hauptstr 20;Büro,Verwaltung,FassadeGrau,DachRot
Hauptstr 22;Mehrfamilienhaus,Gewerbe,FassadeGrau,DachBraun,FassadeGrün
Hauptstr 26;Reihenhaus,Mehrfamilienhaus,Gewerbe,FassadeLila,FassadeGrau,DachBraun,FassadeWeiss
Hauptstr 30;Reihenhaus,FassadeZiegel,DachRot,Gewerbe,Mehrfamilienhaus
Hauptstr 32;Mehrfamilienhaus,Reihenhaus,FassadeGrau,DachRot
Hauptstr 34;Mehrfamilienhaus,Reihenhaus,Gewerbe,FassadeGrau,DachRot
Hauptstr 38;Mehrfamilienhaus,Reihenhaus,FassadeGrau,DachRot
Hauptstr 40;Mehrfamilienhaus,Reihenhaus,Gewerbe,FassadeBeige,DachBraun
Hauptstr 42;Mehrfamilienhaus,FassadeZiegel,DachBraun
Hauptstr 9;Mehrfamilienhaus,Gewerbe,FassadeBeige,DachGrau,Eiscafe
HistTankstelle;Tankstelle
Kanalbruecke km34 1;Brücke,Stahlbrücke,Stahlbogenbrücke
Moelln Bf Nebenbau7;Büro,FassadeZiegel,DachGrau
Moelln EG;Empfangsgebäude,FassadeZiegel,DachGrau
Moelln Stw Mf;Stellwerk,FassadeZiegel,DachGrau
Moelln Stw Mn;Stellwerk,FassadeZiegel,DachGrau
ParkdeckSchild;Schild,Parkhaus
Parkhaus;Parkhaus
Silo;Silo
Bundesstr207;Schild,Bundesstraße
Doppelhalle;Industrie,DachGrau,FassadeBeige
Gleisschranke;Schranke
Lagerhalle;Industrie,FassadeZiegel,DachGrau
Ratzeburg EG;Empfangsgebäude,FassadeGelb,FassadeBeige,DachGrau,DachSchwarz
Ratzeburg Stw Rn;Stellwerk,FassadeBeige,DachGrau
Ratzeburg Stw Rs;Stellwerk,FassadeZiegel,DachBraun
Rautenberg;Silo
Verwaltung;Büro,FassadeZiegel,DachGrau
WegweiserDummyRatzeburg;Schild
RROL Deponie Entlueftung;
RROL Portalkran Muell;Kran
RROL SFS Ueberfuehrung;Fußgängerbrücke
RROL Silos Ubstadt;Silo
RROL Tunnelportal;Tunnel
RROL Ubstadt Schallschutz Gelb Orange5m;Lärmschutz
RROL Ubstadt Schallschutz Grau5m;Lärmschutz
RROL Ubstadt Schallschutz Grau Gelb5m;Lärmschutz
RUW EG1;Empfangsgebäude,DachSchwarz,FassadeGrau
RUW EG2;DachBraun,FassadeWeiss,Mehrfamilienhaus
Tunnel-rund-angleichung l RROL;Fahrleitung
Tunnel-rund-standard k RROL;Fahrleitung
RKT Schallschutz Zigeunergraben;Lärmschutz
RKT Schallschutz Zigeunergraben ab;Lärmschutz
RKT Schallschutz Zigeunergraben auf;Lärmschutz
EG Bauerbach Bf;Empfangsgebäude,FasssadeBeige,DachBraun
EG Flehingen Bf;Empfangsgebäude,FassadeBeige,DachBraun
Gelaender Flehingen Bf;Geländer
Gueterschuppen RFL;Güterschuppen,FassadeBeige,DachBraun
HV73 Kasten;HV73,Schaltschrank
Fernmeldeturm Waghaeusel;Fernmeldeturm,Typenturm,FMT6,FMT
KrBw SFS 1Gl;Kreuzungsbauwerk
KrBw SFS RtB;Kreuzungsbauwerk
RSAB KrBw L560;Kreuzungsbauwerk
RSAB Stw;Stellwerk,FassadeZiegel,DachSchwarz
Bahnsteigschranke;Schranke,Bahnsteigzugang
Fundament Pfeiler 2x 6m;Pfeiler
Gittermast 20kV;Freileitung,Mitttelspannung
Lagerhalle mitWohnen;Industrie,FassadeGrau,DachGrau
Rot-Malsch EG;Empfangsgebäude,FassadeGrau,DachBraun
Rundhalle 1;Halle,Rundhalle,Fassadebraun,DachBraun
Rundhalle 2;Halle,Rundhalle,FassadeGrau,DachGrau
Unterstand;Wartehaus
Wohncontainer;Industrie,DachGrau
Abspannmast 52m 40m 3Tr;Freileitung,Hochspannung
Abspannmast 71m 40m 3Tr;Freileitung,Hochspannung
Abspannmast RW 67m 40m 2Tr;Freileitung,Hochspannung
Abspannmast RW 71m 40m 3Tr;Freileitung,Hochspannung
Abspannmast RW 73m 44m 3Tr;Freileitung,Hochspannung
Abspannmast RW 73m 48m 3Tr;Freileitung,Hochspannung
Bahnsteigdach;Bahnsteigdach
Bahnsteigzugang Wiesloch;Bahnsteigabgang
Betonmast Wiesloch;Fahrleitung,Betonmast
Fahrradunterstand 12m;Fahrrad
Fahrradunterstand 16m;Fahrrad
Fahrradunterstand 20m;Fahrrad
Fahrradunterstand 8m;Fahrrad
Fussgaengerbruecke;Fußgängerbrücke
Gaststaette;Gasthof,FassadeGrau,DachRot
Geldautomat;Sparkasse,Geldautomat
Gueterschuppen;Güterschuppen,FassadeZiegel,DachBraun
HDM 1;Industrie,FassadeGrau,DachWeiss
HDM Unterstand;Garage,Fahrrad
Haus am Stauwehr;Schuppen,FassadeWeiss,DachBraun
Kreuzmast 48m 4Tr;Freileitung,Hochspannung
Mast110kV 39m 24m 3Tr gekreuzt;Freileitung,Hochspannung
Signalausleger n1 n2;Signalbrücke
Signalbruecke N2 N1;Signalbrücke
St Ilgen EG;Empfangsgebäude,FassadeBeige,DachBraun
St Ilgen Whs;Bahnbude,FassadeGrau,DachSchwarz
Stauwehr;Stauwehr
Supermarkt;Supermarkt,Netto,DachBraun
Tragmast 71m 40m 3Tr 380 110;Freileitung,Hochspannung
Tragmast 73m 44m 3Tr;Freileitung,Hochspannung
Tragmast RW 71m 40m 3Tr;Freileitung,Hochspannung
Tragmast RW 71m 40m 3Tr 380 110;Freileitung,Hochspannung
Tragmast RW 73m 44m 3Tr;Freileitung,Hochspannung
Tragmast RW 78m 40m 2Tr;Freileitung,Hochspannung
Unterstand;Wartehaus
Whs Leimbachstr11;Mehrfamilienhaus,FassadeGrau,DachBraun
Whs Leimbachstr13;Zweifamilienhaus,Reihenhaus,FassadeGrau,DachRot
Wiesl REWE;Industrie,FassadeRot,DachGrau
Wiesloch-Walldorf EG;Empfangsgebäude,FassadeGrau,DachGrau
Wiesloch Dach;Dach,Busbahnhof
Wiesloch Gueterschuppen;Güterabfertigung,FassadeZiegel,DachGrau
Wiesloch Westausgang;Bahnsteigzugang
Wohnhaus;Einfamilienhaus,FassadeWeiss,DachRot,DachBraun
Bf Eppingen EG;Empfangsgebäude,FassadeBeige,DachRot
Durchlass Eppingen West 01;Durchlass
Eppingen West Treppe;Treppe
FIS Lumino Eppingen Bf;Zugzielanzeiger
Gueterschuppen REP;Güterschuppen,FassadeBeige,dachGrau,DachSchwarz
Haengesaeule Wagenhalle;Fahrleitung
Laengentafel 120 280;Schild
Laeutetafel STRAB;Schild
Raiffeisen Eppingen Lagerhaus;Raiffeisen,FassadeBeige,DachRot,DachBraun
Raiffeisen Eppingen Siloanlage;Raiffeisen,Silo,FassadeGelb
Stellwerk REP;Stellwerk,FassadeBeige,DachSchwarz
Wagenhalle Eppingen;Lokschuppen,FassadeBeige,DachGrau
Wetterschutz Fahrrad 12er A;Fahrrad,Fahrradständer
Wetterschutz Fahrrad Eppingen;Fahrrad,Fahrradständer
ABetonmast 28m 13m;Freileitung,Mittelspannung
ABetonmast 28m 13m oISO;Freileitung,Mittelspannung
Achtung Zug beids;Schild
Automat Sockel;Fundament
BayWa Lagerhaus Schwaigern;Raiffeisen,DachBraun,FassadeBeige
Betreten der Bahnanlage verboten gelb;Schild
Bnstg Leuchte 1-seitig 4m;Lampe
Bnstg Leuchte 1-seitig 5m;Lampe
Bnstg Leuchte 1-seitig 6m;Lampe
Bnstg Leuchte 2-seitig 4m;Lampe
Bnstg Leuchte 2-seitig 5m;Lampe
Bnstg Leuchte 2-seitig 6m;Lampe
EG Schwaigern Bf;Empfangsgebäude,DachGrau,FassadeZiegel
EG Stetten Bf;Empfangsgebäude,DachBraun,FassadeWeiss,FassadeBeige
EndMast110kV 33m 18m 1Tr A;Freileitung,Hochspannung
EndMast110kV 33m 18m 1Tr B;Freileitung,Hochspannung
EndMast110kV 35m 25m5 2Tr;Freileitung,Hochspannung
Fahrraddach Schwaigern Bf;Fahrrad,Fahrradständer
Feuerwehr Schwaigern alt;Feuerwehr,FassadeBeige,DachGrau
Flaeche133;Weinberg
Flaeche1792;Weinberg
Flaeche6119;Weinberg
Flaeche6125;Weinberg
Flaeche6130;Weinberg
Flaeche6133;Weinberg
Flaeche6141;Weinberg
Flaeche6147;Weinberg
Flaeche6151;Weinberg
Flaeche6155;Weinberg
Flaeche6161;Weinberg
Flaeche6162;Weinberg
Flaeche6166;Weinberg
Flaeche 224;Weinberg
Flaeche 226;Weinberg
Flaeche 229;Weinberg
Flaeche 789;Weinberg
Flaeche 978;Weinberg
Gelaender Aufschuettung L;Geländer
Gelaender Aufschuettung R;Geländer
Gelaender HT 12x7.5m dunkelgrau;Geländer
Gelaender HT 14x7.5m dunkelgrau;Geländer
Gelaender HT 22x7.5m dunkelgrau;Geländer
Gelaender HT 36x7.5m dunkelgrau;Geländer
Gueterschuppen Schwaigern;Güterschuppen,FassadeBeige,DachBraun
Gueterschuppen Stetten;Güterschuppen,FassadeGrün,DachGrau
Pfeiler 01;Pfeiler
Pufferluecken vermeiden;Schild
Schluesselschalter hoch warn;Schlüsselschalter
Schwaigern BayWa Zaun;Zaun
Seitenhalter Keramik 1m40 TSWW;Fahrleitung
Strassenbruecke km131.3;Brücke,Betonbrücke
Strassenleuchte03;Lampe
TBetonmast 28m 13m;Freileitung,Mittelspannung
Traube Kreisel;Kunst,Kunstwerk
Trittstufe;Treppe
Vitalis;Büro,Verwaltung,Altenheim,Pflegeheim,DachGrau,FassadeGrau,FassadeWeiss
Wasserturm;Wasserturm
Wetterschutz Fahrrad 6er A;Fahrrad,Fahrradständer
Wetterschutz einseitig 6er A;Wartehaus
Wetterschutz zweiseitig 5er A;Wartehaus
km Stein-verwittert;Kilometerstein
AVG GSMR;Schild,GSM-R
Anbausatz Isolator 3x2 A;Freileitung
Anbausatz Isolator 3x2 B;Freileitung
BMast 3x2 20kV 12m;Freileitung,Mittelspannung
EG Gemmingen Bf;Empfangsgebäude,FassadeGrau,DachBraun
Gelaender Bf verzinkt;Geländer
Gueterschuppen Gemmingen;Güterschuppen,FassadeBeige,DachGrau
Raiffeisen Lagerhaus;Raiffeisen,Silo,FassadeBeige
Re200 Keramik Bogen Nsp3b RGEM120;Fahrleitung
Treppenabgang;Treppe
Treppenaufgang Sued;Treppe
Wetterschutz einseitig 3er A;Wartehaus
BG Chemie;Büro,Hochhaus,FassadeGrau
BW Wasserturm;Wasserturm,FassadeZiegel,DachRot,DachBraun
Bahnbetriebswerk;Industrie,FassadeZiegel,DachSchwarz
Bahnmeisterei;Industrie,Werkstatt,FassadeBlau,FassadeGrau,DachSchwarz
Betonbruecke eingl stillgelegt 10m;Brücke,Betonbrücke
Betonbruecke einseitig 10m;Brücke,Betonbrücke
Blumenkuebel Beton 8mx2m5;Blumenkübel,Pflanze
Bruecke Steigerweg;Brücke,Steinbrücke
Christuskirche;Kirche
Czernybruecke Pfeiler;Pfeiler
Daecher;Bahnsteigdach
Fallblatt Krone 3Zeilen Gleis 1a;Zugzielanzeiger
Fallblatt Krone 3Zeilen Gleis 1b;Zugzielanzeiger
Gelaender;Geländer
HD EG;Empfangsgebäude,FassadeGrau,DachGrau
Halle Runddach;Industrie
Halter Zielanzeiger;Zugzielanzeiger
Heinsteinwerk;Industrie,FassadeGrau,DachRot
Ibis;Hotel,FassadeWeiss
Koenigstuhltunnel Westportal;Tunnel,Tunnelportal
Mast Zielanzeiger;Zugzielanzeiger
Pfeiler 4fach;Pfeiler
Post;Post,FassadeZiegel,DachSchwarz
Printakademie;Büro,Hochhaus
Rohrbacher UF;Durchlass
Tiefgarage;Parkhaus
Treppe 1m;Treppe
Wasserturm;Wasserturm
Werkstatt;Industrie,FassadeZiegel,DachSchwarz
Werkstatt [uneindeutig];Industrie,Spedition,Güterabfertigung,FassadeGrau,DachGrau
Bahnsteigtreppe;Treppe,Bahnsteigzugang
Buergerbruecke;Brücke,Straßenbrücke,Stahlbrücke
Buergerbruecke Fundament1;Widerlager
Buergerbruecke Fundament2;Widerlager
Buergerbruecke Pfeiler;Pfeiler
Buergerstr 45;Mehrfamilienhaus,FassadeGrau,DachGrau
HD Kirchh Gitterbogenbruecke;Brücke,Stahlbrücke,Stabbogenbrücke,Stahlbogenbrücke
Kirchheim EG;Empfangsgebäude,FassadeBeige,DachBraun
Kirchheim Gueterschuppen;Güterschuppen,FassadeBeige,DachBraun
Mauer KS;Mauer
Odenwaldstr 66-68;Mehrfamilienhaus,FassadeRot,FassadeBeige,DachSchwarz
Sportplatz Aschenbahn;Sport,Sportplatz
Wasserturm;Wasserturm,Kulisse
AlteBruecke;Brücke,Kulisse
Daecher;Bahnsteigdach
Fernmeldeturm;Funkturm,Kulisse,Typenturm,FMTD
Fernsehturm;Funkturm,Kulisse
Heiliggeistkirche;Kirche,Kulisse
Jesuitenkirche;Kirche,Kulisse
Karlstor;Tor
Karlstor EG;Empfangsgebäude,FassadeGrau,DachGrau
Schild Ausgang;Schild
Schleusen;Schleuse
Signal 1;Schleuse,Sichtzeichen,Schifffahrt
Signal 2;Schleuse,Sichtzeichen,Schifffahrt
Signal 3;Schleuse,Sichtzeichen,Schifffahrt
Steg Hausackerweg;Bahnsteigzugang
Stromkasten;Schaltschrank
Treppe 1;Bahnsteigabgang
Treppe 1m5 3m24;Treppe
Treppe 2;Bahnsteigabgang
Treppe 2m 3m24;Treppe
Treppe 4m 3m24;Treppe
Treppe 5m 2m16;Treppe
Treppe Hausackersteg;Treppe
Treppe Hausackerweg;Treppe
Treppe Karlstor;Treppe
Treppe Unterfuehrung;Bahnsteigabgang
Tunnel;Tunnelportal
US-Turm;Funkturm,Kulisse
Umlaufsperre;Umlaufgitter
Valeriesteg;Bahnsteigzugang
Wegunterf;Durchlass
Wehr;Stauwehr
Windschutz 1;Wartehaus
Windschutz 2;Wartehaus
Gitterzaun Neckarbruecke-1fach;Zaun,Drahtmattenzaun
Gitterzaun Neckarbruecke-2fach;Zaun,Drahtmattenzaun
Gitterzaun Neckarbruecke-4fach;Zaun,Drahtmattenzaun
Gitterzaun Neckarbruecke-8fach;Zaun,Drahtmattenzaun
Ladenburg EG;Empfangsgebäude,FassadeZiegel,DachRot
Trainingslager;Fitnessstudio,FassadeGrau,DachSchwarz
Albert Schmidt;Industrie,FassadeZiegel,DachSchwarz
Heddesheim Bundeskegelbahnen;Gasthaus,FassadeWeiss,DachSchwarz
Heddesheim Edeka;Industrie
Heddesheim Scheune;Bauernhof,Scheune,FassadeZiegel,DachBraun
Heddesheim pfenning;Industrie,FassadeGrau,DachGrau
Freudenberg;Industrie,FassadeZiegel,DachRot
Stuetze;Pfeiler
Viscofan;Industrie,FassadeGrau,DachSchwarz
Weinheim EG;Empfangsgebäude,FassadeGrau,DachGrau
Weinheim Industriepark;Industrie,FassadeBeige,FassadeZiegel,DachGrau
Weinheim Parkhaus;Parkhaus,FassadeWeiss
Weinheim Schild Ausgang links;Schild,CDC
Weinheim Schild Ausgang rechts;Schild,CDC
Weinheim Stellwerk;Stellwerk,FassadeZiegel,DachSchwarz
Hemsbach EG;Empfangsgebäude,FassadeBeige,DachRot
Laudenbach EG;Empfangsgebäude,FassadeZiegel,FassadeBeige,DachSchwarz
Schild A63;Schild,Zugfunk
Heppenheim EG;Empfangsgebäude,FassadeBeige,DachSchwarz
Mastschutz;Fahrleitung,Anprallschutz
EG Bensheim;Empfangsgebäude,FassadeBeige,DachSchwarz
ESTW Bensheim;Stellwerk,ESTW-A,FassadeGrau,DachGrau
ESV Bensheim;Stellwerk,FassadeBruchstein,DachGrau
Fahrradparkhaus Bensheim;Fahrrad,Fahrradständer
Orientierungszeichen 190m;Signal
Bickenbach EG;Empfangsgebäude,FassadeBeige,DachSchwarz
Bickenbach Stellwerk;Stellwerk,FassadeBeige,DachGrau
Haehnlein-Alsbach Gebaeude;Empfangsgebäude,FassadeBruchstein,DachSchwarz
Putzwollfabrik;Industrie,FassadeWeiss,DachGrau
Stuetze;Pfeiler
Zwingenberg EG;Empfangsgebäude,FassadeBeige,DachBraun
Darmstadt Sued EG;Empfangsgebäude,FassadeGrau,DachBraun
Ne14 verdeckt;Signal
Pogeez Stw Pof;Stellwerk,FassadeZiegel,DachGrau
dummy1;Haus
RailwayObjects;Eisenbahn
Catenary;Fahrleitung, Oberleitung
Terrain;Landschaft